[autonomous_smoke] Headless smoke mode is active. Live dashboard updates are disabled (visualization.enabled=False, game.headless=True).
[autonomous_smoke] This mode is expected to finish quickly after the requested turn budget. Run `python main.py` if you want the live dashboard, stream, and model status.
[autonomous_smoke] checkpoint='checkpoint_195913', turns=120, llm_primary=True, pure_llm=False, research_mode=False, ai_full_control=True, reset_context=True, ai_timeout=25, same_turn_budget=30, decision_max_tokens=384, action_plan_max_actions=3
[32m14:15:16 - Main - INFO[0m - ==================================================[0m
[32m14:15:16 - Main - INFO[0m - MILESTONE: 宝可梦AI智能体启动中[0m
[32m14:15:16 - Main - INFO[0m - ==================================================[0m
[32m14:15:16 - Main - INFO[0m - 正在初始化模拟器...[0m
[32m14:15:16 - Emulator - INFO[0m - Initializing emulator with ROM: PokemonRed.gb[0m
[32m14:15:16 - Emulator - INFO[0m - Emulator initialized successfully[0m
[32m14:15:16 - MemoryReader - INFO[0m - Memory reader initialized[0m
[32m14:15:16 - Main - INFO[0m - 模拟器初始化完成[0m
[32m14:15:16 - Main - INFO[0m - 正在初始化状态系统...[0m
[32m14:15:16 - Vision - INFO[0m - 增强视觉处理器已初始化[0m
[32m14:15:16 - MapMemory - INFO[0m - Loaded map memory: 5 maps explored[0m
[32m14:15:16 - MapMemory - INFO[0m - Map memory initialized[0m
[32m14:15:16 - Main - INFO[0m - 状态系统初始化完成[0m
[32m14:15:16 - Main - INFO[0m - 正在初始化AI智能体...[0m
[32m14:15:16 - MainAgent - INFO[0m - Using AI endpoint: https://api.ququ233.com/v1[0m
[32m14:15:16 - ContextManager - INFO[0m - Context manager initialized (max_turns=80, keep_recent=12)[0m
[32m14:15:16 - Summarizer - INFO[0m - Using AI endpoint: https://api.ququ233.com/v1[0m
[32m14:15:16 - Summarizer - INFO[0m - Summarizer initialized[0m
[32m14:15:16 - GoalManager - INFO[0m - Goal manager initialized[0m
[32m14:15:16 - GoalManager - INFO[0m - ==================================================[0m
[32m14:15:16 - GoalManager - INFO[0m - MILESTONE: LONG-TERM MISSION: 通过击败四天王并成为冠军来完成宝可梦红版[0m
[32m14:15:16 - GoalManager - INFO[0m - ==================================================[0m
[32m14:15:16 - MainAgent - INFO[0m - Main agent initialized[0m
[32m14:15:16 - Pathfinder - INFO[0m - Using AI endpoint: https://api.ququ233.com/v1[0m
[32m14:15:16 - Pathfinder - INFO[0m - Pathfinder agent initialized[0m
[32m14:15:16 - PuzzleSolver - INFO[0m - Using AI endpoint: https://api.ququ233.com/v1[0m
[32m14:15:16 - PuzzleSolver - INFO[0m - Puzzle solver agent initialized[0m
[32m14:15:16 - Critic - INFO[0m - Using AI endpoint: https://api.ququ233.com/v1[0m
[32m14:15:16 - Critic - INFO[0m - Critic agent initialized[0m
[32m14:15:16 - Main - INFO[0m - AI智能体初始化完成[0m
[32m14:15:16 - Main - INFO[0m - 正在初始化工具...[0m
[32m14:15:16 - ActionExecutor - INFO[0m - Action executor initialized[0m
[32m14:15:16 - ProgressTracker - INFO[0m - Progress tracker initialized[0m
[32m14:15:16 - Visualizer - INFO[0m - Visualizer initialized on port 5000[0m
[32m14:15:16 - Main - INFO[0m - 工具初始化完成[0m
[32m14:15:16 - Main - INFO[0m - 宝可梦AI智能体初始化成功[0m
[32m14:15:16 - Main - INFO[0m - 正在从 data\checkpoints\checkpoint_195913 读取存档[0m
[32m14:15:16 - Emulator - INFO[0m - Loading state from: data\checkpoints\checkpoint_195913\emulator.state[0m
[32m14:15:17 - ContextManager - INFO[0m - Loaded context from data\checkpoints\checkpoint_195913/context.json (0 summaries, 88 recent turns)[0m
[32m14:15:17 - GoalManager - INFO[0m - Loaded goals from data\checkpoints\checkpoint_195913/goals.json[0m
[32m14:15:17 - MainAgent - INFO[0m - Loaded agent state from data\checkpoints\checkpoint_195913[0m
[32m14:15:17 - MapMemory - INFO[0m - Loaded map memory: 5 maps explored[0m
[32m14:15:17 - ProgressTracker - INFO[0m - Loaded progress from data\checkpoints\checkpoint_195913\progress.json[0m
[32m14:15:17 - Main - INFO[0m - ==================================================[0m
[32m14:15:17 - Main - INFO[0m - MILESTONE: 已恢复存档 checkpoint_195913[0m
[32m14:15:17 - Main - INFO[0m - ==================================================[0m
[32m14:15:17 - ContextManager - INFO[0m - Cleared all context[0m
[32m14:15:17 - Main - INFO[0m - ==================================================[0m
[32m14:15:17 - Main - INFO[0m - MILESTONE: 开始游戏[0m
[32m14:15:17 - Main - INFO[0m - ==================================================[0m
[32m14:15:26 - MainAgent - INFO[0m - DECISION: down | Reasoning: The screenshot shows Professor Oak's lab with the player free to move and the next required progress is to leave after receiving Charmander.[0m
[32m14:15:26 - ActionExecutor - INFO[0m - ACTION: down[0m
[32m14:15:41 - MainAgent - INFO[0m - DECISION: down | Reasoning: The screenshot shows Oak's lab with the player standing just above the bottom exit area and no dialogue open, so the next concrete progress is to step toward leaving the lab.[0m
[32m14:15:41 - ActionExecutor - INFO[0m - ACTION: down[0m
[31m14:15:47 - MainAgent - ERROR[0m - Failed to get AI decision: AI request failed: ('Connection aborted.', ConnectionResetError(10054, '远程主机强迫关闭了一个现有的连接。', None, 10054, None))[0m
[33m14:15:47 - Main - WARNING[0m - Retrying same-turn AI decision (ai_error) on agent turn 195916 in 1.0s [attempt 1/8][0m
[32m14:15:55 - MainAgent - INFO[0m - DECISION: left | Reasoning: The screenshot shows the player standing above the lab’s bottom doorway with no dialogue open, and the exit appears to be reached by moving left onto the center opening before going down.[0m
[32m14:15:55 - ActionExecutor - INFO[0m - ACTION: left[0m
[32m14:15:55 - ActionExecutor - INFO[0m - ACTION: down[0m
[32m14:16:03 - MainAgent - INFO[0m - DECISION: down | Reasoning: The player is standing one tile above the lab’s bottom doorway and the exit should be directly below, so the next concrete step is to try the doorway again.[0m
[32m14:16:03 - ActionExecutor - INFO[0m - ACTION: down[0m
[32m14:16:04 - ActionExecutor - INFO[0m - ACTION: down[0m
[32m14:16:04 - Main - INFO[0m - 
=== GAME STATE (Turn 195920) ===

POSITION:
- Map ID: 0
- Coordinates: (12, 11)
- Facing: down
- Harness UI Classification: overworld
- External UI Hint: unknown
- Harness Local Vision: disabled

BADGES: 0/8
  [ ] Boulder Badge
  [ ] Cascade Badge
  [ ] Thunder Badge
  [ ] Rainbow Badge
  [ ] Soul Badge
  [ ] Marsh Badge
  [ ] Volcano Badge
  [ ] Earth Badge

MONEY: $3175
ITEMS IN BAG: 0

PARTY: 1 Pokemon
  1. Charmander Lv.6 - HP: 21/21 (100%)
     Moves: [PP:35] [PP:40] 

UI FLAGS:
  Text box active (RAM): False
  Menu active (RAM): False

PERCEPTION SUMMARY:
  Harness note: Harness-side pixel heuristics are disabled. The raw screenshot is still attached separately for model vision.

STATE DELTAS (memory-based):
  Position changed: False
  Money delta: 0
  Battle toggled: False
  Movement stall turns: 1
  Stuck hint: slight stall

MOVEMENT PATTERN:
  Recent same-map positions tracked: 2
  Unique recent tiles: 1
  Recent movement box: 1x1
  Current tile repeats in window: 2
  Loop warning: none

EXPLORATION:
  Current Map Explored: 30.5%
  Tiles Explored: 61/200
  Nearby Unexplored Tiles: 10
    - (11, 11)
    - (12, 10)
    - (13, 11)
    - (10, 11)
    - (11, 10)

NAVIGATION MEMORY:
  Current Tile Visits: 2
  Known exits from current tile: none yet
  Known blocked directions from current tile: none
  Immediate movement preference: up=frontier, left=frontier, right=frontier
  Immediate movement cautions: down=warp
  Adjacent Tile Occupancy: known_exit=previously succeeded, frontier=unexplored adjacent tile, confirmed_blocked=failed 2+ times, blocked_once=failed once, adjacent_explored=neighbor explored but this step unconfirmed, unknown=no reliable memory yet
    - up: status=frontier target=(12, 10)
    - down: status=adjacent_explored target=(12, 12) visits=1 warp_tile
    - left: status=frontier target=(11, 11)
    - right: status=frontier target=(13, 11)
  Reachable frontier tiles on this map: 55
  Suggested frontier target: (12, 11)
  Suggested route to frontier: already there
  Unknown directions from frontier: up, left, right
  Frontier novelty: high; local revisit pressure 5; global novelty distance 10; priority score 27.25
  Top Frontier Alternatives:
    - (12, 11) novelty=high pressure=5 distance=0 unknown=up, left, right
    - (9, 11) novelty=high pressure=8 distance=3 unknown=up, down, right
    - (12, 12) novelty=high pressure=8 distance=1 unknown=down, right
  Warp caution: down reaches known warp tile (12, 12) -> map 40 (12, 11); do not step on it unless you intentionally want to change maps.
  Local Map Window:
    F????????
    FF???????
    F????????
    F????????
    FF??P????
    F?FFW????
    F????????
    FFF??????
    ??F??????
  Explored Map Snapshot:
    Legend: P=player .=explored F=frontier #=confirmed-wall W=warp ?=unknown
    Bounds: x=-2..14 y=-3..19 size=17x23 explored=61 frontier=55 blocked=10 warps=2
    ?????????????????
    ?????????????????
    ??#??????????????
    ?????????????????
    ???#???????#FF???
    ??#.FFFFFFF..F???
    ???FF????#.FFF???
    ???FF?????F??????
    ???FF??F??F?F#???
    ???F.FFW??F?F????
    ???F.F?F??F??????
    ???FFFFF??FF?????
    ???????#??F??????
    ??????????F??????
    ??????????FF??P??
    ??????????F?FFW??
    ??????????F?#????
    ??????????FFF????

==================================================
[0m
[32m14:16:04 - ActionExecutor - INFO[0m - ACTION: wait[0m
[32m14:16:04 - ActionExecutor - INFO[0m - ACTION: left[0m
[32m14:16:04 - ActionExecutor - INFO[0m - ACTION: down[0m
[32m14:16:04 - ActionExecutor - INFO[0m - ACTION: down[0m
[32m14:16:04 - ActionExecutor - INFO[0m - ACTION: left[0m
[31m14:16:09 - MainAgent - ERROR[0m - Failed to get AI decision: AI request failed: ('Connection aborted.', ConnectionResetError(10054, '远程主机强迫关闭了一个现有的连接。', None, 10054, None))[0m
[33m14:16:09 - Main - WARNING[0m - Retrying same-turn AI decision (ai_error) on agent turn 195925 in 1.0s [attempt 1/8][0m
[31m14:16:15 - MainAgent - ERROR[0m - Failed to get AI decision: AI request failed: ('Connection aborted.', ConnectionResetError(10054, '远程主机强迫关闭了一个现有的连接。', None, 10054, None))[0m
[33m14:16:15 - Main - WARNING[0m - Retrying same-turn AI decision (ai_error) on agent turn 195925 in 2.0s [attempt 2/8][0m
[31m14:16:22 - MainAgent - ERROR[0m - Failed to get AI decision: AI request failed: HTTPSConnectionPool(host='api.ququ233.com', port=443): Max retries exceeded with url: /v1/chat/completions (Caused by SSLError(SSLEOFError(8, '[SSL: UNEXPECTED_EOF_WHILE_READING] EOF occurred in violation of protocol (_ssl.c:1028)')))[0m
[32m14:16:22 - ActionExecutor - INFO[0m - ACTION: right[0m
[32m14:16:23 - Main - INFO[0m - Temporarily avoiding move left from (0, 11, 12) after an immediate trigger-tile retreat loop[0m
[32m14:16:23 - Main - INFO[0m - Temporarily avoiding frontier tile (0, 11, 12) after an immediate trigger-tile retreat loop[0m
[32m14:16:23 - Main - INFO[0m - Temporarily avoiding frontier tile (0, 10, 12) after an immediate trigger-tile retreat loop[0m
[32m14:16:23 - ActionExecutor - INFO[0m - ACTION: right[0m
[32m14:16:23 - ActionExecutor - INFO[0m - ACTION: left[0m
[32m14:16:23 - Main - INFO[0m - Temporarily avoiding move right from (0, 11, 12) after an immediate trigger-tile retreat loop[0m
[32m14:16:23 - Main - INFO[0m - Temporarily avoiding frontier tile (0, 11, 12) after an immediate trigger-tile retreat loop[0m
[32m14:16:23 - Main - INFO[0m - Temporarily avoiding frontier tile (0, 12, 12) after an immediate trigger-tile retreat loop[0m
[32m14:16:23 - ActionExecutor - INFO[0m - ACTION: up[0m
[32m14:16:23 - ActionExecutor - INFO[0m - ACTION: up[0m
[32m14:16:23 - Main - INFO[0m - 
=== GAME STATE (Turn 195930) ===

POSITION:
- Map ID: 0
- Coordinates: (11, 12)
- Facing: up
- Harness UI Classification: overworld
- External UI Hint: overworld
- Harness Local Vision: disabled

BADGES: 0/8
  [ ] Boulder Badge
  [ ] Cascade Badge
  [ ] Thunder Badge
  [ ] Rainbow Badge
  [ ] Soul Badge
  [ ] Marsh Badge
  [ ] Volcano Badge
  [ ] Earth Badge

MONEY: $3175
ITEMS IN BAG: 0

PARTY: 1 Pokemon
  1. Charmander Lv.6 - HP: 21/21 (100%)
     Moves: [PP:35] [PP:40] 

UI FLAGS:
  Text box active (RAM): False
  Menu active (RAM): False

PERCEPTION SUMMARY:
  Harness note: Harness-side pixel heuristics are disabled. The raw screenshot is still attached separately for model vision.

STATE DELTAS (memory-based):
  Position changed: False
  Money delta: 0
  Battle toggled: False
  Movement stall turns: 1
  Stuck hint: slight stall

MOVEMENT PATTERN:
  Recent same-map positions tracked: 10
  Unique recent tiles: 3
  Recent movement box: 3x1
  Current tile repeats in window: 7
  Loop warning: none

EXPLORATION:
  Current Map Explored: 30.5%
  Tiles Explored: 61/200
  Nearby Unexplored Tiles: 10
    - (11, 11)
    - (11, 13)
    - (9, 12)
    - (10, 11)
    - (10, 13)

NAVIGATION MEMORY:
  Current Tile Visits: 8
  Known exit right: (12, 12)
  Known exit left: (10, 12)
  Known blocked directions from current tile: down, left, right
  Immediate movement preference: up=frontier, left=known_exit
  Immediate movement cautions: down=confirmed_blocked, right=warp
  Adjacent Tile Occupancy: known_exit=previously succeeded, frontier=unexplored adjacent tile, confirmed_blocked=failed 2+ times, blocked_once=failed once, adjacent_explored=neighbor explored but this step unconfirmed, unknown=no reliable memory yet
    - up: status=frontier target=(11, 11)
    - down: status=confirmed_blocked target=(11, 13) blocked_attempts=2
    - left: status=known_exit target=(10, 12) blocked_attempts=2 visits=2
    - right: status=known_exit target=(12, 12) blocked_attempts=2 visits=3 warp_tile
  Reachable frontier tiles on this map: 55
  Suggested frontier target: (12, 12)
  Suggested route to frontier: right
  Unknown directions from frontier: down, right
  Frontier novelty: medium; local revisit pressure 18; global novelty distance 11; priority score 0.4
  Top Frontier Alternatives:
    - (10, 15) novelty=high pressure=10 distance=4 unknown=left, right
    - (10, 16) novelty=high pressure=9 distance=5 unknown=left, right
    - (9, 8) novelty=high pressure=7 distance=6 unknown=up, down, right
  Warp caution: right reaches known warp tile (12, 12) -> map 40 (12, 11); do not step on it unless you intentionally want to change maps.
  Frontier caution: Current tile is a weaker local frontier (score -31.5, pressure 20, visits 8). A stronger frontier at (10, 15) scores 19.1; prefer left instead of probing every adjacent unknown here.
  Local Map Window:
    ?FF??????
    ?F???????
    ?F???????
    ?FF??F???
    ?F?FPW???
    ?F???????
    ?FFF?????
    ???F?????
    ???F?????
  Explored Map Snapshot:
    Legend: P=player .=explored F=frontier #=confirmed-wall W=warp ?=unknown
    Bounds: x=-2..14 y=-3..19 size=17x23 explored=61 frontier=55 blocked=11 warps=2
    ?????????????????
    ?????????????????
    ??#??????????????
    ?????????????????
    ???#???????#FF???
    ??#.FFFFFFF..F???
    ???FF????#.FFF???
    ???FF?????F??????
    ???FF??F??F?F#???
    ???F.FFW??F?F????
    ???F.F?F??F??????
    ???FFFFF??FF?????
    ???????#??F??????
    ??????????F??????
    ??????????FF??F??
    ??????????F?FPW??
    ??????????F?##???
    ??????????FFF????

==================================================
[0m
[32m14:16:23 - ActionExecutor - INFO[0m - ACTION: up[0m
[32m14:16:23 - ActionExecutor - INFO[0m - ACTION: a[0m
[32m14:16:23 - ActionExecutor - INFO[0m - ACTION: a[0m
[32m14:16:24 - ActionExecutor - INFO[0m - ACTION: a[0m
[32m14:16:24 - ActionExecutor - INFO[0m - ACTION: a[0m
[32m14:16:24 - ActionExecutor - INFO[0m - ACTION: b[0m
[32m14:16:24 - ActionExecutor - INFO[0m - ACTION: a[0m
[32m14:16:24 - ActionExecutor - INFO[0m - ACTION: a[0m
[32m14:16:24 - ActionExecutor - INFO[0m - ACTION: a[0m
[32m14:16:24 - ActionExecutor - INFO[0m - ACTION: a[0m
[32m14:16:24 - Main - INFO[0m - 
=== GAME STATE (Turn 195940) ===

POSITION:
- Map ID: 0
- Coordinates: (11, 12)
- Facing: up
- Harness UI Classification: overworld
- External UI Hint: unknown
- Harness Local Vision: disabled

BADGES: 0/8
  [ ] Boulder Badge
  [ ] Cascade Badge
  [ ] Thunder Badge
  [ ] Rainbow Badge
  [ ] Soul Badge
  [ ] Marsh Badge
  [ ] Volcano Badge
  [ ] Earth Badge

MONEY: $3175
ITEMS IN BAG: 0

PARTY: 1 Pokemon
  1. Charmander Lv.6 - HP: 21/21 (100%)
     Moves: [PP:35] [PP:40] 

UI FLAGS:
  Text box active (RAM): False
  Menu active (RAM): False

PERCEPTION SUMMARY:
  Harness note: Harness-side pixel heuristics are disabled. The raw screenshot is still attached separately for model vision.

STATE DELTAS (memory-based):
  Position changed: False
  Money delta: 0
  Battle toggled: False
  Movement stall turns: 1
  Stuck hint: slight stall

MOVEMENT PATTERN:
  Recent same-map positions tracked: 10
  Unique recent tiles: 1
  Recent movement box: 1x1
  Current tile repeats in window: 10
  Loop warning: high - last 10 same-map positions stayed within a 1x1 box covering only 1 tiles

EXPLORATION:
  Current Map Explored: 30.5%
  Tiles Explored: 61/200
  Nearby Unexplored Tiles: 10
    - (11, 11)
    - (11, 13)
    - (9, 12)
    - (10, 11)
    - (10, 13)

NAVIGATION MEMORY:
  Current Tile Visits: 18
  Known exit right: (12, 12)
  Known exit left: (10, 12)
  Known blocked directions from current tile: down, left, right, up
  Immediate movement preference: left=known_exit
  Immediate movement cautions: up=confirmed_blocked, down=confirmed_blocked, right=warp
  Adjacent Tile Occupancy: known_exit=previously succeeded, frontier=unexplored adjacent tile, confirmed_blocked=failed 2+ times, blocked_once=failed once, adjacent_explored=neighbor explored but this step unconfirmed, unknown=no reliable memory yet
    - up: status=confirmed_blocked target=(11, 11) blocked_attempts=2
    - down: status=confirmed_blocked target=(11, 13) blocked_attempts=2
    - left: status=known_exit target=(10, 12) blocked_attempts=2 visits=2
    - right: status=known_exit target=(12, 12) blocked_attempts=2 visits=3 warp_tile
  Reachable frontier tiles on this map: 54
  Suggested frontier target: (12, 12)
  Suggested route to frontier: right
  Unknown directions from frontier: down, right
  Frontier novelty: low; local revisit pressure 28; global novelty distance 11; priority score -12.1
  Top Frontier Alternatives:
    - (10, 15) novelty=high pressure=10 distance=4 unknown=left, right
    - (10, 16) novelty=high pressure=9 distance=5 unknown=left, right
    - (9, 8) novelty=high pressure=7 distance=6 unknown=up, down, right
  Warp caution: right reaches known warp tile (12, 12) -> map 40 (12, 11); do not step on it unless you intentionally want to change maps.
  Local Map Window:
    ?FF??????
    ?F???????
    ?F???????
    ?FF??F???
    ?F?FPW???
    ?F???????
    ?FFF?????
    ???F?????
    ???F?????
  Explored Map Snapshot:
    Legend: P=player .=explored F=frontier #=confirmed-wall W=warp ?=unknown
    Bounds: x=-2..14 y=-3..19 size=17x23 explored=61 frontier=54 blocked=12 warps=2
    ?????????????????
    ?????????????????
    ??#??????????????
    ?????????????????
    ???#???????#FF???
    ??#.FFFFFFF..F???
    ???FF????#.FFF???
    ???FF?????F??????
    ???FF??F??F?F#???
    ???F.FFW??F?F????
    ???F.F?F??F??????
    ???FFFFF??FF?????
    ???????#??F??????
    ??????????F??????
    ??????????FF?#F??
    ??????????F?FPW??
    ??????????F?##???
    ??????????FFF????

==================================================
[0m
[32m14:16:24 - ActionExecutor - INFO[0m - ACTION: b[0m
[32m14:16:25 - ActionExecutor - INFO[0m - ACTION: a[0m
[32m14:16:25 - ActionExecutor - INFO[0m - ACTION: a[0m
[32m14:16:25 - ActionExecutor - INFO[0m - ACTION: a[0m
[32m14:16:25 - ActionExecutor - INFO[0m - ACTION: a[0m
[32m14:16:25 - ActionExecutor - INFO[0m - ACTION: b[0m
[32m14:16:25 - ActionExecutor - INFO[0m - ACTION: a[0m
[32m14:16:25 - ActionExecutor - INFO[0m - ACTION: a[0m
[32m14:16:26 - ActionExecutor - INFO[0m - ACTION: a[0m
[32m14:16:26 - ActionExecutor - INFO[0m - ACTION: a[0m
[32m14:16:26 - Main - INFO[0m - 
=== GAME STATE (Turn 195950) ===

POSITION:
- Map ID: 0
- Coordinates: (11, 12)
- Facing: up
- Harness UI Classification: overworld
- External UI Hint: unknown
- Harness Local Vision: disabled

BADGES: 0/8
  [ ] Boulder Badge
  [ ] Cascade Badge
  [ ] Thunder Badge
  [ ] Rainbow Badge
  [ ] Soul Badge
  [ ] Marsh Badge
  [ ] Volcano Badge
  [ ] Earth Badge

MONEY: $3175
ITEMS IN BAG: 0

PARTY: 1 Pokemon
  1. Charmander Lv.6 - HP: 21/21 (100%)
     Moves: [PP:35] [PP:40] 

UI FLAGS:
  Text box active (RAM): False
  Menu active (RAM): False

PERCEPTION SUMMARY:
  Harness note: Harness-side pixel heuristics are disabled. The raw screenshot is still attached separately for model vision.

STATE DELTAS (memory-based):
  Position changed: False
  Money delta: 0
  Battle toggled: False
  Movement stall turns: 1
  Stuck hint: slight stall

MOVEMENT PATTERN:
  Recent same-map positions tracked: 10
  Unique recent tiles: 1
  Recent movement box: 1x1
  Current tile repeats in window: 10
  Loop warning: high - last 10 same-map positions stayed within a 1x1 box covering only 1 tiles

EXPLORATION:
  Current Map Explored: 30.5%
  Tiles Explored: 61/200
  Nearby Unexplored Tiles: 10
    - (11, 11)
    - (11, 13)
    - (9, 12)
    - (10, 11)
    - (10, 13)

NAVIGATION MEMORY:
  Current Tile Visits: 28
  Known exit right: (12, 12)
  Known exit left: (10, 12)
  Known blocked directions from current tile: down, left, right, up
  Immediate movement preference: left=known_exit
  Immediate movement cautions: up=confirmed_blocked, down=confirmed_blocked, right=warp
  Adjacent Tile Occupancy: known_exit=previously succeeded, frontier=unexplored adjacent tile, confirmed_blocked=failed 2+ times, blocked_once=failed once, adjacent_explored=neighbor explored but this step unconfirmed, unknown=no reliable memory yet
    - up: status=confirmed_blocked target=(11, 11) blocked_attempts=2
    - down: status=confirmed_blocked target=(11, 13) blocked_attempts=2
    - left: status=known_exit target=(10, 12) blocked_attempts=2 visits=2
    - right: status=known_exit target=(12, 12) blocked_attempts=2 visits=3 warp_tile
  Reachable frontier tiles on this map: 54
  Suggested frontier target: (12, 12)
  Suggested route to frontier: right
  Unknown directions from frontier: down, right
  Frontier novelty: low; local revisit pressure 38; global novelty distance 11; priority score -24.6
  Top Frontier Alternatives:
    - (10, 15) novelty=high pressure=10 distance=4 unknown=left, right
    - (10, 16) novelty=high pressure=9 distance=5 unknown=left, right
    - (9, 8) novelty=high pressure=7 distance=6 unknown=up, down, right
  Warp caution: right reaches known warp tile (12, 12) -> map 40 (12, 11); do not step on it unless you intentionally want to change maps.
  Local Map Window:
    ?FF??????
    ?F???????
    ?F???????
    ?FF??F???
    ?F?FPW???
    ?F???????
    ?FFF?????
    ???F?????
    ???F?????
  Explored Map Snapshot:
    Legend: P=player .=explored F=frontier #=confirmed-wall W=warp ?=unknown
    Bounds: x=-2..14 y=-3..19 size=17x23 explored=61 frontier=54 blocked=12 warps=2
    ?????????????????
    ?????????????????
    ??#??????????????
    ?????????????????
    ???#???????#FF???
    ??#.FFFFFFF..F???
    ???FF????#.FFF???
    ???FF?????F??????
    ???FF??F??F?F#???
    ???F.FFW??F?F????
    ???F.F?F??F??????
    ???FFFFF??FF?????
    ???????#??F??????
    ??????????F??????
    ??????????FF?#F??
    ??????????F?FPW??
    ??????????F?##???
    ??????????FFF????

==================================================
[0m
[32m14:16:26 - ActionExecutor - INFO[0m - ACTION: b[0m
[32m14:16:26 - ActionExecutor - INFO[0m - ACTION: a[0m
[32m14:16:26 - ActionExecutor - INFO[0m - ACTION: a[0m
[32m14:16:26 - ActionExecutor - INFO[0m - ACTION: a[0m
[32m14:16:26 - ActionExecutor - INFO[0m - ACTION: a[0m
[32m14:16:26 - ActionExecutor - INFO[0m - ACTION: b[0m
[32m14:16:27 - ActionExecutor - INFO[0m - ACTION: a[0m
[32m14:16:27 - ActionExecutor - INFO[0m - ACTION: a[0m
[32m14:16:27 - ActionExecutor - INFO[0m - ACTION: a[0m
[32m14:16:27 - ActionExecutor - INFO[0m - ACTION: a[0m
[32m14:16:27 - Main - INFO[0m - 
=== GAME STATE (Turn 195960) ===

POSITION:
- Map ID: 0
- Coordinates: (11, 12)
- Facing: up
- Harness UI Classification: overworld
- External UI Hint: unknown
- Harness Local Vision: disabled

BADGES: 0/8
  [ ] Boulder Badge
  [ ] Cascade Badge
  [ ] Thunder Badge
  [ ] Rainbow Badge
  [ ] Soul Badge
  [ ] Marsh Badge
  [ ] Volcano Badge
  [ ] Earth Badge

MONEY: $3175
ITEMS IN BAG: 0

PARTY: 1 Pokemon
  1. Charmander Lv.6 - HP: 21/21 (100%)
     Moves: [PP:35] [PP:40] 

UI FLAGS:
  Text box active (RAM): False
  Menu active (RAM): False

PERCEPTION SUMMARY:
  Harness note: Harness-side pixel heuristics are disabled. The raw screenshot is still attached separately for model vision.

STATE DELTAS (memory-based):
  Position changed: False
  Money delta: 0
  Battle toggled: False
  Movement stall turns: 1
  Stuck hint: slight stall

MOVEMENT PATTERN:
  Recent same-map positions tracked: 10
  Unique recent tiles: 1
  Recent movement box: 1x1
  Current tile repeats in window: 10
  Loop warning: high - last 10 same-map positions stayed within a 1x1 box covering only 1 tiles

EXPLORATION:
  Current Map Explored: 30.5%
  Tiles Explored: 61/200
  Nearby Unexplored Tiles: 10
    - (11, 11)
    - (11, 13)
    - (9, 12)
    - (10, 11)
    - (10, 13)

NAVIGATION MEMORY:
  Current Tile Visits: 38
  Known exit right: (12, 12)
  Known exit left: (10, 12)
  Known blocked directions from current tile: down, left, right, up
  Immediate movement preference: left=known_exit
  Immediate movement cautions: up=confirmed_blocked, down=confirmed_blocked, right=warp
  Adjacent Tile Occupancy: known_exit=previously succeeded, frontier=unexplored adjacent tile, confirmed_blocked=failed 2+ times, blocked_once=failed once, adjacent_explored=neighbor explored but this step unconfirmed, unknown=no reliable memory yet
    - up: status=confirmed_blocked target=(11, 11) blocked_attempts=2
    - down: status=confirmed_blocked target=(11, 13) blocked_attempts=2
    - left: status=known_exit target=(10, 12) blocked_attempts=2 visits=2
    - right: status=known_exit target=(12, 12) blocked_attempts=2 visits=3 warp_tile
  Reachable frontier tiles on this map: 54
  Suggested frontier target: (12, 12)
  Suggested route to frontier: right
  Unknown directions from frontier: down, right
  Frontier novelty: low; local revisit pressure 48; global novelty distance 11; priority score -37.1
  Top Frontier Alternatives:
    - (10, 15) novelty=high pressure=10 distance=4 unknown=left, right
    - (10, 16) novelty=high pressure=9 distance=5 unknown=left, right
    - (9, 8) novelty=high pressure=7 distance=6 unknown=up, down, right
  Warp caution: right reaches known warp tile (12, 12) -> map 40 (12, 11); do not step on it unless you intentionally want to change maps.
  Local Map Window:
    ?FF??????
    ?F???????
    ?F???????
    ?FF??F???
    ?F?FPW???
    ?F???????
    ?FFF?????
    ???F?????
    ???F?????
  Explored Map Snapshot:
    Legend: P=player .=explored F=frontier #=confirmed-wall W=warp ?=unknown
    Bounds: x=-2..14 y=-3..19 size=17x23 explored=61 frontier=54 blocked=12 warps=2
    ?????????????????
    ?????????????????
    ??#??????????????
    ?????????????????
    ???#???????#FF???
    ??#.FFFFFFF..F???
    ???FF????#.FFF???
    ???FF?????F??????
    ???FF??F??F?F#???
    ???F.FFW??F?F????
    ???F.F?F??F??????
    ???FFFFF??FF?????
    ???????#??F??????
    ??????????F??????
    ??????????FF?#F??
    ??????????F?FPW??
    ??????????F?##???
    ??????????FFF????

==================================================
[0m
[32m14:16:27 - ActionExecutor - INFO[0m - ACTION: b[0m
[32m14:16:27 - ActionExecutor - INFO[0m - ACTION: a[0m
[32m14:16:27 - ActionExecutor - INFO[0m - ACTION: a[0m
[32m14:16:27 - ActionExecutor - INFO[0m - ACTION: a[0m
[32m14:16:28 - ActionExecutor - INFO[0m - ACTION: a[0m
[32m14:16:28 - ActionExecutor - INFO[0m - ACTION: b[0m
[32m14:16:28 - ActionExecutor - INFO[0m - ACTION: a[0m
[32m14:16:28 - ActionExecutor - INFO[0m - ACTION: a[0m
[32m14:16:28 - ActionExecutor - INFO[0m - ACTION: a[0m
[32m14:16:28 - ActionExecutor - INFO[0m - ACTION: a[0m
[32m14:16:28 - Main - INFO[0m - 
=== GAME STATE (Turn 195970) ===

POSITION:
- Map ID: 0
- Coordinates: (11, 12)
- Facing: up
- Harness UI Classification: overworld
- External UI Hint: unknown
- Harness Local Vision: disabled

BADGES: 0/8
  [ ] Boulder Badge
  [ ] Cascade Badge
  [ ] Thunder Badge
  [ ] Rainbow Badge
  [ ] Soul Badge
  [ ] Marsh Badge
  [ ] Volcano Badge
  [ ] Earth Badge

MONEY: $3175
ITEMS IN BAG: 0

PARTY: 1 Pokemon
  1. Charmander Lv.6 - HP: 21/21 (100%)
     Moves: [PP:35] [PP:40] 

UI FLAGS:
  Text box active (RAM): False
  Menu active (RAM): False

PERCEPTION SUMMARY:
  Harness note: Harness-side pixel heuristics are disabled. The raw screenshot is still attached separately for model vision.

STATE DELTAS (memory-based):
  Position changed: False
  Money delta: 0
  Battle toggled: False
  Movement stall turns: 1
  Stuck hint: slight stall

MOVEMENT PATTERN:
  Recent same-map positions tracked: 10
  Unique recent tiles: 1
  Recent movement box: 1x1
  Current tile repeats in window: 10
  Loop warning: high - last 10 same-map positions stayed within a 1x1 box covering only 1 tiles

EXPLORATION:
  Current Map Explored: 30.5%
  Tiles Explored: 61/200
  Nearby Unexplored Tiles: 10
    - (11, 11)
    - (11, 13)
    - (9, 12)
    - (10, 11)
    - (10, 13)

NAVIGATION MEMORY:
  Current Tile Visits: 48
  Known exit right: (12, 12)
  Known exit left: (10, 12)
  Known blocked directions from current tile: down, left, right, up
  Immediate movement preference: left=known_exit
  Immediate movement cautions: up=confirmed_blocked, down=confirmed_blocked, right=warp
  Adjacent Tile Occupancy: known_exit=previously succeeded, frontier=unexplored adjacent tile, confirmed_blocked=failed 2+ times, blocked_once=failed once, adjacent_explored=neighbor explored but this step unconfirmed, unknown=no reliable memory yet
    - up: status=confirmed_blocked target=(11, 11) blocked_attempts=2
    - down: status=confirmed_blocked target=(11, 13) blocked_attempts=2
    - left: status=known_exit target=(10, 12) blocked_attempts=2 visits=2
    - right: status=known_exit target=(12, 12) blocked_attempts=2 visits=3 warp_tile
  Reachable frontier tiles on this map: 54
  Suggested frontier target: (12, 12)
  Suggested route to frontier: right
  Unknown directions from frontier: down, right
  Frontier novelty: low; local revisit pressure 58; global novelty distance 11; priority score -49.6
  Top Frontier Alternatives:
    - (10, 15) novelty=high pressure=10 distance=4 unknown=left, right
    - (10, 16) novelty=high pressure=9 distance=5 unknown=left, right
    - (9, 8) novelty=high pressure=7 distance=6 unknown=up, down, right
  Warp caution: right reaches known warp tile (12, 12) -> map 40 (12, 11); do not step on it unless you intentionally want to change maps.
  Local Map Window:
    ?FF??????
    ?F???????
    ?F???????
    ?FF??F???
    ?F?FPW???
    ?F???????
    ?FFF?????
    ???F?????
    ???F?????
  Explored Map Snapshot:
    Legend: P=player .=explored F=frontier #=confirmed-wall W=warp ?=unknown
    Bounds: x=-2..14 y=-3..19 size=17x23 explored=61 frontier=54 blocked=12 warps=2
    ?????????????????
    ?????????????????
    ??#??????????????
    ?????????????????
    ???#???????#FF???
    ??#.FFFFFFF..F???
    ???FF????#.FFF???
    ???FF?????F??????
    ???FF??F??F?F#???
    ???F.FFW??F?F????
    ???F.F?F??F??????
    ???FFFFF??FF?????
    ???????#??F??????
    ??????????F??????
    ??????????FF?#F??
    ??????????F?FPW??
    ??????????F?##???
    ??????????FFF????

==================================================
[0m
[32m14:16:28 - ActionExecutor - INFO[0m - ACTION: b[0m
[32m14:16:29 - ActionExecutor - INFO[0m - ACTION: a[0m
[32m14:16:29 - ActionExecutor - INFO[0m - ACTION: a[0m
[32m14:16:29 - ActionExecutor - INFO[0m - ACTION: a[0m
[32m14:16:29 - ActionExecutor - INFO[0m - ACTION: a[0m
[32m14:16:29 - ActionExecutor - INFO[0m - ACTION: b[0m
[32m14:16:29 - ActionExecutor - INFO[0m - ACTION: a[0m
[32m14:16:29 - ActionExecutor - INFO[0m - ACTION: a[0m
[32m14:16:29 - ActionExecutor - INFO[0m - ACTION: a[0m
[32m14:16:30 - ActionExecutor - INFO[0m - ACTION: a[0m
[32m14:16:30 - Main - INFO[0m - 
=== GAME STATE (Turn 195980) ===

POSITION:
- Map ID: 0
- Coordinates: (11, 12)
- Facing: up
- Harness UI Classification: overworld
- External UI Hint: unknown
- Harness Local Vision: disabled

BADGES: 0/8
  [ ] Boulder Badge
  [ ] Cascade Badge
  [ ] Thunder Badge
  [ ] Rainbow Badge
  [ ] Soul Badge
  [ ] Marsh Badge
  [ ] Volcano Badge
  [ ] Earth Badge

MONEY: $3175
ITEMS IN BAG: 0

PARTY: 1 Pokemon
  1. Charmander Lv.6 - HP: 21/21 (100%)
     Moves: [PP:35] [PP:40] 

UI FLAGS:
  Text box active (RAM): False
  Menu active (RAM): False

PERCEPTION SUMMARY:
  Harness note: Harness-side pixel heuristics are disabled. The raw screenshot is still attached separately for model vision.

STATE DELTAS (memory-based):
  Position changed: False
  Money delta: 0
  Battle toggled: False
  Movement stall turns: 1
  Stuck hint: slight stall

MOVEMENT PATTERN:
  Recent same-map positions tracked: 10
  Unique recent tiles: 1
  Recent movement box: 1x1
  Current tile repeats in window: 10
  Loop warning: high - last 10 same-map positions stayed within a 1x1 box covering only 1 tiles

EXPLORATION:
  Current Map Explored: 30.5%
  Tiles Explored: 61/200
  Nearby Unexplored Tiles: 10
    - (11, 11)
    - (11, 13)
    - (9, 12)
    - (10, 11)
    - (10, 13)

NAVIGATION MEMORY:
  Current Tile Visits: 58
  Known exit right: (12, 12)
  Known exit left: (10, 12)
  Known blocked directions from current tile: down, left, right, up
  Immediate movement preference: left=known_exit
  Immediate movement cautions: up=confirmed_blocked, down=confirmed_blocked, right=warp
  Adjacent Tile Occupancy: known_exit=previously succeeded, frontier=unexplored adjacent tile, confirmed_blocked=failed 2+ times, blocked_once=failed once, adjacent_explored=neighbor explored but this step unconfirmed, unknown=no reliable memory yet
    - up: status=confirmed_blocked target=(11, 11) blocked_attempts=2
    - down: status=confirmed_blocked target=(11, 13) blocked_attempts=2
    - left: status=known_exit target=(10, 12) blocked_attempts=2 visits=2
    - right: status=known_exit target=(12, 12) blocked_attempts=2 visits=3 warp_tile
  Reachable frontier tiles on this map: 54
  Suggested frontier target: (12, 12)
  Suggested route to frontier: right
  Unknown directions from frontier: down, right
  Frontier novelty: low; local revisit pressure 68; global novelty distance 11; priority score -62.1
  Top Frontier Alternatives:
    - (10, 15) novelty=high pressure=10 distance=4 unknown=left, right
    - (10, 16) novelty=high pressure=9 distance=5 unknown=left, right
    - (9, 8) novelty=high pressure=7 distance=6 unknown=up, down, right
  Warp caution: right reaches known warp tile (12, 12) -> map 40 (12, 11); do not step on it unless you intentionally want to change maps.
  Local Map Window:
    ?FF??????
    ?F???????
    ?F???????
    ?FF??F???
    ?F?FPW???
    ?F???????
    ?FFF?????
    ???F?????
    ???F?????
  Explored Map Snapshot:
    Legend: P=player .=explored F=frontier #=confirmed-wall W=warp ?=unknown
    Bounds: x=-2..14 y=-3..19 size=17x23 explored=61 frontier=54 blocked=12 warps=2
    ?????????????????
    ?????????????????
    ??#??????????????
    ?????????????????
    ???#???????#FF???
    ??#.FFFFFFF..F???
    ???FF????#.FFF???
    ???FF?????F??????
    ???FF??F??F?F#???
    ???F.FFW??F?F????
    ???F.F?F??F??????
    ???FFFFF??FF?????
    ???????#??F??????
    ??????????F??????
    ??????????FF?#F??
    ??????????F?FPW??
    ??????????F?##???
    ??????????FFF????

==================================================
[0m
[32m14:16:30 - ActionExecutor - INFO[0m - ACTION: b[0m
[32m14:16:30 - ActionExecutor - INFO[0m - ACTION: a[0m
[32m14:16:30 - ActionExecutor - INFO[0m - ACTION: a[0m
[32m14:16:30 - ActionExecutor - INFO[0m - ACTION: a[0m
[32m14:16:30 - ActionExecutor - INFO[0m - ACTION: a[0m
[32m14:16:30 - ActionExecutor - INFO[0m - ACTION: b[0m
[32m14:16:30 - ActionExecutor - INFO[0m - ACTION: a[0m
[32m14:16:31 - ActionExecutor - INFO[0m - ACTION: a[0m
[32m14:16:31 - ActionExecutor - INFO[0m - ACTION: a[0m
[32m14:16:31 - ActionExecutor - INFO[0m - ACTION: a[0m
[32m14:16:31 - Main - INFO[0m - 
=== GAME STATE (Turn 195990) ===

POSITION:
- Map ID: 0
- Coordinates: (11, 12)
- Facing: up
- Harness UI Classification: overworld
- External UI Hint: unknown
- Harness Local Vision: disabled

BADGES: 0/8
  [ ] Boulder Badge
  [ ] Cascade Badge
  [ ] Thunder Badge
  [ ] Rainbow Badge
  [ ] Soul Badge
  [ ] Marsh Badge
  [ ] Volcano Badge
  [ ] Earth Badge

MONEY: $3175
ITEMS IN BAG: 0

PARTY: 1 Pokemon
  1. Charmander Lv.6 - HP: 21/21 (100%)
     Moves: [PP:35] [PP:40] 

UI FLAGS:
  Text box active (RAM): False
  Menu active (RAM): False

PERCEPTION SUMMARY:
  Harness note: Harness-side pixel heuristics are disabled. The raw screenshot is still attached separately for model vision.

STATE DELTAS (memory-based):
  Position changed: False
  Money delta: 0
  Battle toggled: False
  Movement stall turns: 1
  Stuck hint: slight stall

MOVEMENT PATTERN:
  Recent same-map positions tracked: 10
  Unique recent tiles: 1
  Recent movement box: 1x1
  Current tile repeats in window: 10
  Loop warning: high - last 10 same-map positions stayed within a 1x1 box covering only 1 tiles

EXPLORATION:
  Current Map Explored: 30.5%
  Tiles Explored: 61/200
  Nearby Unexplored Tiles: 10
    - (11, 11)
    - (11, 13)
    - (9, 12)
    - (10, 11)
    - (10, 13)

NAVIGATION MEMORY:
  Current Tile Visits: 68
  Known exit right: (12, 12)
  Known exit left: (10, 12)
  Known blocked directions from current tile: down, left, right, up
  Immediate movement preference: left=known_exit
  Immediate movement cautions: up=confirmed_blocked, down=confirmed_blocked, right=warp
  Adjacent Tile Occupancy: known_exit=previously succeeded, frontier=unexplored adjacent tile, confirmed_blocked=failed 2+ times, blocked_once=failed once, adjacent_explored=neighbor explored but this step unconfirmed, unknown=no reliable memory yet
    - up: status=confirmed_blocked target=(11, 11) blocked_attempts=2
    - down: status=confirmed_blocked target=(11, 13) blocked_attempts=2
    - left: status=known_exit target=(10, 12) blocked_attempts=2 visits=2
    - right: status=known_exit target=(12, 12) blocked_attempts=2 visits=3 warp_tile
  Reachable frontier tiles on this map: 54
  Suggested frontier target: (12, 12)
  Suggested route to frontier: right
  Unknown directions from frontier: down, right
  Frontier novelty: low; local revisit pressure 78; global novelty distance 11; priority score -74.6
  Top Frontier Alternatives:
    - (10, 15) novelty=high pressure=10 distance=4 unknown=left, right
    - (10, 16) novelty=high pressure=9 distance=5 unknown=left, right
    - (9, 8) novelty=high pressure=7 distance=6 unknown=up, down, right
  Warp caution: right reaches known warp tile (12, 12) -> map 40 (12, 11); do not step on it unless you intentionally want to change maps.
  Local Map Window:
    ?FF??????
    ?F???????
    ?F???????
    ?FF??F???
    ?F?FPW???
    ?F???????
    ?FFF?????
    ???F?????
    ???F?????
  Explored Map Snapshot:
    Legend: P=player .=explored F=frontier #=confirmed-wall W=warp ?=unknown
    Bounds: x=-2..14 y=-3..19 size=17x23 explored=61 frontier=54 blocked=12 warps=2
    ?????????????????
    ?????????????????
    ??#??????????????
    ?????????????????
    ???#???????#FF???
    ??#.FFFFFFF..F???
    ???FF????#.FFF???
    ???FF?????F??????
    ???FF??F??F?F#???
    ???F.FFW??F?F????
    ???F.F?F??F??????
    ???FFFFF??FF?????
    ???????#??F??????
    ??????????F??????
    ??????????FF?#F??
    ??????????F?FPW??
    ??????????F?##???
    ??????????FFF????

==================================================
[0m
[32m14:16:31 - ActionExecutor - INFO[0m - ACTION: b[0m
[32m14:16:31 - ActionExecutor - INFO[0m - ACTION: a[0m
[32m14:16:31 - ActionExecutor - INFO[0m - ACTION: a[0m
[32m14:16:31 - ContextManager - INFO[0m - Reached 80 turns, triggering summarization[0m
[32m14:16:31 - ActionExecutor - INFO[0m - ACTION: a[0m
[32m14:16:31 - ActionExecutor - INFO[0m - ACTION: a[0m
[32m14:16:32 - ActionExecutor - INFO[0m - ACTION: b[0m
[32m14:16:32 - ActionExecutor - INFO[0m - ACTION: a[0m
[32m14:16:32 - ActionExecutor - INFO[0m - ACTION: a[0m
[32m14:16:32 - ActionExecutor - INFO[0m - ACTION: a[0m
[32m14:16:32 - ActionExecutor - INFO[0m - ACTION: a[0m
[32m14:16:32 - Main - INFO[0m - 
=== GAME STATE (Turn 196000) ===

POSITION:
- Map ID: 0
- Coordinates: (11, 12)
- Facing: up
- Harness UI Classification: overworld
- External UI Hint: unknown
- Harness Local Vision: disabled

BADGES: 0/8
  [ ] Boulder Badge
  [ ] Cascade Badge
  [ ] Thunder Badge
  [ ] Rainbow Badge
  [ ] Soul Badge
  [ ] Marsh Badge
  [ ] Volcano Badge
  [ ] Earth Badge

MONEY: $3175
ITEMS IN BAG: 0

PARTY: 1 Pokemon
  1. Charmander Lv.6 - HP: 21/21 (100%)
     Moves: [PP:35] [PP:40] 

UI FLAGS:
  Text box active (RAM): False
  Menu active (RAM): False

PERCEPTION SUMMARY:
  Harness note: Harness-side pixel heuristics are disabled. The raw screenshot is still attached separately for model vision.

STATE DELTAS (memory-based):
  Position changed: False
  Money delta: 0
  Battle toggled: False
  Movement stall turns: 1
  Stuck hint: slight stall

MOVEMENT PATTERN:
  Recent same-map positions tracked: 10
  Unique recent tiles: 1
  Recent movement box: 1x1
  Current tile repeats in window: 10
  Loop warning: high - last 10 same-map positions stayed within a 1x1 box covering only 1 tiles

EXPLORATION:
  Current Map Explored: 30.5%
  Tiles Explored: 61/200
  Nearby Unexplored Tiles: 10
    - (11, 11)
    - (11, 13)
    - (9, 12)
    - (10, 11)
    - (10, 13)

NAVIGATION MEMORY:
  Current Tile Visits: 78
  Known exit right: (12, 12)
  Known exit left: (10, 12)
  Known blocked directions from current tile: down, left, right, up
  Immediate movement preference: left=known_exit
  Immediate movement cautions: up=confirmed_blocked, down=confirmed_blocked, right=warp
  Adjacent Tile Occupancy: known_exit=previously succeeded, frontier=unexplored adjacent tile, confirmed_blocked=failed 2+ times, blocked_once=failed once, adjacent_explored=neighbor explored but this step unconfirmed, unknown=no reliable memory yet
    - up: status=confirmed_blocked target=(11, 11) blocked_attempts=2
    - down: status=confirmed_blocked target=(11, 13) blocked_attempts=2
    - left: status=known_exit target=(10, 12) blocked_attempts=2 visits=2
    - right: status=known_exit target=(12, 12) blocked_attempts=2 visits=3 warp_tile
  Reachable frontier tiles on this map: 54
  Suggested frontier target: (12, 12)
  Suggested route to frontier: right
  Unknown directions from frontier: down, right
  Frontier novelty: low; local revisit pressure 88; global novelty distance 11; priority score -87.1
  Top Frontier Alternatives:
    - (10, 15) novelty=high pressure=10 distance=4 unknown=left, right
    - (10, 16) novelty=high pressure=9 distance=5 unknown=left, right
    - (9, 8) novelty=high pressure=7 distance=6 unknown=up, down, right
  Warp caution: right reaches known warp tile (12, 12) -> map 40 (12, 11); do not step on it unless you intentionally want to change maps.
  Local Map Window:
    ?FF??????
    ?F???????
    ?F???????
    ?FF??F???
    ?F?FPW???
    ?F???????
    ?FFF?????
    ???F?????
    ???F?????
  Explored Map Snapshot:
    Legend: P=player .=explored F=frontier #=confirmed-wall W=warp ?=unknown
    Bounds: x=-2..14 y=-3..19 size=17x23 explored=61 frontier=54 blocked=12 warps=2
    ?????????????????
    ?????????????????
    ??#??????????????
    ?????????????????
    ???#???????#FF???
    ??#.FFFFFFF..F???
    ???FF????#.FFF???
    ???FF?????F??????
    ???FF??F??F?F#???
    ???F.FFW??F?F????
    ???F.F?F??F??????
    ???FFFFF??FF?????
    ???????#??F??????
    ??????????F??????
    ??????????FF?#F??
    ??????????F?FPW??
    ??????????F?##???
    ??????????FFF????

==================================================
[0m
[32m14:16:32 - ActionExecutor - INFO[0m - ACTION: b[0m
[32m14:16:32 - ActionExecutor - INFO[0m - ACTION: a[0m
[32m14:16:33 - ActionExecutor - INFO[0m - ACTION: a[0m
[32m14:16:33 - ActionExecutor - INFO[0m - ACTION: a[0m
[32m14:16:33 - ActionExecutor - INFO[0m - ACTION: a[0m
[32m14:16:33 - ActionExecutor - INFO[0m - ACTION: b[0m
[32m14:16:33 - ActionExecutor - INFO[0m - ACTION: a[0m
[32m14:16:33 - ActionExecutor - INFO[0m - ACTION: a[0m
[32m14:16:33 - ActionExecutor - INFO[0m - ACTION: a[0m
[32m14:16:33 - ActionExecutor - INFO[0m - ACTION: a[0m
[32m14:16:34 - Main - INFO[0m - 
=== GAME STATE (Turn 196010) ===

POSITION:
- Map ID: 0
- Coordinates: (11, 12)
- Facing: up
- Harness UI Classification: overworld
- External UI Hint: unknown
- Harness Local Vision: disabled

BADGES: 0/8
  [ ] Boulder Badge
  [ ] Cascade Badge
  [ ] Thunder Badge
  [ ] Rainbow Badge
  [ ] Soul Badge
  [ ] Marsh Badge
  [ ] Volcano Badge
  [ ] Earth Badge

MONEY: $3175
ITEMS IN BAG: 0

PARTY: 1 Pokemon
  1. Charmander Lv.6 - HP: 21/21 (100%)
     Moves: [PP:35] [PP:40] 

UI FLAGS:
  Text box active (RAM): False
  Menu active (RAM): False

PERCEPTION SUMMARY:
  Harness note: Harness-side pixel heuristics are disabled. The raw screenshot is still attached separately for model vision.

STATE DELTAS (memory-based):
  Position changed: False
  Money delta: 0
  Battle toggled: False
  Movement stall turns: 1
  Stuck hint: slight stall

MOVEMENT PATTERN:
  Recent same-map positions tracked: 10
  Unique recent tiles: 1
  Recent movement box: 1x1
  Current tile repeats in window: 10
  Loop warning: high - last 10 same-map positions stayed within a 1x1 box covering only 1 tiles

EXPLORATION:
  Current Map Explored: 30.5%
  Tiles Explored: 61/200
  Nearby Unexplored Tiles: 10
    - (11, 11)
    - (11, 13)
    - (9, 12)
    - (10, 11)
    - (10, 13)

NAVIGATION MEMORY:
  Current Tile Visits: 88
  Known exit right: (12, 12)
  Known exit left: (10, 12)
  Known blocked directions from current tile: down, left, right, up
  Immediate movement preference: left=known_exit
  Immediate movement cautions: up=confirmed_blocked, down=confirmed_blocked, right=warp
  Adjacent Tile Occupancy: known_exit=previously succeeded, frontier=unexplored adjacent tile, confirmed_blocked=failed 2+ times, blocked_once=failed once, adjacent_explored=neighbor explored but this step unconfirmed, unknown=no reliable memory yet
    - up: status=confirmed_blocked target=(11, 11) blocked_attempts=2
    - down: status=confirmed_blocked target=(11, 13) blocked_attempts=2
    - left: status=known_exit target=(10, 12) blocked_attempts=2 visits=2
    - right: status=known_exit target=(12, 12) blocked_attempts=2 visits=3 warp_tile
  Reachable frontier tiles on this map: 54
  Suggested frontier target: (12, 12)
  Suggested route to frontier: right
  Unknown directions from frontier: down, right
  Frontier novelty: low; local revisit pressure 98; global novelty distance 11; priority score -99.6
  Top Frontier Alternatives:
    - (10, 15) novelty=high pressure=10 distance=4 unknown=left, right
    - (10, 16) novelty=high pressure=9 distance=5 unknown=left, right
    - (9, 8) novelty=high pressure=7 distance=6 unknown=up, down, right
  Warp caution: right reaches known warp tile (12, 12) -> map 40 (12, 11); do not step on it unless you intentionally want to change maps.
  Local Map Window:
    ?FF??????
    ?F???????
    ?F???????
    ?FF??F???
    ?F?FPW???
    ?F???????
    ?FFF?????
    ???F?????
    ???F?????
  Explored Map Snapshot:
    Legend: P=player .=explored F=frontier #=confirmed-wall W=warp ?=unknown
    Bounds: x=-2..14 y=-3..19 size=17x23 explored=61 frontier=54 blocked=12 warps=2
    ?????????????????
    ?????????????????
    ??#??????????????
    ?????????????????
    ???#???????#FF???
    ??#.FFFFFFF..F???
    ???FF????#.FFF???
    ???FF?????F??????
    ???FF??F??F?F#???
    ???F.FFW??F?F????
    ???F.F?F??F??????
    ???FFFFF??FF?????
    ???????#??F??????
    ??????????F??????
    ??????????FF?#F??
    ??????????F?FPW??
    ??????????F?##???
    ??????????FFF????

==================================================
[0m
[32m14:16:34 - ActionExecutor - INFO[0m - ACTION: b[0m
[32m14:16:34 - ActionExecutor - INFO[0m - ACTION: a[0m
[32m14:16:34 - ActionExecutor - INFO[0m - ACTION: a[0m
[32m14:16:34 - ActionExecutor - INFO[0m - ACTION: a[0m
[32m14:16:34 - ActionExecutor - INFO[0m - ACTION: a[0m
[32m14:16:34 - ActionExecutor - INFO[0m - ACTION: b[0m
[32m14:16:34 - ActionExecutor - INFO[0m - ACTION: a[0m
[32m14:16:35 - ActionExecutor - INFO[0m - ACTION: a[0m
[32m14:16:35 - ActionExecutor - INFO[0m - ACTION: a[0m
[32m14:16:35 - ActionExecutor - INFO[0m - ACTION: a[0m
[32m14:16:35 - Main - INFO[0m - 
=== GAME STATE (Turn 196020) ===

POSITION:
- Map ID: 0
- Coordinates: (11, 12)
- Facing: up
- Harness UI Classification: overworld
- External UI Hint: unknown
- Harness Local Vision: disabled

BADGES: 0/8
  [ ] Boulder Badge
  [ ] Cascade Badge
  [ ] Thunder Badge
  [ ] Rainbow Badge
  [ ] Soul Badge
  [ ] Marsh Badge
  [ ] Volcano Badge
  [ ] Earth Badge

MONEY: $3175
ITEMS IN BAG: 0

PARTY: 1 Pokemon
  1. Charmander Lv.6 - HP: 21/21 (100%)
     Moves: [PP:35] [PP:40] 

UI FLAGS:
  Text box active (RAM): False
  Menu active (RAM): False

PERCEPTION SUMMARY:
  Harness note: Harness-side pixel heuristics are disabled. The raw screenshot is still attached separately for model vision.

STATE DELTAS (memory-based):
  Position changed: False
  Money delta: 0
  Battle toggled: False
  Movement stall turns: 1
  Stuck hint: slight stall

MOVEMENT PATTERN:
  Recent same-map positions tracked: 10
  Unique recent tiles: 1
  Recent movement box: 1x1
  Current tile repeats in window: 10
  Loop warning: high - last 10 same-map positions stayed within a 1x1 box covering only 1 tiles

EXPLORATION:
  Current Map Explored: 30.5%
  Tiles Explored: 61/200
  Nearby Unexplored Tiles: 10
    - (11, 11)
    - (11, 13)
    - (9, 12)
    - (10, 11)
    - (10, 13)

NAVIGATION MEMORY:
  Current Tile Visits: 98
  Known exit right: (12, 12)
  Known exit left: (10, 12)
  Known blocked directions from current tile: down, left, right, up
  Immediate movement preference: left=known_exit
  Immediate movement cautions: up=confirmed_blocked, down=confirmed_blocked, right=warp
  Adjacent Tile Occupancy: known_exit=previously succeeded, frontier=unexplored adjacent tile, confirmed_blocked=failed 2+ times, blocked_once=failed once, adjacent_explored=neighbor explored but this step unconfirmed, unknown=no reliable memory yet
    - up: status=confirmed_blocked target=(11, 11) blocked_attempts=2
    - down: status=confirmed_blocked target=(11, 13) blocked_attempts=2
    - left: status=known_exit target=(10, 12) blocked_attempts=2 visits=2
    - right: status=known_exit target=(12, 12) blocked_attempts=2 visits=3 warp_tile
  Reachable frontier tiles on this map: 54
  Suggested frontier target: (12, 12)
  Suggested route to frontier: right
  Unknown directions from frontier: down, right
  Frontier novelty: low; local revisit pressure 108; global novelty distance 11; priority score -112.1
  Top Frontier Alternatives:
    - (10, 15) novelty=high pressure=10 distance=4 unknown=left, right
    - (10, 16) novelty=high pressure=9 distance=5 unknown=left, right
    - (9, 8) novelty=high pressure=7 distance=6 unknown=up, down, right
  Warp caution: right reaches known warp tile (12, 12) -> map 40 (12, 11); do not step on it unless you intentionally want to change maps.
  Local Map Window:
    ?FF??????
    ?F???????
    ?F???????
    ?FF??F???
    ?F?FPW???
    ?F???????
    ?FFF?????
    ???F?????
    ???F?????
  Explored Map Snapshot:
    Legend: P=player .=explored F=frontier #=confirmed-wall W=warp ?=unknown
    Bounds: x=-2..14 y=-3..19 size=17x23 explored=61 frontier=54 blocked=12 warps=2
    ?????????????????
    ?????????????????
    ??#??????????????
    ?????????????????
    ???#???????#FF???
    ??#.FFFFFFF..F???
    ???FF????#.FFF???
    ???FF?????F??????
    ???FF??F??F?F#???
    ???F.FFW??F?F????
    ???F.F?F??F??????
    ???FFFFF??FF?????
    ???????#??F??????
    ??????????F??????
    ??????????FF?#F??
    ??????????F?FPW??
    ??????????F?##???
    ??????????FFF????

==================================================
[0m
[32m14:16:35 - ActionExecutor - INFO[0m - ACTION: b[0m
[32m14:16:35 - ActionExecutor - INFO[0m - ACTION: a[0m
[32m14:16:35 - ActionExecutor - INFO[0m - ACTION: a[0m
[32m14:16:35 - ActionExecutor - INFO[0m - ACTION: a[0m
[32m14:16:35 - ActionExecutor - INFO[0m - ACTION: a[0m
[32m14:16:36 - ActionExecutor - INFO[0m - ACTION: b[0m
[32m14:16:36 - ActionExecutor - INFO[0m - ACTION: a[0m
[32m14:16:36 - ActionExecutor - INFO[0m - ACTION: a[0m
[32m14:16:36 - ActionExecutor - INFO[0m - ACTION: a[0m
[32m14:16:36 - ActionExecutor - INFO[0m - ACTION: a[0m
[32m14:16:36 - Main - INFO[0m - 
=== GAME STATE (Turn 196030) ===

POSITION:
- Map ID: 0
- Coordinates: (11, 12)
- Facing: up
- Harness UI Classification: overworld
- External UI Hint: unknown
- Harness Local Vision: disabled

BADGES: 0/8
  [ ] Boulder Badge
  [ ] Cascade Badge
  [ ] Thunder Badge
  [ ] Rainbow Badge
  [ ] Soul Badge
  [ ] Marsh Badge
  [ ] Volcano Badge
  [ ] Earth Badge

MONEY: $3175
ITEMS IN BAG: 0

PARTY: 1 Pokemon
  1. Charmander Lv.6 - HP: 21/21 (100%)
     Moves: [PP:35] [PP:40] 

UI FLAGS:
  Text box active (RAM): False
  Menu active (RAM): False

PERCEPTION SUMMARY:
  Harness note: Harness-side pixel heuristics are disabled. The raw screenshot is still attached separately for model vision.

STATE DELTAS (memory-based):
  Position changed: False
  Money delta: 0
  Battle toggled: False
  Movement stall turns: 1
  Stuck hint: slight stall

MOVEMENT PATTERN:
  Recent same-map positions tracked: 10
  Unique recent tiles: 1
  Recent movement box: 1x1
  Current tile repeats in window: 10
  Loop warning: high - last 10 same-map positions stayed within a 1x1 box covering only 1 tiles

EXPLORATION:
  Current Map Explored: 30.5%
  Tiles Explored: 61/200
  Nearby Unexplored Tiles: 10
    - (11, 11)
    - (11, 13)
    - (9, 12)
    - (10, 11)
    - (10, 13)

NAVIGATION MEMORY:
  Current Tile Visits: 108
  Known exit right: (12, 12)
  Known exit left: (10, 12)
  Known blocked directions from current tile: down, left, right, up
  Immediate movement preference: left=known_exit
  Immediate movement cautions: up=confirmed_blocked, down=confirmed_blocked, right=warp
  Adjacent Tile Occupancy: known_exit=previously succeeded, frontier=unexplored adjacent tile, confirmed_blocked=failed 2+ times, blocked_once=failed once, adjacent_explored=neighbor explored but this step unconfirmed, unknown=no reliable memory yet
    - up: status=confirmed_blocked target=(11, 11) blocked_attempts=2
    - down: status=confirmed_blocked target=(11, 13) blocked_attempts=2
    - left: status=known_exit target=(10, 12) blocked_attempts=2 visits=2
    - right: status=known_exit target=(12, 12) blocked_attempts=2 visits=3 warp_tile
  Reachable frontier tiles on this map: 54
  Suggested frontier target: (12, 12)
  Suggested route to frontier: right
  Unknown directions from frontier: down, right
  Frontier novelty: low; local revisit pressure 118; global novelty distance 11; priority score -124.6
  Top Frontier Alternatives:
    - (10, 15) novelty=high pressure=10 distance=4 unknown=left, right
    - (10, 16) novelty=high pressure=9 distance=5 unknown=left, right
    - (9, 8) novelty=high pressure=7 distance=6 unknown=up, down, right
  Warp caution: right reaches known warp tile (12, 12) -> map 40 (12, 11); do not step on it unless you intentionally want to change maps.
  Local Map Window:
    ?FF??????
    ?F???????
    ?F???????
    ?FF??F???
    ?F?FPW???
    ?F???????
    ?FFF?????
    ???F?????
    ???F?????
  Explored Map Snapshot:
    Legend: P=player .=explored F=frontier #=confirmed-wall W=warp ?=unknown
    Bounds: x=-2..14 y=-3..19 size=17x23 explored=61 frontier=54 blocked=12 warps=2
    ?????????????????
    ?????????????????
    ??#??????????????
    ?????????????????
    ???#???????#FF???
    ??#.FFFFFFF..F???
    ???FF????#.FFF???
    ???FF?????F??????
    ???FF??F??F?F#???
    ???F.FFW??F?F????
    ???F.F?F??F??????
    ???FFFFF??FF?????
    ???????#??F??????
    ??????????F??????
    ??????????FF?#F??
    ??????????F?FPW??
    ??????????F?##???
    ??????????FFF????

==================================================
[0m
[32m14:16:36 - ActionExecutor - INFO[0m - ACTION: b[0m
[32m14:16:36 - ActionExecutor - INFO[0m - ACTION: a[0m
[32m14:16:36 - ActionExecutor - INFO[0m - ACTION: a[0m
[32m14:16:37 - ActionExecutor - INFO[0m - ACTION: a[0m
[32m14:16:37 - Main - INFO[0m - Reached testing.max_turns=196033; stopping run loop[0m
[32m14:16:37 - Main - INFO[0m - 正在关闭...[0m
[32m14:16:37 - Main - INFO[0m - Skipping checkpoint write on shutdown for this testing run[0m
[32m14:16:37 - Visualizer - INFO[0m - Visualizer stopped[0m
[32m14:16:37 - Emulator - INFO[0m - Stopping emulator[0m
[32m14:16:37 - Main - INFO[0m - ==================================================[0m
[32m14:16:37 - Main - INFO[0m - MILESTONE: 宝可梦AI智能体已停止[0m
[32m14:16:37 - Main - INFO[0m - ==================================================[0m
[32m14:16:37 - Main - INFO[0m - 总回合数: 196033[0m
{
  "report_version": 2,
  "requested_checkpoint": "checkpoint_195913",
  "restored_checkpoint": "checkpoint_195913",
  "requested_turns": 120,
  "llm_primary_mode": true,
  "ai_full_control_mode": true,
  "pure_llm_mode": false,
  "research_mode": false,
  "reset_context": true,
  "effective_settings": {
    "llm_primary_mode": true,
    "ai_full_control_mode": true,
    "pure_llm_mode": false,
    "research_mode": false,
    "ai_timeout_seconds": 25,
    "same_turn_retry_timeout_seconds": 30,
    "decision_max_tokens": 384,
    "action_plan_max_actions": 3,
    "llm_primary_action_plan_enabled": true
  },
  "latest_checkpoint": "checkpoint_195913",
  "start_turn": 195913,
  "end_turn": 196033,
  "turn_delta": 120,
  "completed_requested_turns": true,
  "fatal_error": null,
  "timeline_length": 120,
  "reached_playable": true,
  "api_cooldown_active": true,
  "api_cooldown_remaining": 15.7,
  "decision_source_counts": {
    "ai": 4,
    "cached_ai_plan": 2,
    "post_warp_reentry_guard": 1,
    "recent_warp_buffer_guard": 4,
    "wait_rewrite_ai_error": 1,
    "guided_navigation_escape": 2,
    "wait_rewrite_ai_cooldown": 3,
    "api_unavailable_field_interaction": 103
  },
  "decision_path_counts": {
    "ai": 4,
    "tool": 13,
    "fallback": 103
  },
  "ai_control_metrics": {
    "total_turns": 120,
    "main_model_turns": 4,
    "ai_plan_turns": 2,
    "ai_authored_turns": 6,
    "deterministic_tool_turns": 11,
    "fallback_turns": 103,
    "main_model_ratio": 0.0333,
    "ai_authored_ratio": 0.05,
    "deterministic_tool_ratio": 0.0917,
    "fallback_ratio": 0.8583,
    "ai_dominant": false
  },
  "ai_latency_summary": {
    "count": 4,
    "avg_seconds": 10.075,
    "max_seconds": 15.484,
    "min_seconds": 7.544,
    "total_seconds": 40.301,
    "avg_request_count": 1.0
  },
  "story_markers": {
    "visited_maps": [
      40,
      0
    ],
    "highest_party_level": 6,
    "got_starter": true,
    "reached_playable": true,
    "reached_route1": false,
    "reached_viridian_city": false,
    "entered_viridian_mart": false,
    "entered_oaks_lab": true,
    "obtained_oaks_parcel": false,
    "delivered_oaks_parcel": false,
    "got_pokedex": false,
    "started_post_pokedex_departure": false,
    "reached_route2": false,
    "reached_viridian_forest_south_gate": false,
    "reached_viridian_forest": false
  },
  "report_validation": {
    "timeline_first_turn": 195914,
    "timeline_last_turn": 196033,
    "timeline_turn_count": 120,
    "timeline_turns_monotonic": true,
    "final_state_turn": 196033,
    "final_state_matches_end_turn": true,
    "timeline_last_turn_matches_end_turn": true
  },
  "final_state": {
    "turn": 196033,
    "timestamp": "2026-04-05T14:16:37.173221",
    "position": {
      "map_id": 0,
      "x": 11,
      "y": 12
    },
    "badges": 0,
    "money": 3175,
    "item_count": 0,
    "party_size": 1,
    "party": [
      {
        "species_id": 176,
        "species": "Charmander",
        "name": "Charmander",
        "display_name": "Charmander",
        "level": 6,
        "hp": 21,
        "current_hp": 21,
        "max_hp": 21,
        "moves": [
          {
            "move_id": 10,
            "pp": 35
          },
          {
            "move_id": 45,
            "pp": 40
          }
        ],
        "stats": {
          "attack": 12,
          "defense": 11,
          "speed": 14,
          "special": 11
        }
      }
    ],
    "in_battle": false,
    "events": {
      "got_pokedex": false,
      "oak_got_parcel": false,
      "got_oaks_parcel": false
    },
    "ui": {
      "text_box_active": false,
      "menu_active": false,
      "stale_text_box_flag": true
    },
    "pre_world": false,
    "pre_starter_script": false,
    "visual": {
      "screen_type": "overworld",
      "description": "Harness-side pixel heuristics are disabled. The raw screenshot is still attached separately for model vision.",
      "screen_size": [
        160,
        144
      ],
      "frame_number": 196034,
      "local_analysis_enabled": false,
      "screen_hash": "0f4f95e0a0c0cdb1818a1f9f154d034c"
    },
    "exploration": {
      "current_map": 0,
      "explored_tiles": 61,
      "total_tiles": 200,
      "exploration_percent": 30.5
    },
    "navigation": {
      "current_visit_count": 112,
      "known_exits": {
        "right": {
          "x": 12,
          "y": 12
        },
        "left": {
          "x": 10,
          "y": 12
        }
      },
      "blocked_directions": [
        "down",
        "left",
        "right",
        "up"
      ],
      "frontier_count": 54,
      "nearest_frontier": {
        "target": [
          12,
          12
        ],
        "path": [
          "right"
        ],
        "unknown_directions": [
          "down",
          "right"
        ],
        "visit_count": 3,
        "distance": 1,
        "local_visit_pressure": 122,
        "global_novelty_distance": 11,
        "priority_score": -129.6,
        "novelty_label": "low"
      },
      "frontier_candidates": [
        {
          "target": [
            10,
            15
          ],
          "unknown_directions": [
            "left",
            "right"
          ],
          "visit_count": 1,
          "distance": 4,
          "local_visit_pressure": 10,
          "global_novelty_distance": 12,
          "priority_score": 19.1,
          "novelty_label": "high"
        },
        {
          "target": [
            10,
            16
          ],
          "unknown_directions": [
            "left",
            "right"
          ],
          "visit_count": 2,
          "distance": 5,
          "local_visit_pressure": 9,
          "global_novelty_distance": 13,
          "priority_score": 17.75,
          "novelty_label": "high"
        },
        {
          "target": [
            9,
            8
          ],
          "unknown_directions": [
            "up",
            "down",
            "right"
          ],
          "visit_count": 1,
          "distance": 6,
          "local_visit_pressure": 7,
          "global_novelty_distance": 4,
          "priority_score": 16.15,
          "novelty_label": "high"
        }
      ],
      "adjacent_tiles": {
        "up": {
          "target": {
            "x": 11,
            "y": 11
          },
          "status": "confirmed_blocked",
          "blocked_attempts": 2,
          "target_visit_count": 0,
          "target_known_explored": false,
          "target_is_warp": false,
          "step_triggers_warp": false,
          "is_frontier_direction": false,
          "is_preferred_frontier_step": false,
          "summary": "This move failed 2 times from the current tile; treat it as a wall or solid blocker until evidence changes."
        },
        "down": {
          "target": {
            "x": 11,
            "y": 13
          },
          "status": "confirmed_blocked",
          "blocked_attempts": 2,
          "target_visit_count": 0,
          "target_known_explored": false,
          "target_is_warp": false,
          "step_triggers_warp": false,
          "is_frontier_direction": false,
          "is_preferred_frontier_step": false,
          "summary": "This move failed 2 times from the current tile; treat it as a wall or solid blocker until evidence changes."
        },
        "left": {
          "target": {
            "x": 10,
            "y": 12
          },
          "status": "known_exit",
          "blocked_attempts": 2,
          "target_visit_count": 2,
          "target_known_explored": true,
          "target_is_warp": false,
          "step_triggers_warp": false,
          "is_frontier_direction": false,
          "is_preferred_frontier_step": false,
          "summary": "This move previously succeeded and led to explored tile (10, 12)."
        },
        "right": {
          "target": {
            "x": 12,
            "y": 12
          },
          "status": "known_exit",
          "blocked_attempts": 2,
          "target_visit_count": 3,
          "target_known_explored": true,
          "target_is_warp": true,
          "step_triggers_warp": false,
          "is_frontier_direction": false,
          "is_preferred_frontier_step": false,
          "summary": "This move previously succeeded and led to explored tile (12, 12). The target tile is also a known warp point. Avoid stepping on it unless you intentionally want to warp."
        }
      },
      "current_tile_warp": null,
      "warp_cautions": [
        {
          "direction": "right",
          "target": {
            "x": 12,
            "y": 12
          },
          "destination": {
            "map_id": 40,
            "x": 12,
            "y": 11
          },
          "summary": "right is a known warp tile at (12, 12) leading to map 40 (12, 11); do not step on it unless you intentionally want to change maps."
        }
      ],
      "frontier_guidance": {
        "current_tile_is_frontier": false,
        "prefer_leave_current_frontier": false,
        "recommended_direction": null,
        "escape_direction": null,
        "discouraged_directions": [],
        "stronger_frontier_target": null,
        "current_priority_score": null,
        "stronger_priority_score": null,
        "priority_gap": 0.0,
        "summary": null
      },
      "known_warps": [
        {
          "src_map": 0,
          "src_x": 5,
          "src_y": 6,
          "dest_map": 37,
          "dest_x": 2,
          "dest_y": 7,
          "count": 1
        },
        {
          "src_map": 0,
          "src_x": 12,
          "src_y": 12,
          "dest_map": 40,
          "dest_x": 12,
          "dest_y": 11,
          "count": 2
        }
      ],
      "local_map": [
        "?FF??????",
        "?F???????",
        "?F???????",
        "?FF??F???",
        "?F?FPW???",
        "?F???????",
        "?FFF?????",
        "???F?????",
        "???F?????"
      ],
      "map_snapshot": {
        "available": true,
        "map_id": 0,
        "rows": [
          "                 ",
          "                 ",
          "  #              ",
          "                 ",
          "   #       #FF   ",
          "  #.FFFFFFF..F   ",
          "   FF    #.FFF   ",
          "   FF     F      ",
          "   FF  F  F F#   ",
          "   F.FFW  F F    ",
          "   F.F F  F      ",
          "   FFFFF  FF     ",
          "       #  F      ",
          "          F      ",
          "          FF #F  ",
          "          F FPW  ",
          "          F ##   ",
          "          FFF    ",
          "            F    ",
          "            F    ",
          "          # #    ",
          "                 ",
          "                 "
        ],
        "prompt_rows": [
          "?????????????????",
          "?????????????????",
          "??#??????????????",
          "?????????????????",
          "???#???????#FF???",
          "??#.FFFFFFF..F???",
          "???FF????#.FFF???",
          "???FF?????F??????",
          "???FF??F??F?F#???",
          "???F.FFW??F?F????",
          "???F.F?F??F??????",
          "???FFFFF??FF?????",
          "???????#??F??????",
          "??????????F??????",
          "??????????FF?#F??",
          "??????????F?FPW??",
          "??????????F?##???",
          "??????????FFF????",
          "????????????F????",
          "????????????F????",
          "??????????#?#????",
          "?????????????????",
          "?????????????????"
        ],
        "bounds": {
          "min_x": -2,
          "max_x": 14,
          "min_y": -3,
          "max_y": 19,
          "width": 17,
          "height": 23
        },
        "player": {
          "x": 11,
          "y": 12
        },
        "explored_count": 61,
        "frontier_count": 54,
        "blocked_count": 12,
        "warp_count": 2,
        "legend": {
          " ": "unknown",
          ".": "explored",
          "F": "frontier",
          "#": "confirmed wall",
          "W": "warp",
          "P": "player"
        }
      }
    },
    "deltas": {
      "position_changed": false,
      "money_delta": 0,
      "battle_toggled": false,
      "movement_stall_turns": 1,
      "stuck_hint": "slight stall"
    },
    "movement_pattern": {
      "window_size": 10,
      "unique_tiles": 1,
      "bounding_box_width": 1,
      "bounding_box_height": 1,
      "current_tile_repeat_count": 10,
      "micro_loop_warning": true,
      "warning": "high - last 10 same-map positions stayed within a 1x1 box covering only 1 tiles"
    },
    "battle_summary": {
      "active": false,
      "phase": "not_in_battle",
      "encounter_type": "none",
      "battle_turns": 0,
      "enemy_hp_changed": false,
      "battle_stall_turns": 0,
      "enemy_species": null,
      "enemy_level": null,
      "enemy_current_hp": null,
      "lead_pokemon": {
        "species": "Charmander",
        "level": 6,
        "current_hp": 21,
        "max_hp": 21,
        "hp_percent": 100.0
      },
      "focus_hint": null
    }
  },
  "timeline": [
    {
      "turn": 195914,
      "action": "down",
      "reasoning": "The screenshot shows Professor Oak's lab with the player free to move and the next required progress is to leave after receiving Charmander.",
      "result": "After down:; moved from (4,8) to (4,9) on map 40; screen changed from overworld to indoor",
      "decision_source": "ai",
      "decision_path": "ai",
      "model_latency_seconds": 9.257,
      "model_request_count": 1,
      "screen_type": "indoor",
      "observed_screen_type": "overworld",
      "phase_hint": null,
      "position": {
        "map_id": 40,
        "x": 4,
        "y": 8
      },
      "party_size": 1
    },
    {
      "turn": 195915,
      "action": "down",
      "reasoning": "The screenshot shows Oak's lab with the player standing just above the bottom exit area and no dialogue open, so the next concrete progress is to step toward leaving the lab.",
      "result": "After down:; position did not change",
      "decision_source": "ai",
      "decision_path": "ai",
      "model_latency_seconds": 15.484,
      "model_request_count": 1,
      "screen_type": "indoor",
      "observed_screen_type": "indoor",
      "phase_hint": "indoor",
      "position": {
        "map_id": 40,
        "x": 4,
        "y": 9
      },
      "party_size": 1
    },
    {
      "turn": 195916,
      "action": "left",
      "reasoning": "The screenshot shows the player standing above the lab’s bottom doorway with no dialogue open, and the exit appears to be reached by moving left onto the center opening before going down.",
      "result": "After left:; moved from (4,9) to (4,10) on map 40",
      "decision_source": "ai",
      "decision_path": "ai",
      "model_latency_seconds": 7.544,
      "model_request_count": 1,
      "screen_type": "indoor",
      "observed_screen_type": "indoor",
      "phase_hint": "indoor",
      "position": {
        "map_id": 40,
        "x": 4,
        "y": 9
      },
      "party_size": 1
    },
    {
      "turn": 195917,
      "action": "down",
      "reasoning": "AI plan: The screenshot shows the player standing above the lab’s bottom doorway with no dialogue open, and the exit appears to be reached by moving left onto the center opening before going down. | follow left, down",
      "result": "After down:; position did not change",
      "decision_source": "cached_ai_plan",
      "decision_path": "tool",
      "model_latency_seconds": null,
      "model_request_count": null,
      "screen_type": "indoor",
      "observed_screen_type": "indoor",
      "phase_hint": "indoor",
      "position": {
        "map_id": 40,
        "x": 4,
        "y": 10
      },
      "party_size": 1
    },
    {
      "turn": 195918,
      "action": "down",
      "reasoning": "The player is standing one tile above the lab’s bottom doorway and the exit should be directly below, so the next concrete step is to try the doorway again.",
      "result": "After down:; moved from (4,10) to (4,11) on map 40",
      "decision_source": "ai",
      "decision_path": "ai",
      "model_latency_seconds": 8.016,
      "model_request_count": 1,
      "screen_type": "indoor",
      "observed_screen_type": "indoor",
      "phase_hint": null,
      "position": {
        "map_id": 40,
        "x": 4,
        "y": 10
      },
      "party_size": 1
    },
    {
      "turn": 195919,
      "action": "down",
      "reasoning": "AI plan: The player is standing one tile above the lab’s bottom doorway and the exit should be directly below, so the next concrete step is to try the doorway again. | follow down, down",
      "result": "After down:; warped from map 40 (4,11) to map 0 (12,11); screen changed from indoor to overworld",
      "decision_source": "cached_ai_plan",
      "decision_path": "tool",
      "model_latency_seconds": null,
      "model_request_count": null,
      "screen_type": "indoor",
      "observed_screen_type": "indoor",
      "phase_hint": "indoor",
      "position": {
        "map_id": 40,
        "x": 4,
        "y": 11
      },
      "party_size": 1
    },
    {
      "turn": 195920,
      "action": "wait",
      "reasoning": "Guard: just warped from map 40 to map 0; doorway exits can auto-step one tile after the map transition. Wait briefly so the exit settles before choosing a safe direction away from the return warp.",
      "result": "After wait:; moved from (12,11) to (12,12) on map 0",
      "decision_source": "post_warp_reentry_guard",
      "decision_path": "tool",
      "model_latency_seconds": null,
      "model_request_count": null,
      "screen_type": "overworld",
      "observed_screen_type": "overworld",
      "phase_hint": null,
      "position": {
        "map_id": 0,
        "x": 12,
        "y": 11
      },
      "party_size": 1
    },
    {
      "turn": 195921,
      "action": "left",
      "reasoning": "Guard: recently warped into this map; avoid the reverse re-entry action up until you move away from the doorway. Move left instead.",
      "result": "After left:; moved from (12,12) to (11,12) on map 0",
      "decision_source": "recent_warp_buffer_guard",
      "decision_path": "tool",
      "model_latency_seconds": null,
      "model_request_count": null,
      "screen_type": "overworld",
      "observed_screen_type": "overworld",
      "phase_hint": null,
      "position": {
        "map_id": 0,
        "x": 12,
        "y": 12
      },
      "party_size": 1
    },
    {
      "turn": 195922,
      "action": "down",
      "reasoning": "Guard: recently warped into this map; avoid the reverse re-entry action up until you move away from the doorway. Move down instead.",
      "result": "After down:; position did not change",
      "decision_source": "recent_warp_buffer_guard",
      "decision_path": "tool",
      "model_latency_seconds": null,
      "model_request_count": null,
      "screen_type": "overworld",
      "observed_screen_type": "overworld",
      "phase_hint": null,
      "position": {
        "map_id": 0,
        "x": 11,
        "y": 12
      },
      "party_size": 1
    },
    {
      "turn": 195923,
      "action": "down",
      "reasoning": "Guard: recently warped into this map; avoid the reverse re-entry action up until you move away from the doorway. Move down instead.",
      "result": "After down:; position did not change",
      "decision_source": "recent_warp_buffer_guard",
      "decision_path": "tool",
      "model_latency_seconds": null,
      "model_request_count": null,
      "screen_type": "overworld",
      "observed_screen_type": "overworld",
      "phase_hint": null,
      "position": {
        "map_id": 0,
        "x": 11,
        "y": 12
      },
      "party_size": 1
    },
    {
      "turn": 195924,
      "action": "left",
      "reasoning": "Guard: recently warped into this map; avoid the reverse re-entry action up until you move away from the doorway. Move left instead.",
      "result": "After left:; moved from (11,12) to (10,12) on map 0",
      "decision_source": "recent_warp_buffer_guard",
      "decision_path": "tool",
      "model_latency_seconds": null,
      "model_request_count": null,
      "screen_type": "overworld",
      "observed_screen_type": "overworld",
      "phase_hint": null,
      "position": {
        "map_id": 0,
        "x": 11,
        "y": 12
      },
      "party_size": 1
    },
    {
      "turn": 195925,
      "action": "right",
      "reasoning": "Use the learned frontier route instead of probing another weak local loop. Original WAIT reasoning: Error occurred: AI request failed: HTTPSConnectionPool(host='api.ququ233.com', port=443): Max retries exceeded with url: /v1/chat/completions (Caused by SSLError(SSLEOFError(8, '[SSL: UNEXPECTED_EOF_WHILE_READING] EOF occurred in violation of protocol (_ssl.c:1028)')))",
      "result": "After right:; moved from (10,12) to (11,12) on map 0",
      "decision_source": "wait_rewrite_ai_error",
      "decision_path": "tool",
      "model_latency_seconds": null,
      "model_request_count": null,
      "screen_type": "overworld",
      "observed_screen_type": "overworld",
      "phase_hint": null,
      "position": {
        "map_id": 0,
        "x": 10,
        "y": 12
      },
      "party_size": 1
    },
    {
      "turn": 195926,
      "action": "right",
      "reasoning": "Planner guard: current local navigation is stalled, looping, or sitting on a risky warp fringe. Planner: follow learned route toward frontier (12, 12) (novelty=high, pressure=14) via right",
      "result": "After right:; moved from (11,12) to (12,12) on map 0",
      "decision_source": "guided_navigation_escape",
      "decision_path": "tool",
      "model_latency_seconds": null,
      "model_request_count": null,
      "screen_type": "overworld",
      "observed_screen_type": "overworld",
      "phase_hint": "overworld",
      "position": {
        "map_id": 0,
        "x": 11,
        "y": 12
      },
      "party_size": 1
    },
    {
      "turn": 195927,
      "action": "left",
      "reasoning": "Planner guard: current local navigation is stalled, looping, or sitting on a risky warp fringe. Planner: current tile is a known warp source to map 40 (12, 11); step off it via left before probing local frontier directions.",
      "result": "After left:; moved from (12,12) to (11,12) on map 0",
      "decision_source": "guided_navigation_escape",
      "decision_path": "tool",
      "model_latency_seconds": null,
      "model_request_count": null,
      "screen_type": "overworld",
      "observed_screen_type": "overworld",
      "phase_hint": null,
      "position": {
        "map_id": 0,
        "x": 12,
        "y": 12
      },
      "party_size": 1
    },
    {
      "turn": 195928,
      "action": "up",
      "reasoning": "Use local navigation hints to keep exploring via up. Original WAIT reasoning: API cooldown active for 29.6s after recent request failures",
      "result": "After up:; position did not change",
      "decision_source": "wait_rewrite_ai_cooldown",
      "decision_path": "tool",
      "model_latency_seconds": null,
      "model_request_count": null,
      "screen_type": "overworld",
      "observed_screen_type": "overworld",
      "phase_hint": null,
      "position": {
        "map_id": 0,
        "x": 11,
        "y": 12
      },
      "party_size": 1
    },
    {
      "turn": 195929,
      "action": "up",
      "reasoning": "Use local navigation hints to keep exploring via up. Original WAIT reasoning: API cooldown active for 29.4s after recent request failures",
      "result": "After up:; position did not change",
      "decision_source": "wait_rewrite_ai_cooldown",
      "decision_path": "tool",
      "model_latency_seconds": null,
      "model_request_count": null,
      "screen_type": "overworld",
      "observed_screen_type": "overworld",
      "phase_hint": "overworld",
      "position": {
        "map_id": 0,
        "x": 11,
        "y": 12
      },
      "party_size": 1
    },
    {
      "turn": 195930,
      "action": "up",
      "reasoning": "Use local navigation hints to keep exploring via up. Original WAIT reasoning: API cooldown active for 29.3s after recent request failures",
      "result": "After up:; position did not change",
      "decision_source": "wait_rewrite_ai_cooldown",
      "decision_path": "tool",
      "model_latency_seconds": null,
      "model_request_count": null,
      "screen_type": "overworld",
      "observed_screen_type": "overworld",
      "phase_hint": "overworld",
      "position": {
        "map_id": 0,
        "x": 11,
        "y": 12
      },
      "party_size": 1
    },
    {
      "turn": 195931,
      "action": "a",
      "reasoning": "Auto fallback while AI is unavailable: All field directions are currently blocked, so probe the stuck scene with A instead of idling",
      "result": "After a:; no visible state change",
      "decision_source": "api_unavailable_field_interaction",
      "decision_path": "fallback",
      "model_latency_seconds": null,
      "model_request_count": null,
      "screen_type": "overworld",
      "observed_screen_type": "overworld",
      "phase_hint": "overworld",
      "position": {
        "map_id": 0,
        "x": 11,
        "y": 12
      },
      "party_size": 1
    },
    {
      "turn": 195932,
      "action": "a",
      "reasoning": "Auto fallback while AI is unavailable: All field directions are currently blocked, so probe the stuck scene with A instead of idling",
      "result": "After a:; no visible state change",
      "decision_source": "api_unavailable_field_interaction",
      "decision_path": "fallback",
      "model_latency_seconds": null,
      "model_request_count": null,
      "screen_type": "overworld",
      "observed_screen_type": "overworld",
      "phase_hint": null,
      "position": {
        "map_id": 0,
        "x": 11,
        "y": 12
      },
      "party_size": 1
    },
    {
      "turn": 195933,
      "action": "a",
      "reasoning": "Auto fallback while AI is unavailable: All field directions are currently blocked, so probe the stuck scene with A instead of idling",
      "result": "After a:; no visible state change",
      "decision_source": "api_unavailable_field_interaction",
      "decision_path": "fallback",
      "model_latency_seconds": null,
      "model_request_count": null,
      "screen_type": "overworld",
      "observed_screen_type": "overworld",
      "phase_hint": null,
      "position": {
        "map_id": 0,
        "x": 11,
        "y": 12
      },
      "party_size": 1
    },
    {
      "turn": 195934,
      "action": "a",
      "reasoning": "Auto fallback while AI is unavailable: All field directions are currently blocked, so probe the stuck scene with A instead of idling",
      "result": "After a:; no visible state change",
      "decision_source": "api_unavailable_field_interaction",
      "decision_path": "fallback",
      "model_latency_seconds": null,
      "model_request_count": null,
      "screen_type": "overworld",
      "observed_screen_type": "overworld",
      "phase_hint": null,
      "position": {
        "map_id": 0,
        "x": 11,
        "y": 12
      },
      "party_size": 1
    },
    {
      "turn": 195935,
      "action": "b",
      "reasoning": "Auto fallback while AI is unavailable: All field directions are currently blocked, so probe the stuck scene with B instead of idling",
      "result": "After b:; no visible state change",
      "decision_source": "api_unavailable_field_interaction",
      "decision_path": "fallback",
      "model_latency_seconds": null,
      "model_request_count": null,
      "screen_type": "overworld",
      "observed_screen_type": "overworld",
      "phase_hint": null,
      "position": {
        "map_id": 0,
        "x": 11,
        "y": 12
      },
      "party_size": 1
    },
    {
      "turn": 195936,
      "action": "a",
      "reasoning": "Auto fallback while AI is unavailable: All field directions are currently blocked, so probe the stuck scene with A instead of idling",
      "result": "After a:; no visible state change",
      "decision_source": "api_unavailable_field_interaction",
      "decision_path": "fallback",
      "model_latency_seconds": null,
      "model_request_count": null,
      "screen_type": "overworld",
      "observed_screen_type": "overworld",
      "phase_hint": null,
      "position": {
        "map_id": 0,
        "x": 11,
        "y": 12
      },
      "party_size": 1
    },
    {
      "turn": 195937,
      "action": "a",
      "reasoning": "Auto fallback while AI is unavailable: All field directions are currently blocked, so probe the stuck scene with A instead of idling",
      "result": "After a:; no visible state change",
      "decision_source": "api_unavailable_field_interaction",
      "decision_path": "fallback",
      "model_latency_seconds": null,
      "model_request_count": null,
      "screen_type": "overworld",
      "observed_screen_type": "overworld",
      "phase_hint": null,
      "position": {
        "map_id": 0,
        "x": 11,
        "y": 12
      },
      "party_size": 1
    },
    {
      "turn": 195938,
      "action": "a",
      "reasoning": "Auto fallback while AI is unavailable: All field directions are currently blocked, so probe the stuck scene with A instead of idling",
      "result": "After a:; no visible state change",
      "decision_source": "api_unavailable_field_interaction",
      "decision_path": "fallback",
      "model_latency_seconds": null,
      "model_request_count": null,
      "screen_type": "overworld",
      "observed_screen_type": "overworld",
      "phase_hint": null,
      "position": {
        "map_id": 0,
        "x": 11,
        "y": 12
      },
      "party_size": 1
    },
    {
      "turn": 195939,
      "action": "a",
      "reasoning": "Auto fallback while AI is unavailable: All field directions are currently blocked, so probe the stuck scene with A instead of idling",
      "result": "After a:; no visible state change",
      "decision_source": "api_unavailable_field_interaction",
      "decision_path": "fallback",
      "model_latency_seconds": null,
      "model_request_count": null,
      "screen_type": "overworld",
      "observed_screen_type": "overworld",
      "phase_hint": null,
      "position": {
        "map_id": 0,
        "x": 11,
        "y": 12
      },
      "party_size": 1
    },
    {
      "turn": 195940,
      "action": "b",
      "reasoning": "Auto fallback while AI is unavailable: All field directions are currently blocked, so probe the stuck scene with B instead of idling",
      "result": "After b:; no visible state change",
      "decision_source": "api_unavailable_field_interaction",
      "decision_path": "fallback",
      "model_latency_seconds": null,
      "model_request_count": null,
      "screen_type": "overworld",
      "observed_screen_type": "overworld",
      "phase_hint": null,
      "position": {
        "map_id": 0,
        "x": 11,
        "y": 12
      },
      "party_size": 1
    },
    {
      "turn": 195941,
      "action": "a",
      "reasoning": "Auto fallback while AI is unavailable: All field directions are currently blocked, so probe the stuck scene with A instead of idling",
      "result": "After a:; no visible state change",
      "decision_source": "api_unavailable_field_interaction",
      "decision_path": "fallback",
      "model_latency_seconds": null,
      "model_request_count": null,
      "screen_type": "overworld",
      "observed_screen_type": "overworld",
      "phase_hint": null,
      "position": {
        "map_id": 0,
        "x": 11,
        "y": 12
      },
      "party_size": 1
    },
    {
      "turn": 195942,
      "action": "a",
      "reasoning": "Auto fallback while AI is unavailable: All field directions are currently blocked, so probe the stuck scene with A instead of idling",
      "result": "After a:; no visible state change",
      "decision_source": "api_unavailable_field_interaction",
      "decision_path": "fallback",
      "model_latency_seconds": null,
      "model_request_count": null,
      "screen_type": "overworld",
      "observed_screen_type": "overworld",
      "phase_hint": null,
      "position": {
        "map_id": 0,
        "x": 11,
        "y": 12
      },
      "party_size": 1
    },
    {
      "turn": 195943,
      "action": "a",
      "reasoning": "Auto fallback while AI is unavailable: All field directions are currently blocked, so probe the stuck scene with A instead of idling",
      "result": "After a:; no visible state change",
      "decision_source": "api_unavailable_field_interaction",
      "decision_path": "fallback",
      "model_latency_seconds": null,
      "model_request_count": null,
      "screen_type": "overworld",
      "observed_screen_type": "overworld",
      "phase_hint": null,
      "position": {
        "map_id": 0,
        "x": 11,
        "y": 12
      },
      "party_size": 1
    },
    {
      "turn": 195944,
      "action": "a",
      "reasoning": "Auto fallback while AI is unavailable: All field directions are currently blocked, so probe the stuck scene with A instead of idling",
      "result": "After a:; no visible state change",
      "decision_source": "api_unavailable_field_interaction",
      "decision_path": "fallback",
      "model_latency_seconds": null,
      "model_request_count": null,
      "screen_type": "overworld",
      "observed_screen_type": "overworld",
      "phase_hint": null,
      "position": {
        "map_id": 0,
        "x": 11,
        "y": 12
      },
      "party_size": 1
    },
    {
      "turn": 195945,
      "action": "b",
      "reasoning": "Auto fallback while AI is unavailable: All field directions are currently blocked, so probe the stuck scene with B instead of idling",
      "result": "After b:; no visible state change",
      "decision_source": "api_unavailable_field_interaction",
      "decision_path": "fallback",
      "model_latency_seconds": null,
      "model_request_count": null,
      "screen_type": "overworld",
      "observed_screen_type": "overworld",
      "phase_hint": null,
      "position": {
        "map_id": 0,
        "x": 11,
        "y": 12
      },
      "party_size": 1
    },
    {
      "turn": 195946,
      "action": "a",
      "reasoning": "Auto fallback while AI is unavailable: All field directions are currently blocked, so probe the stuck scene with A instead of idling",
      "result": "After a:; no visible state change",
      "decision_source": "api_unavailable_field_interaction",
      "decision_path": "fallback",
      "model_latency_seconds": null,
      "model_request_count": null,
      "screen_type": "overworld",
      "observed_screen_type": "overworld",
      "phase_hint": null,
      "position": {
        "map_id": 0,
        "x": 11,
        "y": 12
      },
      "party_size": 1
    },
    {
      "turn": 195947,
      "action": "a",
      "reasoning": "Auto fallback while AI is unavailable: All field directions are currently blocked, so probe the stuck scene with A instead of idling",
      "result": "After a:; no visible state change",
      "decision_source": "api_unavailable_field_interaction",
      "decision_path": "fallback",
      "model_latency_seconds": null,
      "model_request_count": null,
      "screen_type": "overworld",
      "observed_screen_type": "overworld",
      "phase_hint": null,
      "position": {
        "map_id": 0,
        "x": 11,
        "y": 12
      },
      "party_size": 1
    },
    {
      "turn": 195948,
      "action": "a",
      "reasoning": "Auto fallback while AI is unavailable: All field directions are currently blocked, so probe the stuck scene with A instead of idling",
      "result": "After a:; no visible state change",
      "decision_source": "api_unavailable_field_interaction",
      "decision_path": "fallback",
      "model_latency_seconds": null,
      "model_request_count": null,
      "screen_type": "overworld",
      "observed_screen_type": "overworld",
      "phase_hint": null,
      "position": {
        "map_id": 0,
        "x": 11,
        "y": 12
      },
      "party_size": 1
    },
    {
      "turn": 195949,
      "action": "a",
      "reasoning": "Auto fallback while AI is unavailable: All field directions are currently blocked, so probe the stuck scene with A instead of idling",
      "result": "After a:; no visible state change",
      "decision_source": "api_unavailable_field_interaction",
      "decision_path": "fallback",
      "model_latency_seconds": null,
      "model_request_count": null,
      "screen_type": "overworld",
      "observed_screen_type": "overworld",
      "phase_hint": null,
      "position": {
        "map_id": 0,
        "x": 11,
        "y": 12
      },
      "party_size": 1
    },
    {
      "turn": 195950,
      "action": "b",
      "reasoning": "Auto fallback while AI is unavailable: All field directions are currently blocked, so probe the stuck scene with B instead of idling",
      "result": "After b:; no visible state change",
      "decision_source": "api_unavailable_field_interaction",
      "decision_path": "fallback",
      "model_latency_seconds": null,
      "model_request_count": null,
      "screen_type": "overworld",
      "observed_screen_type": "overworld",
      "phase_hint": null,
      "position": {
        "map_id": 0,
        "x": 11,
        "y": 12
      },
      "party_size": 1
    },
    {
      "turn": 195951,
      "action": "a",
      "reasoning": "Auto fallback while AI is unavailable: All field directions are currently blocked, so probe the stuck scene with A instead of idling",
      "result": "After a:; no visible state change",
      "decision_source": "api_unavailable_field_interaction",
      "decision_path": "fallback",
      "model_latency_seconds": null,
      "model_request_count": null,
      "screen_type": "overworld",
      "observed_screen_type": "overworld",
      "phase_hint": null,
      "position": {
        "map_id": 0,
        "x": 11,
        "y": 12
      },
      "party_size": 1
    },
    {
      "turn": 195952,
      "action": "a",
      "reasoning": "Auto fallback while AI is unavailable: All field directions are currently blocked, so probe the stuck scene with A instead of idling",
      "result": "After a:; no visible state change",
      "decision_source": "api_unavailable_field_interaction",
      "decision_path": "fallback",
      "model_latency_seconds": null,
      "model_request_count": null,
      "screen_type": "overworld",
      "observed_screen_type": "overworld",
      "phase_hint": null,
      "position": {
        "map_id": 0,
        "x": 11,
        "y": 12
      },
      "party_size": 1
    },
    {
      "turn": 195953,
      "action": "a",
      "reasoning": "Auto fallback while AI is unavailable: All field directions are currently blocked, so probe the stuck scene with A instead of idling",
      "result": "After a:; no visible state change",
      "decision_source": "api_unavailable_field_interaction",
      "decision_path": "fallback",
      "model_latency_seconds": null,
      "model_request_count": null,
      "screen_type": "overworld",
      "observed_screen_type": "overworld",
      "phase_hint": null,
      "position": {
        "map_id": 0,
        "x": 11,
        "y": 12
      },
      "party_size": 1
    },
    {
      "turn": 195954,
      "action": "a",
      "reasoning": "Auto fallback while AI is unavailable: All field directions are currently blocked, so probe the stuck scene with A instead of idling",
      "result": "After a:; no visible state change",
      "decision_source": "api_unavailable_field_interaction",
      "decision_path": "fallback",
      "model_latency_seconds": null,
      "model_request_count": null,
      "screen_type": "overworld",
      "observed_screen_type": "overworld",
      "phase_hint": null,
      "position": {
        "map_id": 0,
        "x": 11,
        "y": 12
      },
      "party_size": 1
    },
    {
      "turn": 195955,
      "action": "b",
      "reasoning": "Auto fallback while AI is unavailable: All field directions are currently blocked, so probe the stuck scene with B instead of idling",
      "result": "After b:; no visible state change",
      "decision_source": "api_unavailable_field_interaction",
      "decision_path": "fallback",
      "model_latency_seconds": null,
      "model_request_count": null,
      "screen_type": "overworld",
      "observed_screen_type": "overworld",
      "phase_hint": null,
      "position": {
        "map_id": 0,
        "x": 11,
        "y": 12
      },
      "party_size": 1
    },
    {
      "turn": 195956,
      "action": "a",
      "reasoning": "Auto fallback while AI is unavailable: All field directions are currently blocked, so probe the stuck scene with A instead of idling",
      "result": "After a:; no visible state change",
      "decision_source": "api_unavailable_field_interaction",
      "decision_path": "fallback",
      "model_latency_seconds": null,
      "model_request_count": null,
      "screen_type": "overworld",
      "observed_screen_type": "overworld",
      "phase_hint": null,
      "position": {
        "map_id": 0,
        "x": 11,
        "y": 12
      },
      "party_size": 1
    },
    {
      "turn": 195957,
      "action": "a",
      "reasoning": "Auto fallback while AI is unavailable: All field directions are currently blocked, so probe the stuck scene with A instead of idling",
      "result": "After a:; no visible state change",
      "decision_source": "api_unavailable_field_interaction",
      "decision_path": "fallback",
      "model_latency_seconds": null,
      "model_request_count": null,
      "screen_type": "overworld",
      "observed_screen_type": "overworld",
      "phase_hint": null,
      "position": {
        "map_id": 0,
        "x": 11,
        "y": 12
      },
      "party_size": 1
    },
    {
      "turn": 195958,
      "action": "a",
      "reasoning": "Auto fallback while AI is unavailable: All field directions are currently blocked, so probe the stuck scene with A instead of idling",
      "result": "After a:; no visible state change",
      "decision_source": "api_unavailable_field_interaction",
      "decision_path": "fallback",
      "model_latency_seconds": null,
      "model_request_count": null,
      "screen_type": "overworld",
      "observed_screen_type": "overworld",
      "phase_hint": null,
      "position": {
        "map_id": 0,
        "x": 11,
        "y": 12
      },
      "party_size": 1
    },
    {
      "turn": 195959,
      "action": "a",
      "reasoning": "Auto fallback while AI is unavailable: All field directions are currently blocked, so probe the stuck scene with A instead of idling",
      "result": "After a:; no visible state change",
      "decision_source": "api_unavailable_field_interaction",
      "decision_path": "fallback",
      "model_latency_seconds": null,
      "model_request_count": null,
      "screen_type": "overworld",
      "observed_screen_type": "overworld",
      "phase_hint": null,
      "position": {
        "map_id": 0,
        "x": 11,
        "y": 12
      },
      "party_size": 1
    },
    {
      "turn": 195960,
      "action": "b",
      "reasoning": "Auto fallback while AI is unavailable: All field directions are currently blocked, so probe the stuck scene with B instead of idling",
      "result": "After b:; no visible state change",
      "decision_source": "api_unavailable_field_interaction",
      "decision_path": "fallback",
      "model_latency_seconds": null,
      "model_request_count": null,
      "screen_type": "overworld",
      "observed_screen_type": "overworld",
      "phase_hint": null,
      "position": {
        "map_id": 0,
        "x": 11,
        "y": 12
      },
      "party_size": 1
    },
    {
      "turn": 195961,
      "action": "a",
      "reasoning": "Auto fallback while AI is unavailable: All field directions are currently blocked, so probe the stuck scene with A instead of idling",
      "result": "After a:; no visible state change",
      "decision_source": "api_unavailable_field_interaction",
      "decision_path": "fallback",
      "model_latency_seconds": null,
      "model_request_count": null,
      "screen_type": "overworld",
      "observed_screen_type": "overworld",
      "phase_hint": null,
      "position": {
        "map_id": 0,
        "x": 11,
        "y": 12
      },
      "party_size": 1
    },
    {
      "turn": 195962,
      "action": "a",
      "reasoning": "Auto fallback while AI is unavailable: All field directions are currently blocked, so probe the stuck scene with A instead of idling",
      "result": "After a:; no visible state change",
      "decision_source": "api_unavailable_field_interaction",
      "decision_path": "fallback",
      "model_latency_seconds": null,
      "model_request_count": null,
      "screen_type": "overworld",
      "observed_screen_type": "overworld",
      "phase_hint": null,
      "position": {
        "map_id": 0,
        "x": 11,
        "y": 12
      },
      "party_size": 1
    },
    {
      "turn": 195963,
      "action": "a",
      "reasoning": "Auto fallback while AI is unavailable: All field directions are currently blocked, so probe the stuck scene with A instead of idling",
      "result": "After a:; no visible state change",
      "decision_source": "api_unavailable_field_interaction",
      "decision_path": "fallback",
      "model_latency_seconds": null,
      "model_request_count": null,
      "screen_type": "overworld",
      "observed_screen_type": "overworld",
      "phase_hint": null,
      "position": {
        "map_id": 0,
        "x": 11,
        "y": 12
      },
      "party_size": 1
    },
    {
      "turn": 195964,
      "action": "a",
      "reasoning": "Auto fallback while AI is unavailable: All field directions are currently blocked, so probe the stuck scene with A instead of idling",
      "result": "After a:; no visible state change",
      "decision_source": "api_unavailable_field_interaction",
      "decision_path": "fallback",
      "model_latency_seconds": null,
      "model_request_count": null,
      "screen_type": "overworld",
      "observed_screen_type": "overworld",
      "phase_hint": null,
      "position": {
        "map_id": 0,
        "x": 11,
        "y": 12
      },
      "party_size": 1
    },
    {
      "turn": 195965,
      "action": "b",
      "reasoning": "Auto fallback while AI is unavailable: All field directions are currently blocked, so probe the stuck scene with B instead of idling",
      "result": "After b:; no visible state change",
      "decision_source": "api_unavailable_field_interaction",
      "decision_path": "fallback",
      "model_latency_seconds": null,
      "model_request_count": null,
      "screen_type": "overworld",
      "observed_screen_type": "overworld",
      "phase_hint": null,
      "position": {
        "map_id": 0,
        "x": 11,
        "y": 12
      },
      "party_size": 1
    },
    {
      "turn": 195966,
      "action": "a",
      "reasoning": "Auto fallback while AI is unavailable: All field directions are currently blocked, so probe the stuck scene with A instead of idling",
      "result": "After a:; no visible state change",
      "decision_source": "api_unavailable_field_interaction",
      "decision_path": "fallback",
      "model_latency_seconds": null,
      "model_request_count": null,
      "screen_type": "overworld",
      "observed_screen_type": "overworld",
      "phase_hint": null,
      "position": {
        "map_id": 0,
        "x": 11,
        "y": 12
      },
      "party_size": 1
    },
    {
      "turn": 195967,
      "action": "a",
      "reasoning": "Auto fallback while AI is unavailable: All field directions are currently blocked, so probe the stuck scene with A instead of idling",
      "result": "After a:; no visible state change",
      "decision_source": "api_unavailable_field_interaction",
      "decision_path": "fallback",
      "model_latency_seconds": null,
      "model_request_count": null,
      "screen_type": "overworld",
      "observed_screen_type": "overworld",
      "phase_hint": null,
      "position": {
        "map_id": 0,
        "x": 11,
        "y": 12
      },
      "party_size": 1
    },
    {
      "turn": 195968,
      "action": "a",
      "reasoning": "Auto fallback while AI is unavailable: All field directions are currently blocked, so probe the stuck scene with A instead of idling",
      "result": "After a:; no visible state change",
      "decision_source": "api_unavailable_field_interaction",
      "decision_path": "fallback",
      "model_latency_seconds": null,
      "model_request_count": null,
      "screen_type": "overworld",
      "observed_screen_type": "overworld",
      "phase_hint": null,
      "position": {
        "map_id": 0,
        "x": 11,
        "y": 12
      },
      "party_size": 1
    },
    {
      "turn": 195969,
      "action": "a",
      "reasoning": "Auto fallback while AI is unavailable: All field directions are currently blocked, so probe the stuck scene with A instead of idling",
      "result": "After a:; no visible state change",
      "decision_source": "api_unavailable_field_interaction",
      "decision_path": "fallback",
      "model_latency_seconds": null,
      "model_request_count": null,
      "screen_type": "overworld",
      "observed_screen_type": "overworld",
      "phase_hint": null,
      "position": {
        "map_id": 0,
        "x": 11,
        "y": 12
      },
      "party_size": 1
    },
    {
      "turn": 195970,
      "action": "b",
      "reasoning": "Auto fallback while AI is unavailable: All field directions are currently blocked, so probe the stuck scene with B instead of idling",
      "result": "After b:; no visible state change",
      "decision_source": "api_unavailable_field_interaction",
      "decision_path": "fallback",
      "model_latency_seconds": null,
      "model_request_count": null,
      "screen_type": "overworld",
      "observed_screen_type": "overworld",
      "phase_hint": null,
      "position": {
        "map_id": 0,
        "x": 11,
        "y": 12
      },
      "party_size": 1
    },
    {
      "turn": 195971,
      "action": "a",
      "reasoning": "Auto fallback while AI is unavailable: All field directions are currently blocked, so probe the stuck scene with A instead of idling",
      "result": "After a:; no visible state change",
      "decision_source": "api_unavailable_field_interaction",
      "decision_path": "fallback",
      "model_latency_seconds": null,
      "model_request_count": null,
      "screen_type": "overworld",
      "observed_screen_type": "overworld",
      "phase_hint": null,
      "position": {
        "map_id": 0,
        "x": 11,
        "y": 12
      },
      "party_size": 1
    },
    {
      "turn": 195972,
      "action": "a",
      "reasoning": "Auto fallback while AI is unavailable: All field directions are currently blocked, so probe the stuck scene with A instead of idling",
      "result": "After a:; no visible state change",
      "decision_source": "api_unavailable_field_interaction",
      "decision_path": "fallback",
      "model_latency_seconds": null,
      "model_request_count": null,
      "screen_type": "overworld",
      "observed_screen_type": "overworld",
      "phase_hint": null,
      "position": {
        "map_id": 0,
        "x": 11,
        "y": 12
      },
      "party_size": 1
    },
    {
      "turn": 195973,
      "action": "a",
      "reasoning": "Auto fallback while AI is unavailable: All field directions are currently blocked, so probe the stuck scene with A instead of idling",
      "result": "After a:; no visible state change",
      "decision_source": "api_unavailable_field_interaction",
      "decision_path": "fallback",
      "model_latency_seconds": null,
      "model_request_count": null,
      "screen_type": "overworld",
      "observed_screen_type": "overworld",
      "phase_hint": null,
      "position": {
        "map_id": 0,
        "x": 11,
        "y": 12
      },
      "party_size": 1
    },
    {
      "turn": 195974,
      "action": "a",
      "reasoning": "Auto fallback while AI is unavailable: All field directions are currently blocked, so probe the stuck scene with A instead of idling",
      "result": "After a:; no visible state change",
      "decision_source": "api_unavailable_field_interaction",
      "decision_path": "fallback",
      "model_latency_seconds": null,
      "model_request_count": null,
      "screen_type": "overworld",
      "observed_screen_type": "overworld",
      "phase_hint": null,
      "position": {
        "map_id": 0,
        "x": 11,
        "y": 12
      },
      "party_size": 1
    },
    {
      "turn": 195975,
      "action": "b",
      "reasoning": "Auto fallback while AI is unavailable: All field directions are currently blocked, so probe the stuck scene with B instead of idling",
      "result": "After b:; no visible state change",
      "decision_source": "api_unavailable_field_interaction",
      "decision_path": "fallback",
      "model_latency_seconds": null,
      "model_request_count": null,
      "screen_type": "overworld",
      "observed_screen_type": "overworld",
      "phase_hint": null,
      "position": {
        "map_id": 0,
        "x": 11,
        "y": 12
      },
      "party_size": 1
    },
    {
      "turn": 195976,
      "action": "a",
      "reasoning": "Auto fallback while AI is unavailable: All field directions are currently blocked, so probe the stuck scene with A instead of idling",
      "result": "After a:; no visible state change",
      "decision_source": "api_unavailable_field_interaction",
      "decision_path": "fallback",
      "model_latency_seconds": null,
      "model_request_count": null,
      "screen_type": "overworld",
      "observed_screen_type": "overworld",
      "phase_hint": null,
      "position": {
        "map_id": 0,
        "x": 11,
        "y": 12
      },
      "party_size": 1
    },
    {
      "turn": 195977,
      "action": "a",
      "reasoning": "Auto fallback while AI is unavailable: All field directions are currently blocked, so probe the stuck scene with A instead of idling",
      "result": "After a:; no visible state change",
      "decision_source": "api_unavailable_field_interaction",
      "decision_path": "fallback",
      "model_latency_seconds": null,
      "model_request_count": null,
      "screen_type": "overworld",
      "observed_screen_type": "overworld",
      "phase_hint": null,
      "position": {
        "map_id": 0,
        "x": 11,
        "y": 12
      },
      "party_size": 1
    },
    {
      "turn": 195978,
      "action": "a",
      "reasoning": "Auto fallback while AI is unavailable: All field directions are currently blocked, so probe the stuck scene with A instead of idling",
      "result": "After a:; no visible state change",
      "decision_source": "api_unavailable_field_interaction",
      "decision_path": "fallback",
      "model_latency_seconds": null,
      "model_request_count": null,
      "screen_type": "overworld",
      "observed_screen_type": "overworld",
      "phase_hint": null,
      "position": {
        "map_id": 0,
        "x": 11,
        "y": 12
      },
      "party_size": 1
    },
    {
      "turn": 195979,
      "action": "a",
      "reasoning": "Auto fallback while AI is unavailable: All field directions are currently blocked, so probe the stuck scene with A instead of idling",
      "result": "After a:; no visible state change",
      "decision_source": "api_unavailable_field_interaction",
      "decision_path": "fallback",
      "model_latency_seconds": null,
      "model_request_count": null,
      "screen_type": "overworld",
      "observed_screen_type": "overworld",
      "phase_hint": null,
      "position": {
        "map_id": 0,
        "x": 11,
        "y": 12
      },
      "party_size": 1
    },
    {
      "turn": 195980,
      "action": "b",
      "reasoning": "Auto fallback while AI is unavailable: All field directions are currently blocked, so probe the stuck scene with B instead of idling",
      "result": "After b:; no visible state change",
      "decision_source": "api_unavailable_field_interaction",
      "decision_path": "fallback",
      "model_latency_seconds": null,
      "model_request_count": null,
      "screen_type": "overworld",
      "observed_screen_type": "overworld",
      "phase_hint": null,
      "position": {
        "map_id": 0,
        "x": 11,
        "y": 12
      },
      "party_size": 1
    },
    {
      "turn": 195981,
      "action": "a",
      "reasoning": "Auto fallback while AI is unavailable: All field directions are currently blocked, so probe the stuck scene with A instead of idling",
      "result": "After a:; no visible state change",
      "decision_source": "api_unavailable_field_interaction",
      "decision_path": "fallback",
      "model_latency_seconds": null,
      "model_request_count": null,
      "screen_type": "overworld",
      "observed_screen_type": "overworld",
      "phase_hint": null,
      "position": {
        "map_id": 0,
        "x": 11,
        "y": 12
      },
      "party_size": 1
    },
    {
      "turn": 195982,
      "action": "a",
      "reasoning": "Auto fallback while AI is unavailable: All field directions are currently blocked, so probe the stuck scene with A instead of idling",
      "result": "After a:; no visible state change",
      "decision_source": "api_unavailable_field_interaction",
      "decision_path": "fallback",
      "model_latency_seconds": null,
      "model_request_count": null,
      "screen_type": "overworld",
      "observed_screen_type": "overworld",
      "phase_hint": null,
      "position": {
        "map_id": 0,
        "x": 11,
        "y": 12
      },
      "party_size": 1
    },
    {
      "turn": 195983,
      "action": "a",
      "reasoning": "Auto fallback while AI is unavailable: All field directions are currently blocked, so probe the stuck scene with A instead of idling",
      "result": "After a:; no visible state change",
      "decision_source": "api_unavailable_field_interaction",
      "decision_path": "fallback",
      "model_latency_seconds": null,
      "model_request_count": null,
      "screen_type": "overworld",
      "observed_screen_type": "overworld",
      "phase_hint": null,
      "position": {
        "map_id": 0,
        "x": 11,
        "y": 12
      },
      "party_size": 1
    },
    {
      "turn": 195984,
      "action": "a",
      "reasoning": "Auto fallback while AI is unavailable: All field directions are currently blocked, so probe the stuck scene with A instead of idling",
      "result": "After a:; no visible state change",
      "decision_source": "api_unavailable_field_interaction",
      "decision_path": "fallback",
      "model_latency_seconds": null,
      "model_request_count": null,
      "screen_type": "overworld",
      "observed_screen_type": "overworld",
      "phase_hint": null,
      "position": {
        "map_id": 0,
        "x": 11,
        "y": 12
      },
      "party_size": 1
    },
    {
      "turn": 195985,
      "action": "b",
      "reasoning": "Auto fallback while AI is unavailable: All field directions are currently blocked, so probe the stuck scene with B instead of idling",
      "result": "After b:; no visible state change",
      "decision_source": "api_unavailable_field_interaction",
      "decision_path": "fallback",
      "model_latency_seconds": null,
      "model_request_count": null,
      "screen_type": "overworld",
      "observed_screen_type": "overworld",
      "phase_hint": null,
      "position": {
        "map_id": 0,
        "x": 11,
        "y": 12
      },
      "party_size": 1
    },
    {
      "turn": 195986,
      "action": "a",
      "reasoning": "Auto fallback while AI is unavailable: All field directions are currently blocked, so probe the stuck scene with A instead of idling",
      "result": "After a:; no visible state change",
      "decision_source": "api_unavailable_field_interaction",
      "decision_path": "fallback",
      "model_latency_seconds": null,
      "model_request_count": null,
      "screen_type": "overworld",
      "observed_screen_type": "overworld",
      "phase_hint": null,
      "position": {
        "map_id": 0,
        "x": 11,
        "y": 12
      },
      "party_size": 1
    },
    {
      "turn": 195987,
      "action": "a",
      "reasoning": "Auto fallback while AI is unavailable: All field directions are currently blocked, so probe the stuck scene with A instead of idling",
      "result": "After a:; no visible state change",
      "decision_source": "api_unavailable_field_interaction",
      "decision_path": "fallback",
      "model_latency_seconds": null,
      "model_request_count": null,
      "screen_type": "overworld",
      "observed_screen_type": "overworld",
      "phase_hint": null,
      "position": {
        "map_id": 0,
        "x": 11,
        "y": 12
      },
      "party_size": 1
    },
    {
      "turn": 195988,
      "action": "a",
      "reasoning": "Auto fallback while AI is unavailable: All field directions are currently blocked, so probe the stuck scene with A instead of idling",
      "result": "After a:; no visible state change",
      "decision_source": "api_unavailable_field_interaction",
      "decision_path": "fallback",
      "model_latency_seconds": null,
      "model_request_count": null,
      "screen_type": "overworld",
      "observed_screen_type": "overworld",
      "phase_hint": null,
      "position": {
        "map_id": 0,
        "x": 11,
        "y": 12
      },
      "party_size": 1
    },
    {
      "turn": 195989,
      "action": "a",
      "reasoning": "Auto fallback while AI is unavailable: All field directions are currently blocked, so probe the stuck scene with A instead of idling",
      "result": "After a:; no visible state change",
      "decision_source": "api_unavailable_field_interaction",
      "decision_path": "fallback",
      "model_latency_seconds": null,
      "model_request_count": null,
      "screen_type": "overworld",
      "observed_screen_type": "overworld",
      "phase_hint": null,
      "position": {
        "map_id": 0,
        "x": 11,
        "y": 12
      },
      "party_size": 1
    },
    {
      "turn": 195990,
      "action": "b",
      "reasoning": "Auto fallback while AI is unavailable: All field directions are currently blocked, so probe the stuck scene with B instead of idling",
      "result": "After b:; no visible state change",
      "decision_source": "api_unavailable_field_interaction",
      "decision_path": "fallback",
      "model_latency_seconds": null,
      "model_request_count": null,
      "screen_type": "overworld",
      "observed_screen_type": "overworld",
      "phase_hint": null,
      "position": {
        "map_id": 0,
        "x": 11,
        "y": 12
      },
      "party_size": 1
    },
    {
      "turn": 195991,
      "action": "a",
      "reasoning": "Auto fallback while AI is unavailable: All field directions are currently blocked, so probe the stuck scene with A instead of idling",
      "result": "After a:; no visible state change",
      "decision_source": "api_unavailable_field_interaction",
      "decision_path": "fallback",
      "model_latency_seconds": null,
      "model_request_count": null,
      "screen_type": "overworld",
      "observed_screen_type": "overworld",
      "phase_hint": null,
      "position": {
        "map_id": 0,
        "x": 11,
        "y": 12
      },
      "party_size": 1
    },
    {
      "turn": 195992,
      "action": "a",
      "reasoning": "Auto fallback while AI is unavailable: All field directions are currently blocked, so probe the stuck scene with A instead of idling",
      "result": "After a:; no visible state change",
      "decision_source": "api_unavailable_field_interaction",
      "decision_path": "fallback",
      "model_latency_seconds": null,
      "model_request_count": null,
      "screen_type": "overworld",
      "observed_screen_type": "overworld",
      "phase_hint": null,
      "position": {
        "map_id": 0,
        "x": 11,
        "y": 12
      },
      "party_size": 1
    },
    {
      "turn": 195993,
      "action": "a",
      "reasoning": "Auto fallback while AI is unavailable: All field directions are currently blocked, so probe the stuck scene with A instead of idling",
      "result": "After a:; no visible state change",
      "decision_source": "api_unavailable_field_interaction",
      "decision_path": "fallback",
      "model_latency_seconds": null,
      "model_request_count": null,
      "screen_type": "overworld",
      "observed_screen_type": "overworld",
      "phase_hint": null,
      "position": {
        "map_id": 0,
        "x": 11,
        "y": 12
      },
      "party_size": 1
    },
    {
      "turn": 195994,
      "action": "a",
      "reasoning": "Auto fallback while AI is unavailable: All field directions are currently blocked, so probe the stuck scene with A instead of idling",
      "result": "After a:; no visible state change",
      "decision_source": "api_unavailable_field_interaction",
      "decision_path": "fallback",
      "model_latency_seconds": null,
      "model_request_count": null,
      "screen_type": "overworld",
      "observed_screen_type": "overworld",
      "phase_hint": null,
      "position": {
        "map_id": 0,
        "x": 11,
        "y": 12
      },
      "party_size": 1
    },
    {
      "turn": 195995,
      "action": "b",
      "reasoning": "Auto fallback while AI is unavailable: All field directions are currently blocked, so probe the stuck scene with B instead of idling",
      "result": "After b:; no visible state change",
      "decision_source": "api_unavailable_field_interaction",
      "decision_path": "fallback",
      "model_latency_seconds": null,
      "model_request_count": null,
      "screen_type": "overworld",
      "observed_screen_type": "overworld",
      "phase_hint": null,
      "position": {
        "map_id": 0,
        "x": 11,
        "y": 12
      },
      "party_size": 1
    },
    {
      "turn": 195996,
      "action": "a",
      "reasoning": "Auto fallback while AI is unavailable: All field directions are currently blocked, so probe the stuck scene with A instead of idling",
      "result": "After a:; no visible state change",
      "decision_source": "api_unavailable_field_interaction",
      "decision_path": "fallback",
      "model_latency_seconds": null,
      "model_request_count": null,
      "screen_type": "overworld",
      "observed_screen_type": "overworld",
      "phase_hint": null,
      "position": {
        "map_id": 0,
        "x": 11,
        "y": 12
      },
      "party_size": 1
    },
    {
      "turn": 195997,
      "action": "a",
      "reasoning": "Auto fallback while AI is unavailable: All field directions are currently blocked, so probe the stuck scene with A instead of idling",
      "result": "After a:; no visible state change",
      "decision_source": "api_unavailable_field_interaction",
      "decision_path": "fallback",
      "model_latency_seconds": null,
      "model_request_count": null,
      "screen_type": "overworld",
      "observed_screen_type": "overworld",
      "phase_hint": null,
      "position": {
        "map_id": 0,
        "x": 11,
        "y": 12
      },
      "party_size": 1
    },
    {
      "turn": 195998,
      "action": "a",
      "reasoning": "Auto fallback while AI is unavailable: All field directions are currently blocked, so probe the stuck scene with A instead of idling",
      "result": "After a:; no visible state change",
      "decision_source": "api_unavailable_field_interaction",
      "decision_path": "fallback",
      "model_latency_seconds": null,
      "model_request_count": null,
      "screen_type": "overworld",
      "observed_screen_type": "overworld",
      "phase_hint": null,
      "position": {
        "map_id": 0,
        "x": 11,
        "y": 12
      },
      "party_size": 1
    },
    {
      "turn": 195999,
      "action": "a",
      "reasoning": "Auto fallback while AI is unavailable: All field directions are currently blocked, so probe the stuck scene with A instead of idling",
      "result": "After a:; no visible state change",
      "decision_source": "api_unavailable_field_interaction",
      "decision_path": "fallback",
      "model_latency_seconds": null,
      "model_request_count": null,
      "screen_type": "overworld",
      "observed_screen_type": "overworld",
      "phase_hint": null,
      "position": {
        "map_id": 0,
        "x": 11,
        "y": 12
      },
      "party_size": 1
    },
    {
      "turn": 196000,
      "action": "b",
      "reasoning": "Auto fallback while AI is unavailable: All field directions are currently blocked, so probe the stuck scene with B instead of idling",
      "result": "After b:; no visible state change",
      "decision_source": "api_unavailable_field_interaction",
      "decision_path": "fallback",
      "model_latency_seconds": null,
      "model_request_count": null,
      "screen_type": "overworld",
      "observed_screen_type": "overworld",
      "phase_hint": null,
      "position": {
        "map_id": 0,
        "x": 11,
        "y": 12
      },
      "party_size": 1
    },
    {
      "turn": 196001,
      "action": "a",
      "reasoning": "Auto fallback while AI is unavailable: All field directions are currently blocked, so probe the stuck scene with A instead of idling",
      "result": "After a:; no visible state change",
      "decision_source": "api_unavailable_field_interaction",
      "decision_path": "fallback",
      "model_latency_seconds": null,
      "model_request_count": null,
      "screen_type": "overworld",
      "observed_screen_type": "overworld",
      "phase_hint": null,
      "position": {
        "map_id": 0,
        "x": 11,
        "y": 12
      },
      "party_size": 1
    },
    {
      "turn": 196002,
      "action": "a",
      "reasoning": "Auto fallback while AI is unavailable: All field directions are currently blocked, so probe the stuck scene with A instead of idling",
      "result": "After a:; no visible state change",
      "decision_source": "api_unavailable_field_interaction",
      "decision_path": "fallback",
      "model_latency_seconds": null,
      "model_request_count": null,
      "screen_type": "overworld",
      "observed_screen_type": "overworld",
      "phase_hint": null,
      "position": {
        "map_id": 0,
        "x": 11,
        "y": 12
      },
      "party_size": 1
    },
    {
      "turn": 196003,
      "action": "a",
      "reasoning": "Auto fallback while AI is unavailable: All field directions are currently blocked, so probe the stuck scene with A instead of idling",
      "result": "After a:; no visible state change",
      "decision_source": "api_unavailable_field_interaction",
      "decision_path": "fallback",
      "model_latency_seconds": null,
      "model_request_count": null,
      "screen_type": "overworld",
      "observed_screen_type": "overworld",
      "phase_hint": null,
      "position": {
        "map_id": 0,
        "x": 11,
        "y": 12
      },
      "party_size": 1
    },
    {
      "turn": 196004,
      "action": "a",
      "reasoning": "Auto fallback while AI is unavailable: All field directions are currently blocked, so probe the stuck scene with A instead of idling",
      "result": "After a:; no visible state change",
      "decision_source": "api_unavailable_field_interaction",
      "decision_path": "fallback",
      "model_latency_seconds": null,
      "model_request_count": null,
      "screen_type": "overworld",
      "observed_screen_type": "overworld",
      "phase_hint": null,
      "position": {
        "map_id": 0,
        "x": 11,
        "y": 12
      },
      "party_size": 1
    },
    {
      "turn": 196005,
      "action": "b",
      "reasoning": "Auto fallback while AI is unavailable: All field directions are currently blocked, so probe the stuck scene with B instead of idling",
      "result": "After b:; no visible state change",
      "decision_source": "api_unavailable_field_interaction",
      "decision_path": "fallback",
      "model_latency_seconds": null,
      "model_request_count": null,
      "screen_type": "overworld",
      "observed_screen_type": "overworld",
      "phase_hint": null,
      "position": {
        "map_id": 0,
        "x": 11,
        "y": 12
      },
      "party_size": 1
    },
    {
      "turn": 196006,
      "action": "a",
      "reasoning": "Auto fallback while AI is unavailable: All field directions are currently blocked, so probe the stuck scene with A instead of idling",
      "result": "After a:; no visible state change",
      "decision_source": "api_unavailable_field_interaction",
      "decision_path": "fallback",
      "model_latency_seconds": null,
      "model_request_count": null,
      "screen_type": "overworld",
      "observed_screen_type": "overworld",
      "phase_hint": null,
      "position": {
        "map_id": 0,
        "x": 11,
        "y": 12
      },
      "party_size": 1
    },
    {
      "turn": 196007,
      "action": "a",
      "reasoning": "Auto fallback while AI is unavailable: All field directions are currently blocked, so probe the stuck scene with A instead of idling",
      "result": "After a:; no visible state change",
      "decision_source": "api_unavailable_field_interaction",
      "decision_path": "fallback",
      "model_latency_seconds": null,
      "model_request_count": null,
      "screen_type": "overworld",
      "observed_screen_type": "overworld",
      "phase_hint": null,
      "position": {
        "map_id": 0,
        "x": 11,
        "y": 12
      },
      "party_size": 1
    },
    {
      "turn": 196008,
      "action": "a",
      "reasoning": "Auto fallback while AI is unavailable: All field directions are currently blocked, so probe the stuck scene with A instead of idling",
      "result": "After a:; no visible state change",
      "decision_source": "api_unavailable_field_interaction",
      "decision_path": "fallback",
      "model_latency_seconds": null,
      "model_request_count": null,
      "screen_type": "overworld",
      "observed_screen_type": "overworld",
      "phase_hint": null,
      "position": {
        "map_id": 0,
        "x": 11,
        "y": 12
      },
      "party_size": 1
    },
    {
      "turn": 196009,
      "action": "a",
      "reasoning": "Auto fallback while AI is unavailable: All field directions are currently blocked, so probe the stuck scene with A instead of idling",
      "result": "After a:; no visible state change",
      "decision_source": "api_unavailable_field_interaction",
      "decision_path": "fallback",
      "model_latency_seconds": null,
      "model_request_count": null,
      "screen_type": "overworld",
      "observed_screen_type": "overworld",
      "phase_hint": null,
      "position": {
        "map_id": 0,
        "x": 11,
        "y": 12
      },
      "party_size": 1
    },
    {
      "turn": 196010,
      "action": "b",
      "reasoning": "Auto fallback while AI is unavailable: All field directions are currently blocked, so probe the stuck scene with B instead of idling",
      "result": "After b:; no visible state change",
      "decision_source": "api_unavailable_field_interaction",
      "decision_path": "fallback",
      "model_latency_seconds": null,
      "model_request_count": null,
      "screen_type": "overworld",
      "observed_screen_type": "overworld",
      "phase_hint": null,
      "position": {
        "map_id": 0,
        "x": 11,
        "y": 12
      },
      "party_size": 1
    },
    {
      "turn": 196011,
      "action": "a",
      "reasoning": "Auto fallback while AI is unavailable: All field directions are currently blocked, so probe the stuck scene with A instead of idling",
      "result": "After a:; no visible state change",
      "decision_source": "api_unavailable_field_interaction",
      "decision_path": "fallback",
      "model_latency_seconds": null,
      "model_request_count": null,
      "screen_type": "overworld",
      "observed_screen_type": "overworld",
      "phase_hint": null,
      "position": {
        "map_id": 0,
        "x": 11,
        "y": 12
      },
      "party_size": 1
    },
    {
      "turn": 196012,
      "action": "a",
      "reasoning": "Auto fallback while AI is unavailable: All field directions are currently blocked, so probe the stuck scene with A instead of idling",
      "result": "After a:; no visible state change",
      "decision_source": "api_unavailable_field_interaction",
      "decision_path": "fallback",
      "model_latency_seconds": null,
      "model_request_count": null,
      "screen_type": "overworld",
      "observed_screen_type": "overworld",
      "phase_hint": null,
      "position": {
        "map_id": 0,
        "x": 11,
        "y": 12
      },
      "party_size": 1
    },
    {
      "turn": 196013,
      "action": "a",
      "reasoning": "Auto fallback while AI is unavailable: All field directions are currently blocked, so probe the stuck scene with A instead of idling",
      "result": "After a:; no visible state change",
      "decision_source": "api_unavailable_field_interaction",
      "decision_path": "fallback",
      "model_latency_seconds": null,
      "model_request_count": null,
      "screen_type": "overworld",
      "observed_screen_type": "overworld",
      "phase_hint": null,
      "position": {
        "map_id": 0,
        "x": 11,
        "y": 12
      },
      "party_size": 1
    },
    {
      "turn": 196014,
      "action": "a",
      "reasoning": "Auto fallback while AI is unavailable: All field directions are currently blocked, so probe the stuck scene with A instead of idling",
      "result": "After a:; no visible state change",
      "decision_source": "api_unavailable_field_interaction",
      "decision_path": "fallback",
      "model_latency_seconds": null,
      "model_request_count": null,
      "screen_type": "overworld",
      "observed_screen_type": "overworld",
      "phase_hint": null,
      "position": {
        "map_id": 0,
        "x": 11,
        "y": 12
      },
      "party_size": 1
    },
    {
      "turn": 196015,
      "action": "b",
      "reasoning": "Auto fallback while AI is unavailable: All field directions are currently blocked, so probe the stuck scene with B instead of idling",
      "result": "After b:; no visible state change",
      "decision_source": "api_unavailable_field_interaction",
      "decision_path": "fallback",
      "model_latency_seconds": null,
      "model_request_count": null,
      "screen_type": "overworld",
      "observed_screen_type": "overworld",
      "phase_hint": null,
      "position": {
        "map_id": 0,
        "x": 11,
        "y": 12
      },
      "party_size": 1
    },
    {
      "turn": 196016,
      "action": "a",
      "reasoning": "Auto fallback while AI is unavailable: All field directions are currently blocked, so probe the stuck scene with A instead of idling",
      "result": "After a:; no visible state change",
      "decision_source": "api_unavailable_field_interaction",
      "decision_path": "fallback",
      "model_latency_seconds": null,
      "model_request_count": null,
      "screen_type": "overworld",
      "observed_screen_type": "overworld",
      "phase_hint": null,
      "position": {
        "map_id": 0,
        "x": 11,
        "y": 12
      },
      "party_size": 1
    },
    {
      "turn": 196017,
      "action": "a",
      "reasoning": "Auto fallback while AI is unavailable: All field directions are currently blocked, so probe the stuck scene with A instead of idling",
      "result": "After a:; no visible state change",
      "decision_source": "api_unavailable_field_interaction",
      "decision_path": "fallback",
      "model_latency_seconds": null,
      "model_request_count": null,
      "screen_type": "overworld",
      "observed_screen_type": "overworld",
      "phase_hint": null,
      "position": {
        "map_id": 0,
        "x": 11,
        "y": 12
      },
      "party_size": 1
    },
    {
      "turn": 196018,
      "action": "a",
      "reasoning": "Auto fallback while AI is unavailable: All field directions are currently blocked, so probe the stuck scene with A instead of idling",
      "result": "After a:; no visible state change",
      "decision_source": "api_unavailable_field_interaction",
      "decision_path": "fallback",
      "model_latency_seconds": null,
      "model_request_count": null,
      "screen_type": "overworld",
      "observed_screen_type": "overworld",
      "phase_hint": null,
      "position": {
        "map_id": 0,
        "x": 11,
        "y": 12
      },
      "party_size": 1
    },
    {
      "turn": 196019,
      "action": "a",
      "reasoning": "Auto fallback while AI is unavailable: All field directions are currently blocked, so probe the stuck scene with A instead of idling",
      "result": "After a:; no visible state change",
      "decision_source": "api_unavailable_field_interaction",
      "decision_path": "fallback",
      "model_latency_seconds": null,
      "model_request_count": null,
      "screen_type": "overworld",
      "observed_screen_type": "overworld",
      "phase_hint": null,
      "position": {
        "map_id": 0,
        "x": 11,
        "y": 12
      },
      "party_size": 1
    },
    {
      "turn": 196020,
      "action": "b",
      "reasoning": "Auto fallback while AI is unavailable: All field directions are currently blocked, so probe the stuck scene with B instead of idling",
      "result": "After b:; no visible state change",
      "decision_source": "api_unavailable_field_interaction",
      "decision_path": "fallback",
      "model_latency_seconds": null,
      "model_request_count": null,
      "screen_type": "overworld",
      "observed_screen_type": "overworld",
      "phase_hint": null,
      "position": {
        "map_id": 0,
        "x": 11,
        "y": 12
      },
      "party_size": 1
    },
    {
      "turn": 196021,
      "action": "a",
      "reasoning": "Auto fallback while AI is unavailable: All field directions are currently blocked, so probe the stuck scene with A instead of idling",
      "result": "After a:; no visible state change",
      "decision_source": "api_unavailable_field_interaction",
      "decision_path": "fallback",
      "model_latency_seconds": null,
      "model_request_count": null,
      "screen_type": "overworld",
      "observed_screen_type": "overworld",
      "phase_hint": null,
      "position": {
        "map_id": 0,
        "x": 11,
        "y": 12
      },
      "party_size": 1
    },
    {
      "turn": 196022,
      "action": "a",
      "reasoning": "Auto fallback while AI is unavailable: All field directions are currently blocked, so probe the stuck scene with A instead of idling",
      "result": "After a:; no visible state change",
      "decision_source": "api_unavailable_field_interaction",
      "decision_path": "fallback",
      "model_latency_seconds": null,
      "model_request_count": null,
      "screen_type": "overworld",
      "observed_screen_type": "overworld",
      "phase_hint": null,
      "position": {
        "map_id": 0,
        "x": 11,
        "y": 12
      },
      "party_size": 1
    },
    {
      "turn": 196023,
      "action": "a",
      "reasoning": "Auto fallback while AI is unavailable: All field directions are currently blocked, so probe the stuck scene with A instead of idling",
      "result": "After a:; no visible state change",
      "decision_source": "api_unavailable_field_interaction",
      "decision_path": "fallback",
      "model_latency_seconds": null,
      "model_request_count": null,
      "screen_type": "overworld",
      "observed_screen_type": "overworld",
      "phase_hint": null,
      "position": {
        "map_id": 0,
        "x": 11,
        "y": 12
      },
      "party_size": 1
    },
    {
      "turn": 196024,
      "action": "a",
      "reasoning": "Auto fallback while AI is unavailable: All field directions are currently blocked, so probe the stuck scene with A instead of idling",
      "result": "After a:; no visible state change",
      "decision_source": "api_unavailable_field_interaction",
      "decision_path": "fallback",
      "model_latency_seconds": null,
      "model_request_count": null,
      "screen_type": "overworld",
      "observed_screen_type": "overworld",
      "phase_hint": null,
      "position": {
        "map_id": 0,
        "x": 11,
        "y": 12
      },
      "party_size": 1
    },
    {
      "turn": 196025,
      "action": "b",
      "reasoning": "Auto fallback while AI is unavailable: All field directions are currently blocked, so probe the stuck scene with B instead of idling",
      "result": "After b:; no visible state change",
      "decision_source": "api_unavailable_field_interaction",
      "decision_path": "fallback",
      "model_latency_seconds": null,
      "model_request_count": null,
      "screen_type": "overworld",
      "observed_screen_type": "overworld",
      "phase_hint": null,
      "position": {
        "map_id": 0,
        "x": 11,
        "y": 12
      },
      "party_size": 1
    },
    {
      "turn": 196026,
      "action": "a",
      "reasoning": "Auto fallback while AI is unavailable: All field directions are currently blocked, so probe the stuck scene with A instead of idling",
      "result": "After a:; no visible state change",
      "decision_source": "api_unavailable_field_interaction",
      "decision_path": "fallback",
      "model_latency_seconds": null,
      "model_request_count": null,
      "screen_type": "overworld",
      "observed_screen_type": "overworld",
      "phase_hint": null,
      "position": {
        "map_id": 0,
        "x": 11,
        "y": 12
      },
      "party_size": 1
    },
    {
      "turn": 196027,
      "action": "a",
      "reasoning": "Auto fallback while AI is unavailable: All field directions are currently blocked, so probe the stuck scene with A instead of idling",
      "result": "After a:; no visible state change",
      "decision_source": "api_unavailable_field_interaction",
      "decision_path": "fallback",
      "model_latency_seconds": null,
      "model_request_count": null,
      "screen_type": "overworld",
      "observed_screen_type": "overworld",
      "phase_hint": null,
      "position": {
        "map_id": 0,
        "x": 11,
        "y": 12
      },
      "party_size": 1
    },
    {
      "turn": 196028,
      "action": "a",
      "reasoning": "Auto fallback while AI is unavailable: All field directions are currently blocked, so probe the stuck scene with A instead of idling",
      "result": "After a:; no visible state change",
      "decision_source": "api_unavailable_field_interaction",
      "decision_path": "fallback",
      "model_latency_seconds": null,
      "model_request_count": null,
      "screen_type": "overworld",
      "observed_screen_type": "overworld",
      "phase_hint": null,
      "position": {
        "map_id": 0,
        "x": 11,
        "y": 12
      },
      "party_size": 1
    },
    {
      "turn": 196029,
      "action": "a",
      "reasoning": "Auto fallback while AI is unavailable: All field directions are currently blocked, so probe the stuck scene with A instead of idling",
      "result": "After a:; no visible state change",
      "decision_source": "api_unavailable_field_interaction",
      "decision_path": "fallback",
      "model_latency_seconds": null,
      "model_request_count": null,
      "screen_type": "overworld",
      "observed_screen_type": "overworld",
      "phase_hint": null,
      "position": {
        "map_id": 0,
        "x": 11,
        "y": 12
      },
      "party_size": 1
    },
    {
      "turn": 196030,
      "action": "b",
      "reasoning": "Auto fallback while AI is unavailable: All field directions are currently blocked, so probe the stuck scene with B instead of idling",
      "result": "After b:; no visible state change",
      "decision_source": "api_unavailable_field_interaction",
      "decision_path": "fallback",
      "model_latency_seconds": null,
      "model_request_count": null,
      "screen_type": "overworld",
      "observed_screen_type": "overworld",
      "phase_hint": null,
      "position": {
        "map_id": 0,
        "x": 11,
        "y": 12
      },
      "party_size": 1
    },
    {
      "turn": 196031,
      "action": "a",
      "reasoning": "Auto fallback while AI is unavailable: All field directions are currently blocked, so probe the stuck scene with A instead of idling",
      "result": "After a:; no visible state change",
      "decision_source": "api_unavailable_field_interaction",
      "decision_path": "fallback",
      "model_latency_seconds": null,
      "model_request_count": null,
      "screen_type": "overworld",
      "observed_screen_type": "overworld",
      "phase_hint": null,
      "position": {
        "map_id": 0,
        "x": 11,
        "y": 12
      },
      "party_size": 1
    },
    {
      "turn": 196032,
      "action": "a",
      "reasoning": "Auto fallback while AI is unavailable: All field directions are currently blocked, so probe the stuck scene with A instead of idling",
      "result": "After a:; no visible state change",
      "decision_source": "api_unavailable_field_interaction",
      "decision_path": "fallback",
      "model_latency_seconds": null,
      "model_request_count": null,
      "screen_type": "overworld",
      "observed_screen_type": "overworld",
      "phase_hint": null,
      "position": {
        "map_id": 0,
        "x": 11,
        "y": 12
      },
      "party_size": 1
    },
    {
      "turn": 196033,
      "action": "a",
      "reasoning": "Auto fallback while AI is unavailable: All field directions are currently blocked, so probe the stuck scene with A instead of idling",
      "result": "After a:; no visible state change",
      "decision_source": "api_unavailable_field_interaction",
      "decision_path": "fallback",
      "model_latency_seconds": null,
      "model_request_count": null,
      "screen_type": "overworld",
      "observed_screen_type": "overworld",
      "phase_hint": null,
      "position": {
        "map_id": 0,
        "x": 11,
        "y": 12
      },
      "party_size": 1
    }
  ]
}
