[autonomous_smoke] Headless smoke mode is active. Live dashboard updates are disabled (visualization.enabled=False, game.headless=True).
[autonomous_smoke] This mode is expected to finish quickly after the requested turn budget. Run `python main.py` if you want the live dashboard, stream, and model status.
[autonomous_smoke] checkpoint='checkpoint_195913', turns=120, llm_primary=True, pure_llm=False, research_mode=False, ai_full_control=True, reset_context=True, ai_timeout=25, same_turn_budget=30, decision_max_tokens=384, action_plan_max_actions=3
[32m14:16:39 - Main - INFO[0m - ==================================================[0m
[32m14:16:39 - Main - INFO[0m - MILESTONE: 宝可梦AI智能体启动中[0m
[32m14:16:39 - Main - INFO[0m - ==================================================[0m
[32m14:16:39 - Main - INFO[0m - 正在初始化模拟器...[0m
[32m14:16:39 - Emulator - INFO[0m - Initializing emulator with ROM: PokemonRed.gb[0m
[32m14:16:39 - Emulator - INFO[0m - Emulator initialized successfully[0m
[32m14:16:39 - MemoryReader - INFO[0m - Memory reader initialized[0m
[32m14:16:39 - Main - INFO[0m - 模拟器初始化完成[0m
[32m14:16:39 - Main - INFO[0m - 正在初始化状态系统...[0m
[32m14:16:39 - Vision - INFO[0m - 增强视觉处理器已初始化[0m
[32m14:16:39 - MapMemory - INFO[0m - Loaded map memory: 5 maps explored[0m
[32m14:16:39 - MapMemory - INFO[0m - Map memory initialized[0m
[32m14:16:39 - Main - INFO[0m - 状态系统初始化完成[0m
[32m14:16:39 - Main - INFO[0m - 正在初始化AI智能体...[0m
[32m14:16:39 - MainAgent - INFO[0m - Using AI endpoint: https://api.ququ233.com/v1[0m
[32m14:16:39 - ContextManager - INFO[0m - Context manager initialized (max_turns=80, keep_recent=12)[0m
[32m14:16:39 - Summarizer - INFO[0m - Using AI endpoint: https://api.ququ233.com/v1[0m
[32m14:16:39 - Summarizer - INFO[0m - Summarizer initialized[0m
[32m14:16:39 - GoalManager - INFO[0m - Goal manager initialized[0m
[32m14:16:39 - GoalManager - INFO[0m - ==================================================[0m
[32m14:16:39 - GoalManager - INFO[0m - MILESTONE: LONG-TERM MISSION: 通过击败四天王并成为冠军来完成宝可梦红版[0m
[32m14:16:39 - GoalManager - INFO[0m - ==================================================[0m
[32m14:16:39 - MainAgent - INFO[0m - Main agent initialized[0m
[32m14:16:39 - Pathfinder - INFO[0m - Using AI endpoint: https://api.ququ233.com/v1[0m
[32m14:16:39 - Pathfinder - INFO[0m - Pathfinder agent initialized[0m
[32m14:16:39 - PuzzleSolver - INFO[0m - Using AI endpoint: https://api.ququ233.com/v1[0m
[32m14:16:39 - PuzzleSolver - INFO[0m - Puzzle solver agent initialized[0m
[32m14:16:39 - Critic - INFO[0m - Using AI endpoint: https://api.ququ233.com/v1[0m
[32m14:16:39 - Critic - INFO[0m - Critic agent initialized[0m
[32m14:16:39 - Main - INFO[0m - AI智能体初始化完成[0m
[32m14:16:39 - Main - INFO[0m - 正在初始化工具...[0m
[32m14:16:39 - ActionExecutor - INFO[0m - Action executor initialized[0m
[32m14:16:39 - ProgressTracker - INFO[0m - Progress tracker initialized[0m
[32m14:16:39 - Visualizer - INFO[0m - Visualizer initialized on port 5000[0m
[32m14:16:39 - Main - INFO[0m - 工具初始化完成[0m
[32m14:16:39 - Main - INFO[0m - 宝可梦AI智能体初始化成功[0m
[32m14:16:39 - Main - INFO[0m - 正在从 data\checkpoints\checkpoint_195913 读取存档[0m
[32m14:16:39 - Emulator - INFO[0m - Loading state from: data\checkpoints\checkpoint_195913\emulator.state[0m
[32m14:16:39 - ContextManager - INFO[0m - Loaded context from data\checkpoints\checkpoint_195913/context.json (0 summaries, 88 recent turns)[0m
[32m14:16:39 - GoalManager - INFO[0m - Loaded goals from data\checkpoints\checkpoint_195913/goals.json[0m
[32m14:16:39 - MainAgent - INFO[0m - Loaded agent state from data\checkpoints\checkpoint_195913[0m
[32m14:16:39 - MapMemory - INFO[0m - Loaded map memory: 5 maps explored[0m
[32m14:16:39 - ProgressTracker - INFO[0m - Loaded progress from data\checkpoints\checkpoint_195913\progress.json[0m
[32m14:16:39 - Main - INFO[0m - ==================================================[0m
[32m14:16:39 - Main - INFO[0m - MILESTONE: 已恢复存档 checkpoint_195913[0m
[32m14:16:39 - Main - INFO[0m - ==================================================[0m
[32m14:16:39 - ContextManager - INFO[0m - Cleared all context[0m
[32m14:16:39 - Main - INFO[0m - ==================================================[0m
[32m14:16:39 - Main - INFO[0m - MILESTONE: 开始游戏[0m
[32m14:16:39 - Main - INFO[0m - ==================================================[0m
[32m14:16:46 - MainAgent - INFO[0m - DECISION: down | Reasoning: The screenshot shows Oak's lab with no dialogue open, and the player is above the bottom exit so the next mandatory progress is to leave the lab.[0m
[32m14:16:46 - ActionExecutor - INFO[0m - ACTION: down[0m
[32m14:16:58 - MainAgent - INFO[0m - DECISION: down | Reasoning: The lab interior is visible with no dialogue box, and the player is one step above the bottom exit strip so moving down should leave the building.[0m
[32m14:16:58 - ActionExecutor - INFO[0m - ACTION: down[0m
[31m14:17:03 - MainAgent - ERROR[0m - Failed to get AI decision: AI request failed: ('Connection aborted.', ConnectionResetError(10054, '远程主机强迫关闭了一个现有的连接。', None, 10054, None))[0m
[33m14:17:03 - Main - WARNING[0m - Retrying same-turn AI decision (ai_error) on agent turn 195916 in 1.0s [attempt 1/8][0m
[31m14:17:09 - MainAgent - ERROR[0m - Failed to get AI decision: AI request failed: ('Connection aborted.', ConnectionResetError(10054, '远程主机强迫关闭了一个现有的连接。', None, 10054, None))[0m
[33m14:17:09 - Main - WARNING[0m - Retrying same-turn AI decision (ai_error) on agent turn 195916 in 2.0s [attempt 2/8][0m
[32m14:17:31 - MainAgent - INFO[0m - DECISION: down | Reasoning: The screenshot shows the player in Oak's lab facing downward with the bottom doorway one tile below, so stepping down should reach the exit tile rather than repeating a blocked unchanged move from the threshold.[0m
[32m14:17:31 - ActionExecutor - INFO[0m - ACTION: down[0m
[32m14:17:31 - ActionExecutor - INFO[0m - ACTION: down[0m
[31m14:17:36 - MainAgent - ERROR[0m - Failed to get AI decision: AI request failed: ('Connection aborted.', ConnectionResetError(10054, '远程主机强迫关闭了一个现有的连接。', None, 10054, None))[0m
[33m14:17:36 - Main - WARNING[0m - Retrying same-turn AI decision (ai_error) on agent turn 195918 in 1.0s [attempt 1/8][0m
[32m14:17:45 - MainAgent - INFO[0m - DECISION: down | Reasoning: The screenshot shows the player standing on the lab’s bottom doorway threshold facing the black exit band, so one more step down should trigger leaving the building.[0m
[32m14:17:45 - ActionExecutor - INFO[0m - ACTION: down[0m
[32m14:17:45 - ActionExecutor - INFO[0m - ACTION: left[0m
[32m14:17:45 - Main - INFO[0m - 
=== GAME STATE (Turn 195920) ===

POSITION:
- Map ID: 40
- Coordinates: (4, 11)
- Facing: left
- Harness UI Classification: indoor
- External UI Hint: unknown
- Harness Local Vision: disabled

BADGES: 0/8
  [ ] Boulder Badge
  [ ] Cascade Badge
  [ ] Thunder Badge
  [ ] Rainbow Badge
  [ ] Soul Badge
  [ ] Marsh Badge
  [ ] Volcano Badge
  [ ] Earth Badge

MONEY: $3175
ITEMS IN BAG: 0

PARTY: 1 Pokemon
  1. Charmander Lv.6 - HP: 21/21 (100%)
     Moves: [PP:35] [PP:40] 

UI FLAGS:
  Text box active (RAM): False
  Menu active (RAM): False

PERCEPTION SUMMARY:
  Harness note: Harness-side pixel heuristics are disabled. The raw screenshot is still attached separately for model vision.

STATE DELTAS (memory-based):
  Position changed: False
  Money delta: 0
  Battle toggled: False
  Movement stall turns: 1
  Stuck hint: slight stall

MOVEMENT PATTERN:
  Recent same-map positions tracked: 7
  Unique recent tiles: 4
  Recent movement box: 1x4
  Current tile repeats in window: 2
  Loop warning: none

EXPLORATION:
  Current Map Explored: 18.5%
  Tiles Explored: 37/200
  Nearby Unexplored Tiles: 10
    - (3, 11)
    - (4, 12)
    - (2, 11)
    - (3, 10)
    - (3, 12)

NAVIGATION MEMORY:
  Current Tile Visits: 2
  Known exits from current tile: none yet
  Known blocked directions from current tile: none
  Immediate movement preference: up=adjacent_explored, down=frontier, left=frontier, right=adjacent_explored
  Adjacent Tile Occupancy: known_exit=previously succeeded, frontier=unexplored adjacent tile, confirmed_blocked=failed 2+ times, blocked_once=failed once, adjacent_explored=neighbor explored but this step unconfirmed, unknown=no reliable memory yet
    - up: status=adjacent_explored target=(4, 10) visits=2
    - down: status=frontier target=(4, 12)
    - left: status=frontier target=(3, 11)
    - right: status=adjacent_explored target=(5, 11) visits=4
  Reachable frontier tiles on this map: 25
  Suggested frontier target: (4, 11)
  Suggested route to frontier: already there
  Unknown directions from frontier: down, left
  Frontier novelty: high; local revisit pressure 11; global novelty distance 7; priority score 6.5
  Top Frontier Alternatives:
    - (12, 11) novelty=high pressure=2 distance=8 unknown=up, down, left, right
    - (5, 11) novelty=high pressure=11 distance=1 unknown=up, down, right
    - (4, 11) novelty=high pressure=11 distance=0 unknown=down, left
  Frontier caution: Current tile is a weaker local frontier (score 6.5, pressure 11, visits 2). A stronger frontier at (12, 11) scores 44.95; prefer right instead of probing every adjacent unknown here.
  Local Map Window:
    ????FF???
    ????FF???
    ????FF???
    ????F????
    ????PF???
    ?????????
    ?????????
    ?????????
    ?????????
  Explored Map Snapshot:
    Legend: P=player .=explored F=frontier #=confirmed-wall W=warp ?=unknown
    Bounds: x=-3..14 y=-2..13 size=18x16 explored=37 frontier=25 blocked=7 warps=0
    ??????????????????
    ??????????????????
    ???????##?????????
    ???#??#.F?????????
    ??#.FF.F#?????????
    ???F....F#????????
    ???F....F?????????
    ???FFFF.F?????????
    ???????FF?????????
    ???????FF?????????
    ???????FF?????????
    ???????FF?????????
    ???????F??????????
    ???????PF??????F??
    ??????????????????
    ??????????????????

==================================================
[0m
[32m14:17:53 - MainAgent - INFO[0m - DECISION: down | Reasoning: The screenshot shows the player on the lab’s bottom exit mat facing left, with the doorway opening directly below into the black transition area.[0m
[32m14:17:53 - ActionExecutor - INFO[0m - ACTION: down[0m
[31m14:17:58 - MainAgent - ERROR[0m - Failed to get AI decision: AI request failed: ('Connection aborted.', ConnectionResetError(10054, '远程主机强迫关闭了一个现有的连接。', None, 10054, None))[0m
[33m14:17:58 - Main - WARNING[0m - Retrying same-turn AI decision (ai_error) on agent turn 195921 in 1.0s [attempt 1/8][0m
[32m14:18:09 - MainAgent - INFO[0m - DECISION: right | Reasoning: The screenshot shows the player standing on the lab’s exit mat with open floor to the right while repeated down attempts at this tile have failed.[0m
[32m14:18:09 - ActionExecutor - INFO[0m - ACTION: right[0m
[31m14:18:14 - MainAgent - ERROR[0m - Failed to get AI decision: AI request failed: ('Connection aborted.', ConnectionResetError(10054, '远程主机强迫关闭了一个现有的连接。', None, 10054, None))[0m
[33m14:18:14 - Main - WARNING[0m - Retrying same-turn AI decision (ai_error) on agent turn 195922 in 1.0s [attempt 1/8][0m
[31m14:18:20 - MainAgent - ERROR[0m - Failed to get AI decision: AI request failed: ('Connection aborted.', ConnectionResetError(10054, '远程主机强迫关闭了一个现有的连接。', None, 10054, None))[0m
[33m14:18:20 - Main - WARNING[0m - Retrying same-turn AI decision (ai_error) on agent turn 195922 in 2.0s [attempt 2/8][0m
[31m14:18:27 - MainAgent - ERROR[0m - Failed to get AI decision: AI request failed: ('Connection aborted.', ConnectionResetError(10054, '远程主机强迫关闭了一个现有的连接。', None, 10054, None))[0m
[33m14:18:27 - Main - WARNING[0m - Retrying same-turn AI decision (ai_error) on agent turn 195922 in 2.0s [attempt 3/8][0m
[31m14:18:34 - MainAgent - ERROR[0m - Failed to get AI decision: AI request failed: ('Connection aborted.', ConnectionResetError(10054, '远程主机强迫关闭了一个现有的连接。', None, 10054, None))[0m
[33m14:18:34 - Main - WARNING[0m - Retrying same-turn AI decision (ai_error) on agent turn 195922 in 2.0s [attempt 4/8][0m
[31m14:18:41 - MainAgent - ERROR[0m - Failed to get AI decision: AI request failed: ('Connection aborted.', ConnectionResetError(10054, '远程主机强迫关闭了一个现有的连接。', None, 10054, None))[0m
[31m14:18:41 - Main - ERROR[0m - Same-turn AI retry budget exhausted after 5 attempts over 32.1s: AI request failed: ('Connection aborted.', ConnectionResetError(10054, '远程主机强迫关闭了一个现有的连接。', None, 10054, None))[0m
[32m14:18:41 - ActionExecutor - INFO[0m - ACTION: right[0m
[32m14:18:41 - ActionExecutor - INFO[0m - ACTION: right[0m
[32m14:18:41 - ActionExecutor - INFO[0m - ACTION: right[0m
[32m14:18:42 - ActionExecutor - INFO[0m - ACTION: right[0m
[32m14:18:42 - ActionExecutor - INFO[0m - ACTION: up[0m
[32m14:18:42 - ActionExecutor - INFO[0m - ACTION: right[0m
[32m14:18:42 - ActionExecutor - INFO[0m - ACTION: up[0m
[32m14:18:42 - ActionExecutor - INFO[0m - ACTION: left[0m
[32m14:18:42 - Main - INFO[0m - 
=== GAME STATE (Turn 195930) ===

POSITION:
- Map ID: 40
- Coordinates: (9, 10)
- Facing: left
- Harness UI Classification: indoor
- External UI Hint: indoor
- Harness Local Vision: disabled

BADGES: 0/8
  [ ] Boulder Badge
  [ ] Cascade Badge
  [ ] Thunder Badge
  [ ] Rainbow Badge
  [ ] Soul Badge
  [ ] Marsh Badge
  [ ] Volcano Badge
  [ ] Earth Badge

MONEY: $3175
ITEMS IN BAG: 0

PARTY: 1 Pokemon
  1. Charmander Lv.6 - HP: 21/21 (100%)
     Moves: [PP:35] [PP:40] 

UI FLAGS:
  Text box active (RAM): False
  Menu active (RAM): False

PERCEPTION SUMMARY:
  Harness note: Harness-side pixel heuristics are disabled. The raw screenshot is still attached separately for model vision.

STATE DELTAS (memory-based):
  Position changed: False
  Money delta: 0
  Battle toggled: False
  Movement stall turns: 1
  Stuck hint: slight stall

MOVEMENT PATTERN:
  Recent same-map positions tracked: 10
  Unique recent tiles: 7
  Recent movement box: 6x2
  Current tile repeats in window: 2
  Loop warning: none

EXPLORATION:
  Current Map Explored: 21.0%
  Tiles Explored: 42/200
  Nearby Unexplored Tiles: 10
    - (8, 10)
    - (9, 9)
    - (10, 10)
    - (7, 10)
    - (8, 9)

NAVIGATION MEMORY:
  Current Tile Visits: 2
  Known exits from current tile: none yet
  Known blocked directions from current tile: none
  Immediate movement preference: up=frontier, down=adjacent_explored, left=frontier, right=frontier
  Adjacent Tile Occupancy: known_exit=previously succeeded, frontier=unexplored adjacent tile, confirmed_blocked=failed 2+ times, blocked_once=failed once, adjacent_explored=neighbor explored but this step unconfirmed, unknown=no reliable memory yet
    - up: status=frontier target=(9, 9)
    - down: status=adjacent_explored target=(9, 11) visits=1
    - left: status=frontier target=(8, 10)
    - right: status=frontier target=(10, 10)
  Reachable frontier tiles on this map: 30
  Suggested frontier target: (9, 10)
  Suggested route to frontier: already there
  Unknown directions from frontier: up, left, right
  Frontier novelty: high; local revisit pressure 6; global novelty distance 9; priority score 24.25
  Top Frontier Alternatives:
    - (12, 11) novelty=high pressure=2 distance=4 unknown=up, down, left, right
    - (9, 10) novelty=high pressure=6 distance=0 unknown=up, left, right
    - (9, 11) novelty=high pressure=6 distance=1 unknown=down, right
  Frontier caution: Current tile is a weaker local frontier (score 24.25, pressure 6, visits 2). A stronger frontier at (12, 11) scores 42.85; prefer right instead of probing every adjacent unknown here.
  Local Map Window:
    F????????
    F????????
    F????????
    F????????
    ????P????
    FFFFF??F?
    ?????????
    ?????????
    ?????????
  Explored Map Snapshot:
    Legend: P=player .=explored F=frontier #=confirmed-wall W=warp ?=unknown
    Bounds: x=-3..14 y=-2..13 size=18x16 explored=42 frontier=30 blocked=7 warps=0
    ??????????????????
    ??????????????????
    ???????##?????????
    ???#??#.F?????????
    ??#.FF.F#?????????
    ???F....F#????????
    ???F....F?????????
    ???FFFF.F?????????
    ???????FF?????????
    ???????FF?????????
    ???????FF?????????
    ???????FF?????????
    ???????F????P?????
    ???????FFFFFF??F??
    ??????????????????
    ??????????????????

==================================================
[0m
[32m14:18:42 - ActionExecutor - INFO[0m - ACTION: right[0m
[32m14:18:42 - ActionExecutor - INFO[0m - ACTION: right[0m
[32m14:18:43 - ActionExecutor - INFO[0m - ACTION: right[0m
[32m14:18:43 - ActionExecutor - INFO[0m - ACTION: down[0m
[32m14:18:43 - Main - INFO[0m - Temporarily avoiding move up from (40, 9, 11) after an immediate trigger-tile retreat loop[0m
[32m14:18:43 - Main - INFO[0m - Temporarily avoiding frontier tile (40, 9, 11) after an immediate trigger-tile retreat loop[0m
[32m14:18:43 - Main - INFO[0m - Temporarily avoiding frontier tile (40, 9, 10) after an immediate trigger-tile retreat loop[0m
[32m14:18:43 - ActionExecutor - INFO[0m - ACTION: down[0m
[32m14:18:43 - ActionExecutor - INFO[0m - ACTION: down[0m
[31m14:18:48 - MainAgent - ERROR[0m - Failed to get AI decision: AI request failed: ('Connection aborted.', ConnectionResetError(10054, '远程主机强迫关闭了一个现有的连接。', None, 10054, None))[0m
[33m14:18:48 - Main - WARNING[0m - Retrying same-turn AI decision (ai_error) on agent turn 195936 in 2.0s [attempt 1/8][0m
[31m14:18:55 - MainAgent - ERROR[0m - Failed to get AI decision: AI request failed: ('Connection aborted.', ConnectionResetError(10054, '远程主机强迫关闭了一个现有的连接。', None, 10054, None))[0m
[33m14:18:55 - Main - WARNING[0m - Retrying same-turn AI decision (ai_error) on agent turn 195936 in 2.0s [attempt 2/8][0m
[31m14:19:02 - MainAgent - ERROR[0m - Failed to get AI decision: AI request failed: ('Connection aborted.', ConnectionResetError(10054, '远程主机强迫关闭了一个现有的连接。', None, 10054, None))[0m
[33m14:19:02 - Main - WARNING[0m - Retrying same-turn AI decision (ai_error) on agent turn 195936 in 2.0s [attempt 3/8][0m
[31m14:19:09 - MainAgent - ERROR[0m - Failed to get AI decision: AI request failed: ('Connection aborted.', ConnectionResetError(10054, '远程主机强迫关闭了一个现有的连接。', None, 10054, None))[0m
[33m14:19:09 - Main - WARNING[0m - Retrying same-turn AI decision (ai_error) on agent turn 195936 in 2.0s [attempt 4/8][0m
[32m14:19:20 - MainAgent - INFO[0m - DECISION: right | Reasoning: The screenshot shows the player in Oak's lab with open floor space to the right, so exploring right follows the strongest untested frontier instead of repeating blocked down.[0m
[32m14:19:20 - ActionExecutor - INFO[0m - ACTION: right[0m
[32m14:19:25 - MainAgent - INFO[0m - DECISION: up | Reasoning: The screenshot shows the player at the right side of Oak's lab with open floor above and the local map marks up as the known route to a better frontier rather than repeating blocked right/down.[0m
[32m14:19:25 - ActionExecutor - INFO[0m - ACTION: up[0m
[31m14:19:30 - MainAgent - ERROR[0m - Failed to get AI decision: AI request failed: ('Connection aborted.', ConnectionResetError(10054, '远程主机强迫关闭了一个现有的连接。', None, 10054, None))[0m
[33m14:19:30 - Main - WARNING[0m - Retrying same-turn AI decision (ai_error) on agent turn 195938 in 1.0s [attempt 1/8][0m
[31m14:19:36 - MainAgent - ERROR[0m - Failed to get AI decision: AI request failed: ('Connection aborted.', ConnectionResetError(10054, '远程主机强迫关闭了一个现有的连接。', None, 10054, None))[0m
[33m14:19:36 - Main - WARNING[0m - Retrying same-turn AI decision (ai_error) on agent turn 195938 in 2.0s [attempt 2/8][0m
[31m14:19:43 - MainAgent - ERROR[0m - Failed to get AI decision: AI request failed: ('Connection aborted.', ConnectionResetError(10054, '远程主机强迫关闭了一个现有的连接。', None, 10054, None))[0m
[33m14:19:43 - Main - WARNING[0m - Retrying same-turn AI decision (ai_error) on agent turn 195938 in 2.0s [attempt 3/8][0m
[32m14:19:52 - MainAgent - INFO[0m - DECISION: left | Reasoning: The screenshot shows the player just above the bottom aisle of Oak's lab with clear floor to the left, making left the best unexplored step instead of repeating blocked up/right.[0m
[32m14:19:52 - ActionExecutor - INFO[0m - ACTION: left[0m
[32m14:19:57 - MainAgent - INFO[0m - DECISION: a | Reasoning: The screenshot shows the rival standing directly below-right of the player in Oak's lab, so pressing A is the concrete next step to trigger any remaining mandatory dialogue or battle.[0m
[32m14:19:57 - ActionExecutor - INFO[0m - ACTION: a[0m
[32m14:19:58 - Main - INFO[0m - 
=== GAME STATE (Turn 195940) ===

POSITION:
- Map ID: 40
- Coordinates: (9, 11)
- Facing: left
- Harness UI Classification: indoor
- External UI Hint: indoor
- Harness Local Vision: disabled

BADGES: 0/8
  [ ] Boulder Badge
  [ ] Cascade Badge
  [ ] Thunder Badge
  [ ] Rainbow Badge
  [ ] Soul Badge
  [ ] Marsh Badge
  [ ] Volcano Badge
  [ ] Earth Badge

MONEY: $3175
ITEMS IN BAG: 0

PARTY: 1 Pokemon
  1. Charmander Lv.6 - HP: 21/21 (100%)
     Moves: [PP:35] [PP:40] 

UI FLAGS:
  Text box active (RAM): False
  Menu active (RAM): False

PERCEPTION SUMMARY:
  Harness note: Harness-side pixel heuristics are disabled. The raw screenshot is still attached separately for model vision.

STATE DELTAS (memory-based):
  Position changed: False
  Money delta: 0
  Battle toggled: False
  Movement stall turns: 1
  Stuck hint: slight stall

MOVEMENT PATTERN:
  Recent same-map positions tracked: 10
  Unique recent tiles: 2
  Recent movement box: 1x2
  Current tile repeats in window: 7
  Loop warning: high - last 10 same-map positions stayed within a 1x2 box covering only 2 tiles

EXPLORATION:
  Current Map Explored: 21.0%
  Tiles Explored: 42/200
  Nearby Unexplored Tiles: 10
    - (9, 12)
    - (10, 11)
    - (8, 10)
    - (8, 12)
    - (9, 9)

NAVIGATION MEMORY:
  Current Tile Visits: 8
  Known exit up: (9, 10)
  Known blocked directions from current tile: down, up
  Immediate movement preference: up=known_exit, left=adjacent_explored, right=frontier
  Immediate movement cautions: down=confirmed_blocked
  Adjacent Tile Occupancy: known_exit=previously succeeded, frontier=unexplored adjacent tile, confirmed_blocked=failed 2+ times, blocked_once=failed once, adjacent_explored=neighbor explored but this step unconfirmed, unknown=no reliable memory yet
    - up: status=known_exit target=(9, 10) blocked_attempts=2 visits=5
    - down: status=confirmed_blocked target=(9, 12) blocked_attempts=2
    - left: status=adjacent_explored target=(8, 11) visits=2
    - right: status=frontier target=(10, 11)
  Reachable frontier tiles on this map: 30
  Suggested frontier target: (9, 10)
  Suggested route to frontier: up
  Unknown directions from frontier: up, left
  Frontier novelty: medium; local revisit pressure 16; global novelty distance 9; priority score -8.6
  Top Frontier Alternatives:
    - (12, 11) novelty=high pressure=2 distance=3 unknown=up, down, left, right
    - (8, 11) novelty=medium pressure=17 distance=1 unknown=up, down
    - (6, 11) novelty=medium pressure=18 distance=3 unknown=up, down
  Frontier caution: Current tile is a weaker local frontier (score -26.5, pressure 16, visits 8). A stronger frontier at (12, 11) scores 43.2; prefer right instead of probing every adjacent unknown here.
  Local Map Window:
    F????????
    F????????
    F????????
    ????F????
    FFFFP??F?
    ?????????
    ?????????
    ?????????
    ?????????
  Explored Map Snapshot:
    Legend: P=player .=explored F=frontier #=confirmed-wall W=warp ?=unknown
    Bounds: x=-3..14 y=-2..14 size=18x17 explored=42 frontier=30 blocked=9 warps=0
    ??????????????????
    ??????????????????
    ???????##?????????
    ???#??#.F?????????
    ??#.FF.F#?????????
    ???F....F#????????
    ???F....F?????????
    ???FFFF.F?????????
    ???????FF?????????
    ???????FF?????????
    ???????FF?????????
    ???????FF?????????
    ???????F????F#????
    ???????FFFFFP??F??
    ????????????#?????
    ??????????????????
    ??????????????????

==================================================
[0m
[32m14:20:03 - MainAgent - INFO[0m - DECISION: up | Reasoning: The screenshot shows the rival one tile directly above the player in Oak's lab, so moving up is the concrete way to engage the mandatory intro interaction instead of repeating a failed A from too far away.[0m
[32m14:20:03 - ActionExecutor - INFO[0m - ACTION: up[0m
[32m14:20:08 - MainAgent - INFO[0m - DECISION: a | Reasoning: The screenshot shows the rival standing one tile directly below the player in Oak's lab, so facing him and pressing A should trigger the remaining mandatory interaction.[0m
[32m14:20:08 - ActionExecutor - INFO[0m - ACTION: a[0m
[32m14:20:15 - MainAgent - INFO[0m - DECISION: right | Reasoning: The screenshot shows the rival one tile directly below the player in Oak's lab, so pressing A while facing up will not talk to him and stepping right is the concrete way to reposition toward unexplored floor and possible interaction.[0m
[32m14:20:15 - ActionExecutor - INFO[0m - ACTION: right[0m
[31m14:20:21 - MainAgent - ERROR[0m - Failed to get AI decision: AI request failed: ('Connection aborted.', ConnectionResetError(10054, '远程主机强迫关闭了一个现有的连接。', None, 10054, None))[0m
[33m14:20:21 - Main - WARNING[0m - Retrying same-turn AI decision (ai_error) on agent turn 195943 in 1.0s [attempt 1/8][0m
[31m14:20:27 - MainAgent - ERROR[0m - Failed to get AI decision: AI request failed: ('Connection aborted.', ConnectionResetError(10054, '远程主机强迫关闭了一个现有的连接。', None, 10054, None))[0m
[33m14:20:27 - Main - WARNING[0m - Retrying same-turn AI decision (ai_error) on agent turn 195943 in 2.0s [attempt 2/8][0m
[32m14:20:39 - MainAgent - INFO[0m - DECISION: left | Reasoning: The screenshot shows the player on the right side of Oak's lab with open floor directly to the left while repeated right/up presses were blocked, so the next concrete step is to explore left toward the room interior and likely exit path.[0m
[32m14:20:39 - ActionExecutor - INFO[0m - ACTION: left[0m
[32m14:20:45 - MainAgent - INFO[0m - DECISION: up | Reasoning: The screenshot shows the player at the lower-right of Oak's lab with open floor directly above and left, and moving up is the concrete step toward the nearby interior/NPC rather than repeating blocked sides.[0m
[32m14:20:45 - ActionExecutor - INFO[0m - ACTION: up[0m
[32m14:20:50 - MainAgent - INFO[0m - DECISION: down | Reasoning: The screenshot shows the rival directly below the player, so pressing down will turn to face him and set up the mandatory interaction instead of pushing another blocked movement direction.[0m
[32m14:20:50 - ActionExecutor - INFO[0m - ACTION: down[0m
[32m14:20:56 - MainAgent - INFO[0m - DECISION: left | Reasoning: The screenshot shows the rival standing one tile down-right of the player, so moving left is the concrete repositioning step to line up for a direct conversation instead of repeating blocked directions.[0m
[32m14:20:56 - ActionExecutor - INFO[0m - ACTION: left[0m
[32m14:21:03 - MainAgent - INFO[0m - DECISION: down | Reasoning: The screenshot shows the rival standing directly below the player in Oak’s lab, so the concrete next step is to face and initiate the mandatory post-starter interaction.[0m
[32m14:21:03 - ActionExecutor - INFO[0m - ACTION: down[0m
[32m14:21:10 - MainAgent - INFO[0m - DECISION: left | Reasoning: The screenshot shows the rival standing one tile to the left of the player, so facing him to trigger the likely mandatory lab dialogue is the concrete next step.[0m
[32m14:21:10 - ActionExecutor - INFO[0m - ACTION: left[0m
[31m14:21:15 - MainAgent - ERROR[0m - Failed to get AI decision: AI request failed: ('Connection aborted.', ConnectionResetError(10054, '远程主机强迫关闭了一个现有的连接。', None, 10054, None))[0m
[33m14:21:15 - Main - WARNING[0m - Retrying same-turn AI decision (ai_error) on agent turn 195949 in 1.0s [attempt 1/8][0m
[31m14:21:21 - MainAgent - ERROR[0m - Failed to get AI decision: AI request failed: ('Connection aborted.', ConnectionResetError(10054, '远程主机强迫关闭了一个现有的连接。', None, 10054, None))[0m
[33m14:21:21 - Main - WARNING[0m - Retrying same-turn AI decision (ai_error) on agent turn 195949 in 2.0s [attempt 2/8][0m
[32m14:21:30 - MainAgent - INFO[0m - DECISION: down | Reasoning: The screenshot shows the rival standing directly below the player in Oak’s lab, so pressing down should face him and initiate the mandatory post-starter interaction.[0m
[32m14:21:30 - ActionExecutor - INFO[0m - ACTION: down[0m
[32m14:21:31 - Main - INFO[0m - 
=== GAME STATE (Turn 195950) ===

POSITION:
- Map ID: 40
- Coordinates: (9, 11)
- Facing: down
- Harness UI Classification: indoor
- External UI Hint: indoor
- Harness Local Vision: disabled

BADGES: 0/8
  [ ] Boulder Badge
  [ ] Cascade Badge
  [ ] Thunder Badge
  [ ] Rainbow Badge
  [ ] Soul Badge
  [ ] Marsh Badge
  [ ] Volcano Badge
  [ ] Earth Badge

MONEY: $3175
ITEMS IN BAG: 0

PARTY: 1 Pokemon
  1. Charmander Lv.6 - HP: 21/21 (100%)
     Moves: [PP:35] [PP:40] 

UI FLAGS:
  Text box active (RAM): False
  Menu active (RAM): False

PERCEPTION SUMMARY:
  Harness note: Harness-side pixel heuristics are disabled. The raw screenshot is still attached separately for model vision.

STATE DELTAS (memory-based):
  Position changed: False
  Money delta: 0
  Battle toggled: False
  Movement stall turns: 1
  Stuck hint: slight stall

MOVEMENT PATTERN:
  Recent same-map positions tracked: 10
  Unique recent tiles: 1
  Recent movement box: 1x1
  Current tile repeats in window: 10
  Loop warning: high - last 10 same-map positions stayed within a 1x1 box covering only 1 tiles

EXPLORATION:
  Current Map Explored: 21.0%
  Tiles Explored: 42/200
  Nearby Unexplored Tiles: 10
    - (9, 12)
    - (10, 11)
    - (8, 10)
    - (8, 12)
    - (9, 9)

NAVIGATION MEMORY:
  Current Tile Visits: 18
  Known exit up: (9, 10)
  Known blocked directions from current tile: down, up
  Immediate movement preference: up=known_exit, left=adjacent_explored, right=frontier
  Immediate movement cautions: down=confirmed_blocked
  Adjacent Tile Occupancy: known_exit=previously succeeded, frontier=unexplored adjacent tile, confirmed_blocked=failed 2+ times, blocked_once=failed once, adjacent_explored=neighbor explored but this step unconfirmed, unknown=no reliable memory yet
    - up: status=known_exit target=(9, 10) blocked_attempts=2 visits=5
    - down: status=confirmed_blocked target=(9, 12) blocked_attempts=2
    - left: status=adjacent_explored target=(8, 11) visits=2
    - right: status=frontier target=(10, 11)
  Reachable frontier tiles on this map: 30
  Suggested frontier target: (9, 10)
  Suggested route to frontier: up
  Unknown directions from frontier: up, left
  Frontier novelty: low; local revisit pressure 26; global novelty distance 9; priority score -21.1
  Top Frontier Alternatives:
    - (12, 11) novelty=high pressure=2 distance=3 unknown=up, down, left, right
    - (6, 11) novelty=medium pressure=18 distance=3 unknown=up, down
    - (8, 11) novelty=low pressure=27 distance=1 unknown=up, down
  Frontier caution: Current tile is a weaker local frontier (score -79.0, pressure 26, visits 18). A stronger frontier at (12, 11) scores 43.2; prefer right instead of probing every adjacent unknown here.
  Local Map Window:
    F????????
    F????????
    F????????
    ????F????
    FFFFP??F?
    ?????????
    ?????????
    ?????????
    ?????????
  Explored Map Snapshot:
    Legend: P=player .=explored F=frontier #=confirmed-wall W=warp ?=unknown
    Bounds: x=-3..14 y=-2..14 size=18x17 explored=42 frontier=30 blocked=9 warps=0
    ??????????????????
    ??????????????????
    ???????##?????????
    ???#??#.F?????????
    ??#.FF.F#?????????
    ???F....F#????????
    ???F....F?????????
    ???FFFF.F?????????
    ???????FF?????????
    ???????FF?????????
    ???????FF?????????
    ???????FF?????????
    ???????F????F#????
    ???????FFFFFP??F??
    ????????????#?????
    ??????????????????
    ??????????????????

==================================================
[0m
[32m14:21:37 - MainAgent - INFO[0m - DECISION: right | Reasoning: The screenshot shows the player one tile above-left of the rival in Oak’s lab, so moving right is the concrete repositioning step toward direct interaction instead of repeating blocked vertical inputs.[0m
[32m14:21:37 - ActionExecutor - INFO[0m - ACTION: right[0m
[32m14:21:43 - MainAgent - INFO[0m - DECISION: up | Reasoning: The screenshot shows the player immediately below and to the right of the rival in Oak's lab, so moving up should step next to him and progress the remaining mandatory intro interaction.[0m
[32m14:21:43 - ActionExecutor - INFO[0m - ACTION: up[0m
[32m14:21:49 - MainAgent - INFO[0m - DECISION: left | Reasoning: The screenshot shows the rival one tile up-left of the player, so moving left should place the player directly below him for the required interaction.[0m
[32m14:21:49 - ActionExecutor - INFO[0m - ACTION: left[0m
[32m14:21:55 - MainAgent - INFO[0m - DECISION: left | Reasoning: The screenshot shows the player at the lower-right side of Oak's lab with open floor to the left while repeated up/down attempts have failed, so the next systematic exploration step is to move left.[0m
[32m14:21:55 - ActionExecutor - INFO[0m - ACTION: left[0m
[31m14:22:00 - MainAgent - ERROR[0m - Failed to get AI decision: AI request failed: ('Connection aborted.', ConnectionResetError(10054, '远程主机强迫关闭了一个现有的连接。', None, 10054, None))[0m
[33m14:22:00 - Main - WARNING[0m - Retrying same-turn AI decision (ai_error) on agent turn 195954 in 1.0s [attempt 1/8][0m
[32m14:22:07 - MainAgent - INFO[0m - DECISION: a | Reasoning: The screenshot shows the rival standing directly above-left of the player in Oak's lab, so pressing A should initiate the mandatory interaction instead of more stalled movement.[0m
[32m14:22:07 - ActionExecutor - INFO[0m - ACTION: a[0m
[32m14:22:07 - ActionExecutor - INFO[0m - ACTION: up[0m
[32m14:22:07 - ActionExecutor - INFO[0m - ACTION: up[0m
[32m14:22:07 - ActionExecutor - INFO[0m - ACTION: left[0m
[31m14:22:13 - MainAgent - ERROR[0m - Failed to get AI decision: AI request failed: ('Connection aborted.', ConnectionResetError(10054, '远程主机强迫关闭了一个现有的连接。', None, 10054, None))[0m
[33m14:22:13 - Main - WARNING[0m - Retrying same-turn AI decision (ai_error) on agent turn 195958 in 1.0s [attempt 1/8][0m
[32m14:22:19 - MainAgent - INFO[0m - DECISION: right | Reasoning: The screenshot shows the rival standing up-right of the player in the lab with no text box, so stepping right should move adjacent for the mandatory interaction instead of probing a blocked area.[0m
[32m14:22:19 - ActionExecutor - INFO[0m - ACTION: right[0m
[32m14:22:24 - MainAgent - INFO[0m - DECISION: up | Reasoning: The rival is one tile above-right of the player in the lab, so moving up should place us adjacent for the mandatory interaction without repeating the blocked right input.[0m
[32m14:22:24 - ActionExecutor - INFO[0m - ACTION: up[0m
[32m14:22:24 - Main - INFO[0m - 
=== GAME STATE (Turn 195960) ===

POSITION:
- Map ID: 40
- Coordinates: (7, 11)
- Facing: up
- Harness UI Classification: indoor
- External UI Hint: indoor
- Harness Local Vision: disabled

BADGES: 0/8
  [ ] Boulder Badge
  [ ] Cascade Badge
  [ ] Thunder Badge
  [ ] Rainbow Badge
  [ ] Soul Badge
  [ ] Marsh Badge
  [ ] Volcano Badge
  [ ] Earth Badge

MONEY: $3175
ITEMS IN BAG: 0

PARTY: 1 Pokemon
  1. Charmander Lv.6 - HP: 21/21 (100%)
     Moves: [PP:35] [PP:40] 

UI FLAGS:
  Text box active (RAM): False
  Menu active (RAM): False

PERCEPTION SUMMARY:
  Harness note: Harness-side pixel heuristics are disabled. The raw screenshot is still attached separately for model vision.

STATE DELTAS (memory-based):
  Position changed: False
  Money delta: 0
  Battle toggled: False
  Movement stall turns: 1
  Stuck hint: slight stall

MOVEMENT PATTERN:
  Recent same-map positions tracked: 10
  Unique recent tiles: 3
  Recent movement box: 3x1
  Current tile repeats in window: 3
  Loop warning: none

EXPLORATION:
  Current Map Explored: 21.0%
  Tiles Explored: 42/200
  Nearby Unexplored Tiles: 10
    - (7, 10)
    - (7, 12)
    - (6, 10)
    - (6, 12)
    - (7, 9)

NAVIGATION MEMORY:
  Current Tile Visits: 4
  Known exit right: (8, 11)
  Known blocked directions from current tile: none
  Immediate movement preference: up=frontier, down=frontier, left=adjacent_explored, right=known_exit
  Adjacent Tile Occupancy: known_exit=previously succeeded, frontier=unexplored adjacent tile, confirmed_blocked=failed 2+ times, blocked_once=failed once, adjacent_explored=neighbor explored but this step unconfirmed, unknown=no reliable memory yet
    - up: status=frontier target=(7, 10)
    - down: status=frontier target=(7, 12)
    - left: status=adjacent_explored target=(6, 11) visits=1
    - right: status=known_exit target=(8, 11) visits=5
  Reachable frontier tiles on this map: 30
  Suggested frontier target: (9, 10)
  Suggested route to frontier: right, right, up
  Unknown directions from frontier: up, left
  Frontier novelty: low; local revisit pressure 36; global novelty distance 9; priority score -34.3
  Top Frontier Alternatives:
    - (12, 11) novelty=high pressure=2 distance=5 unknown=up, down, left, right
    - (6, 11) novelty=medium pressure=24 distance=1 unknown=up, down
    - (4, 11) novelty=low pressure=15 distance=3 unknown=down, left
  Frontier caution: Current tile is a weaker local frontier (score -39.75, pressure 43, visits 4). A stronger frontier at (12, 11) scores 42.5; prefer right instead of probing every adjacent unknown here.
  Local Map Window:
    ?FF??????
    ?FF??????
    ?FF??????
    ?F????F??
    ?FFFPFF??
    ?????????
    ?????????
    ?????????
    ?????????
  Explored Map Snapshot:
    Legend: P=player .=explored F=frontier #=confirmed-wall W=warp ?=unknown
    Bounds: x=-3..14 y=-2..14 size=18x17 explored=42 frontier=30 blocked=10 warps=0
    ??????????????????
    ??????????????????
    ???????##?????????
    ???#??#.F?????????
    ??#.FF.F#?????????
    ???F....F#????????
    ???F....F?????????
    ???FFFF.F?????????
    ???????FF?????????
    ???????FF?????????
    ???????FF?????????
    ???????FF?????????
    ???????F???#F#????
    ???????FFFPFF??F??
    ????????????#?????
    ??????????????????
    ??????????????????

==================================================
[0m
[32m14:22:30 - MainAgent - INFO[0m - DECISION: right | Reasoning: The rival sprite is two tiles up-right from the player in the lab, so moving right should begin approaching him from our current open floor position.[0m
[32m14:22:30 - ActionExecutor - INFO[0m - ACTION: right[0m
[32m14:22:35 - MainAgent - INFO[0m - DECISION: up | Reasoning: The rival is one tile up-right from the player in the lab, so moving up should place us directly below him for the mandatory interaction.[0m
[32m14:22:35 - ActionExecutor - INFO[0m - ACTION: up[0m
[32m14:22:40 - MainAgent - INFO[0m - DECISION: right | Reasoning: The screenshot shows the rival standing one tile up-right of the player in the lab, so moving right should place us directly below him to trigger the mandatory interaction.[0m
[32m14:22:40 - ActionExecutor - INFO[0m - ACTION: right[0m
[32m14:22:45 - MainAgent - INFO[0m - DECISION: right | Reasoning: The screenshot shows the rival one tile up-right of the player with open floor to the right, and memory marks right as the known step toward him.[0m
[32m14:22:45 - ActionExecutor - INFO[0m - ACTION: right[0m
[32m14:22:46 - ActionExecutor - INFO[0m - ACTION: right[0m
[32m14:22:46 - Main - INFO[0m - Temporarily avoiding move left from (40, 8, 11) after an immediate trigger-tile retreat loop[0m
[32m14:22:46 - Main - INFO[0m - Temporarily avoiding frontier tile (40, 8, 11) after an immediate trigger-tile retreat loop[0m
[32m14:22:46 - Main - INFO[0m - Temporarily avoiding frontier tile (40, 7, 11) after an immediate trigger-tile retreat loop[0m
[32m14:22:51 - MainAgent - INFO[0m - DECISION: a | Reasoning: The screenshot shows the rival directly one tile above the player in the lab, so pressing A should initiate the mandatory interaction without more movement.[0m
[32m14:22:51 - ActionExecutor - INFO[0m - ACTION: a[0m
[32m14:22:56 - MainAgent - INFO[0m - DECISION: up | Reasoning: The screenshot shows the rival directly above the player with no dialogue box, so facing him by moving up should trigger the mandatory lab interaction.[0m
[32m14:22:56 - ActionExecutor - INFO[0m - ACTION: up[0m
[31m14:23:01 - MainAgent - ERROR[0m - Failed to get AI decision: AI request failed: ('Connection aborted.', ConnectionResetError(10054, '远程主机强迫关闭了一个现有的连接。', None, 10054, None))[0m
[33m14:23:01 - Main - WARNING[0m - Retrying same-turn AI decision (ai_error) on agent turn 195967 in 1.0s [attempt 1/8][0m
[31m14:23:07 - MainAgent - ERROR[0m - Failed to get AI decision: AI request failed: ('Connection aborted.', ConnectionResetError(10054, '远程主机强迫关闭了一个现有的连接。', None, 10054, None))[0m
[33m14:23:07 - Main - WARNING[0m - Retrying same-turn AI decision (ai_error) on agent turn 195967 in 2.0s [attempt 2/8][0m
[32m14:23:14 - MainAgent - INFO[0m - DECISION: left | Reasoning: The screenshot shows the rival standing directly above and slightly left of the player, so stepping left should align the player directly below him for the mandatory interaction.[0m
[32m14:23:14 - ActionExecutor - INFO[0m - ACTION: left[0m
[32m14:23:20 - MainAgent - INFO[0m - DECISION: a | Reasoning: The rival is directly above the player in the lab aisle, so pressing A while facing him from below should start the mandatory interaction.[0m
[32m14:23:20 - ActionExecutor - INFO[0m - ACTION: a[0m
[32m14:23:25 - MainAgent - INFO[0m - DECISION: up | Reasoning: The screenshot shows the rival directly above the player with no dialogue open, and the last A did nothing while facing left, so turning to face him from below is the next concrete step.[0m
[32m14:23:25 - ActionExecutor - INFO[0m - ACTION: up[0m
[32m14:23:25 - Main - INFO[0m - 
=== GAME STATE (Turn 195970) ===

POSITION:
- Map ID: 40
- Coordinates: (8, 11)
- Facing: up
- Harness UI Classification: indoor
- External UI Hint: indoor
- Harness Local Vision: disabled

BADGES: 0/8
  [ ] Boulder Badge
  [ ] Cascade Badge
  [ ] Thunder Badge
  [ ] Rainbow Badge
  [ ] Soul Badge
  [ ] Marsh Badge
  [ ] Volcano Badge
  [ ] Earth Badge

MONEY: $3175
ITEMS IN BAG: 0

PARTY: 1 Pokemon
  1. Charmander Lv.6 - HP: 21/21 (100%)
     Moves: [PP:35] [PP:40] 

UI FLAGS:
  Text box active (RAM): False
  Menu active (RAM): False

PERCEPTION SUMMARY:
  Harness note: Harness-side pixel heuristics are disabled. The raw screenshot is still attached separately for model vision.

STATE DELTAS (memory-based):
  Position changed: False
  Money delta: 0
  Battle toggled: False
  Movement stall turns: 1
  Stuck hint: slight stall

MOVEMENT PATTERN:
  Recent same-map positions tracked: 10
  Unique recent tiles: 2
  Recent movement box: 2x1
  Current tile repeats in window: 6
  Loop warning: high - last 10 same-map positions stayed within a 2x1 box covering only 2 tiles

EXPLORATION:
  Current Map Explored: 21.0%
  Tiles Explored: 42/200
  Nearby Unexplored Tiles: 10
    - (8, 10)
    - (8, 12)
    - (7, 10)
    - (7, 12)
    - (8, 9)

NAVIGATION MEMORY:
  Current Tile Visits: 11
  Known exit right: (9, 11)
  Known exit left: (7, 11)
  Known blocked directions from current tile: left, up
  Immediate movement preference: down=frontier, left=known_exit, right=known_exit
  Immediate movement cautions: up=confirmed_blocked
  Adjacent Tile Occupancy: known_exit=previously succeeded, frontier=unexplored adjacent tile, confirmed_blocked=failed 2+ times, blocked_once=failed once, adjacent_explored=neighbor explored but this step unconfirmed, unknown=no reliable memory yet
    - up: status=confirmed_blocked target=(8, 10) blocked_attempts=2
    - down: status=frontier target=(8, 12)
    - left: status=known_exit target=(7, 11) blocked_attempts=2 visits=8
    - right: status=known_exit target=(9, 11) visits=22
  Reachable frontier tiles on this map: 30
  Suggested frontier target: (9, 10)
  Suggested route to frontier: right, up
  Unknown directions from frontier: up, left
  Frontier novelty: low; local revisit pressure 46; global novelty distance 9; priority score -46.45
  Top Frontier Alternatives:
    - (12, 11) novelty=high pressure=2 distance=4 unknown=up, down, left, right
    - (4, 11) novelty=low pressure=15 distance=4 unknown=down, left
    - (6, 11) novelty=low pressure=34 distance=2 unknown=up, down
  Frontier caution: Current tile is a weaker local frontier (score -79.0, pressure 47, visits 11). A stronger frontier at (12, 11) scores 42.85; leave this fringe instead of probing every adjacent unknown here.
  Local Map Window:
    FF???????
    FF???????
    FF???????
    F????F???
    FFFFPF??F
    ?????????
    ?????????
    ?????????
    ?????????
  Explored Map Snapshot:
    Legend: P=player .=explored F=frontier #=confirmed-wall W=warp ?=unknown
    Bounds: x=-3..14 y=-2..14 size=18x17 explored=42 frontier=30 blocked=10 warps=0
    ??????????????????
    ??????????????????
    ???????##?????????
    ???#??#.F?????????
    ??#.FF.F#?????????
    ???F....F#????????
    ???F....F?????????
    ???FFFF.F?????????
    ???????FF?????????
    ???????FF?????????
    ???????FF?????????
    ???????FF?????????
    ???????F???#F#????
    ???????FFFFPF??F??
    ????????????#?????
    ??????????????????
    ??????????????????

==================================================
[0m
[32m14:23:35 - MainAgent - INFO[0m - DECISION: right | Reasoning: The rival is one tile above and one tile left of the player, so moving right should align the player directly below him for the mandatory interaction.[0m
[32m14:23:35 - ActionExecutor - INFO[0m - ACTION: right[0m
[32m14:23:44 - MainAgent - INFO[0m - DECISION: a | Reasoning: The screenshot shows the rival directly one tile above the player, so pressing A now should talk to him and continue the intro sequence.[0m
[32m14:23:44 - ActionExecutor - INFO[0m - ACTION: a[0m
[32m14:23:50 - MainAgent - INFO[0m - DECISION: down | Reasoning: The screenshot shows the rival directly above the player in the lab aisle, so moving down will turn the player to face upward and set up interaction without repeating A again immediately.[0m
[32m14:23:50 - ActionExecutor - INFO[0m - ACTION: down[0m
[32m14:23:55 - MainAgent - INFO[0m - DECISION: a | Reasoning: The screenshot shows the rival directly one tile above the player with no dialogue box, so pressing A while facing him should start the mandatory interaction.[0m
[32m14:23:55 - ActionExecutor - INFO[0m - ACTION: a[0m
[32m14:24:00 - MainAgent - INFO[0m - DECISION: up | Reasoning: The rival is standing directly above the player in the lab aisle, and since repeated A did nothing while facing down, the next concrete step is to face him first.[0m
[32m14:24:00 - ActionExecutor - INFO[0m - ACTION: up[0m
[32m14:24:06 - MainAgent - INFO[0m - DECISION: right | Reasoning: The screenshot shows the rival one tile above and the player facing up, but repeated interaction failed while the current tile is a high-repeat dead spot, so the next concrete step is to leave this blocked position via the open aisle to the right.[0m
[32m14:24:06 - ActionExecutor - INFO[0m - ACTION: right[0m
[32m14:24:12 - MainAgent - INFO[0m - DECISION: a | Reasoning: The screenshot shows the player standing directly below the rival in Oak’s lab with no dialogue box, so interacting upward should trigger the remaining mandatory intro interaction.[0m
[32m14:24:12 - ActionExecutor - INFO[0m - ACTION: a[0m
[31m14:24:18 - MainAgent - ERROR[0m - Failed to get AI decision: AI request failed: ('Connection aborted.', ConnectionResetError(10054, '远程主机强迫关闭了一个现有的连接。', None, 10054, None))[0m
[33m14:24:18 - Main - WARNING[0m - Retrying same-turn AI decision (ai_error) on agent turn 195977 in 1.0s [attempt 1/8][0m
[32m14:24:24 - MainAgent - INFO[0m - DECISION: up | Reasoning: The screenshot shows the rival directly above the player on a walkable aisle and the player is facing right, so the next concrete step is to turn upward toward him.[0m
[32m14:24:24 - ActionExecutor - INFO[0m - ACTION: up[0m
[32m14:24:29 - MainAgent - INFO[0m - DECISION: a | Reasoning: The screenshot shows the rival directly in front of the player in Oak's lab with no text box, so the next concrete step is to interact from the correct facing direction to trigger the mandatory intro event.[0m
[32m14:24:29 - ActionExecutor - INFO[0m - ACTION: a[0m
[32m14:24:36 - MainAgent - INFO[0m - DECISION: down | Reasoning: The screenshot shows the rival still directly above while up is a confirmed blocked tile, so the next concrete step is to leave this dead spot by exploring the open tile below.[0m
[32m14:24:36 - ActionExecutor - INFO[0m - ACTION: down[0m
[32m14:24:36 - Main - INFO[0m - 
=== GAME STATE (Turn 195980) ===

POSITION:
- Map ID: 40
- Coordinates: (8, 11)
- Facing: up
- Harness UI Classification: dialogue
- External UI Hint: indoor
- Harness Local Vision: disabled

BADGES: 0/8
  [ ] Boulder Badge
  [ ] Cascade Badge
  [ ] Thunder Badge
  [ ] Rainbow Badge
  [ ] Soul Badge
  [ ] Marsh Badge
  [ ] Volcano Badge
  [ ] Earth Badge

MONEY: $3175
ITEMS IN BAG: 0

PARTY: 1 Pokemon
  1. Charmander Lv.6 - HP: 21/21 (100%)
     Moves: [PP:35] [PP:40] 

UI FLAGS:
  Text box active (RAM): True
  Menu active (RAM): False

PERCEPTION SUMMARY:
  Harness note: Harness-side pixel heuristics are disabled. The raw screenshot is still attached separately for model vision.

STATE DELTAS (memory-based):
  Position changed: False
  Money delta: 0
  Battle toggled: False
  Movement stall turns: 0
  Stuck hint: ui text or menu is active; lack of movement is expected

MOVEMENT PATTERN:
  Recent same-map positions tracked: 10
  Unique recent tiles: 1
  Recent movement box: 1x1
  Current tile repeats in window: 10
  Loop warning: high - last 10 same-map positions stayed within a 1x1 box covering only 1 tiles

EXPLORATION:
  Current Map Explored: 21.0%
  Tiles Explored: 42/200
  Nearby Unexplored Tiles: 10
    - (8, 10)
    - (8, 12)
    - (7, 10)
    - (7, 12)
    - (8, 9)

NAVIGATION MEMORY:
  Current Tile Visits: 21
  Known exit right: (9, 11)
  Known exit left: (7, 11)
  Known blocked directions from current tile: left, up
  Immediate movement preference: down=frontier, left=known_exit, right=known_exit
  Immediate movement cautions: up=confirmed_blocked
  Adjacent Tile Occupancy: known_exit=previously succeeded, frontier=unexplored adjacent tile, confirmed_blocked=failed 2+ times, blocked_once=failed once, adjacent_explored=neighbor explored but this step unconfirmed, unknown=no reliable memory yet
    - up: status=confirmed_blocked target=(8, 10) blocked_attempts=2
    - down: status=frontier target=(8, 12)
    - left: status=known_exit target=(7, 11) blocked_attempts=2 visits=8
    - right: status=known_exit target=(9, 11) visits=22
  Reachable frontier tiles on this map: 30
  Suggested frontier target: (9, 10)
  Suggested route to frontier: right, up
  Unknown directions from frontier: up, left
  Frontier novelty: low; local revisit pressure 56; global novelty distance 9; priority score -58.95
  Top Frontier Alternatives:
    - (12, 11) novelty=high pressure=2 distance=4 unknown=up, down, left, right
    - (4, 11) novelty=low pressure=15 distance=4 unknown=down, left
    - (5, 11) novelty=low pressure=23 distance=3 unknown=up, down
  Frontier caution: Current tile is a weaker local frontier (score -131.5, pressure 57, visits 21). A stronger frontier at (12, 11) scores 42.85; leave this fringe instead of probing every adjacent unknown here.
  Local Map Window:
    FF???????
    FF???????
    FF???????
    F????F???
    FFFFPF??F
    ?????????
    ?????????
    ?????????
    ?????????
  Explored Map Snapshot:
    Legend: P=player .=explored F=frontier #=confirmed-wall W=warp ?=unknown
    Bounds: x=-3..14 y=-2..14 size=18x17 explored=42 frontier=30 blocked=10 warps=0
    ??????????????????
    ??????????????????
    ???????##?????????
    ???#??#.F?????????
    ??#.FF.F#?????????
    ???F....F#????????
    ???F....F?????????
    ???FFFF.F?????????
    ???????FF?????????
    ???????FF?????????
    ???????FF?????????
    ???????FF?????????
    ???????F???#F#????
    ???????FFFFPF??F??
    ????????????#?????
    ??????????????????
    ??????????????????

==================================================
[0m
[32m14:24:44 - MainAgent - INFO[0m - DECISION: a | Reasoning: A dialogue box is open and has just begun showing text, so the next step is to advance the mandatory intro conversation.[0m
[32m14:24:44 - ActionExecutor - INFO[0m - ACTION: a[0m
[31m14:24:49 - MainAgent - ERROR[0m - Failed to get AI decision: AI request failed: ('Connection aborted.', ConnectionResetError(10054, '远程主机强迫关闭了一个现有的连接。', None, 10054, None))[0m
[33m14:24:49 - Main - WARNING[0m - Retrying same-turn AI decision (ai_error) on agent turn 195981 in 1.0s [attempt 1/8][0m
[31m14:24:55 - MainAgent - ERROR[0m - Failed to get AI decision: AI request failed: ('Connection aborted.', ConnectionResetError(10054, '远程主机强迫关闭了一个现有的连接。', None, 10054, None))[0m
[33m14:24:55 - Main - WARNING[0m - Retrying same-turn AI decision (ai_error) on agent turn 195981 in 2.0s [attempt 2/8][0m
[32m14:25:03 - MainAgent - INFO[0m - DECISION: a | Reasoning: The text box is open and showing Oak's dialogue (“I study POK”), so the mandatory conversation should be advanced.[0m
[32m14:25:03 - ActionExecutor - INFO[0m - ACTION: a[0m
[32m14:25:08 - MainAgent - INFO[0m - DECISION: a | Reasoning: Oak's introduction text is still on screen in an active dialogue box, so the next mandatory step is to advance it.[0m
[32m14:25:08 - ActionExecutor - INFO[0m - ACTION: a[0m
[32m14:25:15 - MainAgent - INFO[0m - DECISION: a | Reasoning: Professor Oak's intro text is still displayed in an active dialogue box, so the next mandatory step is to advance it.[0m
[32m14:25:15 - ActionExecutor - INFO[0m - ACTION: a[0m
[32m14:25:21 - MainAgent - INFO[0m - DECISION: a | Reasoning: Professor Oak's dialogue box is still open and mid-sentence (“I study POKEMON as PROF. OAK'S AIDE.”), so the next step is to advance the mandatory intro text.[0m
[32m14:25:21 - ActionExecutor - INFO[0m - ACTION: a[0m
[32m14:25:27 - MainAgent - INFO[0m - DECISION: right | Reasoning: The screenshot shows the player standing below Professor Oak in his lab with no text box open, so the next step is to leave this overused spot by moving to a visible side path.[0m
[32m14:25:27 - ActionExecutor - INFO[0m - ACTION: right[0m
[32m14:25:33 - MainAgent - INFO[0m - DECISION: down | Reasoning: The lab scene is open with no text box, and the tile below the player is the only nearby unexplored direction while up is blocked.[0m
[32m14:25:33 - ActionExecutor - INFO[0m - ACTION: down[0m
[32m14:25:40 - MainAgent - INFO[0m - DECISION: right | Reasoning: The screenshot shows the player directly below Professor Oak with no dialogue open, and moving right is the clearest visible way to step off this stuck tile and continue through the lab.[0m
[32m14:25:40 - ActionExecutor - INFO[0m - ACTION: right[0m
[32m14:25:46 - MainAgent - INFO[0m - DECISION: left | Reasoning: The screenshot shows the player directly below the aide and facing right in Oak’s lab, with open floor visible to the left while right and up have already failed.[0m
[32m14:25:46 - ActionExecutor - INFO[0m - ACTION: left[0m
[31m14:25:51 - MainAgent - ERROR[0m - Failed to get AI decision: AI request failed: ('Connection aborted.', ConnectionResetError(10054, '远程主机强迫关闭了一个现有的连接。', None, 10054, None))[0m
[33m14:25:51 - Main - WARNING[0m - Retrying same-turn AI decision (ai_error) on agent turn 195989 in 1.0s [attempt 1/8][0m
[31m14:25:55 - MainAgent - ERROR[0m - Failed to get AI decision: AI request failed: HTTPSConnectionPool(host='api.ququ233.com', port=443): Max retries exceeded with url: /v1/chat/completions (Caused by SSLError(SSLEOFError(8, '[SSL: UNEXPECTED_EOF_WHILE_READING] EOF occurred in violation of protocol (_ssl.c:1028)')))[0m
[32m14:25:55 - ActionExecutor - INFO[0m - ACTION: right[0m
[32m14:25:55 - Main - INFO[0m - 
=== GAME STATE (Turn 195990) ===

POSITION:
- Map ID: 40
- Coordinates: (9, 11)
- Facing: right
- Harness UI Classification: indoor
- External UI Hint: indoor
- Harness Local Vision: disabled

BADGES: 0/8
  [ ] Boulder Badge
  [ ] Cascade Badge
  [ ] Thunder Badge
  [ ] Rainbow Badge
  [ ] Soul Badge
  [ ] Marsh Badge
  [ ] Volcano Badge
  [ ] Earth Badge

MONEY: $3175
ITEMS IN BAG: 0

PARTY: 1 Pokemon
  1. Charmander Lv.6 - HP: 21/21 (100%)
     Moves: [PP:35] [PP:40] 

UI FLAGS:
  Text box active (RAM): False
  Menu active (RAM): False

PERCEPTION SUMMARY:
  Harness note: Harness-side pixel heuristics are disabled. The raw screenshot is still attached separately for model vision.

STATE DELTAS (memory-based):
  Position changed: True
  Money delta: 0
  Battle toggled: False
  Movement stall turns: 0
  Stuck hint: moving or in battle

MOVEMENT PATTERN:
  Recent same-map positions tracked: 10
  Unique recent tiles: 2
  Recent movement box: 2x1
  Current tile repeats in window: 1
  Loop warning: high - last 10 same-map positions stayed within a 2x1 box covering only 2 tiles

EXPLORATION:
  Current Map Explored: 21.0%
  Tiles Explored: 42/200
  Nearby Unexplored Tiles: 10
    - (9, 12)
    - (10, 11)
    - (8, 10)
    - (8, 12)
    - (9, 9)

NAVIGATION MEMORY:
  Current Tile Visits: 23
  Known exit up: (9, 10)
  Known exit left: (8, 11)
  Known blocked directions from current tile: down, up
  Immediate movement preference: up=known_exit, left=known_exit, right=frontier
  Immediate movement cautions: down=confirmed_blocked
  Adjacent Tile Occupancy: known_exit=previously succeeded, frontier=unexplored adjacent tile, confirmed_blocked=failed 2+ times, blocked_once=failed once, adjacent_explored=neighbor explored but this step unconfirmed, unknown=no reliable memory yet
    - up: status=known_exit target=(9, 10) blocked_attempts=2 visits=5
    - down: status=confirmed_blocked target=(9, 12) blocked_attempts=2
    - left: status=known_exit target=(8, 11) visits=30
    - right: status=frontier target=(10, 11)
  Reachable frontier tiles on this map: 30
  Suggested frontier target: (9, 10)
  Suggested route to frontier: up
  Unknown directions from frontier: up, left
  Frontier novelty: low; local revisit pressure 66; global novelty distance 9; priority score -71.1
  Top Frontier Alternatives:
    - (12, 11) novelty=high pressure=2 distance=3 unknown=up, down, left, right
    - (4, 11) novelty=low pressure=15 distance=5 unknown=down, left
    - (5, 11) novelty=low pressure=23 distance=4 unknown=up, down
  Frontier caution: Current tile is a weaker local frontier (score -149.0, pressure 66, visits 23). A stronger frontier at (12, 11) scores 43.2; prefer right instead of probing every adjacent unknown here.
  Local Map Window:
    F????????
    F????????
    F????????
    ????F????
    FFFFP??F?
    ?????????
    ?????????
    ?????????
    ?????????
  Explored Map Snapshot:
    Legend: P=player .=explored F=frontier #=confirmed-wall W=warp ?=unknown
    Bounds: x=-3..14 y=-2..14 size=18x17 explored=42 frontier=30 blocked=10 warps=0
    ??????????????????
    ??????????????????
    ???????##?????????
    ???#??#.F?????????
    ??#.FF.F#?????????
    ???F....F#????????
    ???F....F?????????
    ???FFFF.F?????????
    ???????FF?????????
    ???????FF?????????
    ???????FF?????????
    ???????FF?????????
    ???????F???#F#????
    ???????FFFFFP??F??
    ????????????#?????
    ??????????????????
    ??????????????????

==================================================
[0m
[32m14:25:55 - ActionExecutor - INFO[0m - ACTION: left[0m
[32m14:25:55 - Main - INFO[0m - Temporarily avoiding move right from (40, 8, 11) after an immediate trigger-tile retreat loop[0m
[32m14:25:55 - Main - INFO[0m - Temporarily avoiding frontier tile (40, 8, 11) after an immediate trigger-tile retreat loop[0m
[32m14:25:55 - Main - INFO[0m - Temporarily avoiding frontier tile (40, 9, 11) after an immediate trigger-tile retreat loop[0m
[32m14:25:55 - ActionExecutor - INFO[0m - ACTION: down[0m
[32m14:25:55 - ActionExecutor - INFO[0m - ACTION: down[0m
[32m14:25:55 - ContextManager - INFO[0m - Reached 80 turns, triggering summarization[0m
[32m14:25:55 - ActionExecutor - INFO[0m - ACTION: down[0m
[32m14:25:56 - ActionExecutor - INFO[0m - ACTION: a[0m
[32m14:25:56 - ActionExecutor - INFO[0m - ACTION: a[0m
[32m14:25:56 - ActionExecutor - INFO[0m - ACTION: a[0m
[32m14:25:56 - ActionExecutor - INFO[0m - ACTION: a[0m
[32m14:25:56 - ActionExecutor - INFO[0m - ACTION: b[0m
[32m14:25:56 - ActionExecutor - INFO[0m - ACTION: a[0m
[32m14:25:56 - Main - INFO[0m - 
=== GAME STATE (Turn 196000) ===

POSITION:
- Map ID: 40
- Coordinates: (8, 11)
- Facing: down
- Harness UI Classification: indoor
- External UI Hint: unknown
- Harness Local Vision: disabled

BADGES: 0/8
  [ ] Boulder Badge
  [ ] Cascade Badge
  [ ] Thunder Badge
  [ ] Rainbow Badge
  [ ] Soul Badge
  [ ] Marsh Badge
  [ ] Volcano Badge
  [ ] Earth Badge

MONEY: $3175
ITEMS IN BAG: 0

PARTY: 1 Pokemon
  1. Charmander Lv.6 - HP: 21/21 (100%)
     Moves: [PP:35] [PP:40] 

UI FLAGS:
  Text box active (RAM): False
  Menu active (RAM): False

PERCEPTION SUMMARY:
  Harness note: Harness-side pixel heuristics are disabled. The raw screenshot is still attached separately for model vision.

STATE DELTAS (memory-based):
  Position changed: False
  Money delta: 0
  Battle toggled: False
  Movement stall turns: 1
  Stuck hint: slight stall

MOVEMENT PATTERN:
  Recent same-map positions tracked: 10
  Unique recent tiles: 1
  Recent movement box: 1x1
  Current tile repeats in window: 10
  Loop warning: high - last 10 same-map positions stayed within a 1x1 box covering only 1 tiles

EXPLORATION:
  Current Map Explored: 21.0%
  Tiles Explored: 42/200
  Nearby Unexplored Tiles: 10
    - (8, 10)
    - (8, 12)
    - (7, 10)
    - (7, 12)
    - (8, 9)

NAVIGATION MEMORY:
  Current Tile Visits: 40
  Known exit right: (9, 11)
  Known exit left: (7, 11)
  Known blocked directions from current tile: down, left, right, up
  Immediate movement preference: left=known_exit, right=known_exit
  Immediate movement cautions: up=confirmed_blocked, down=confirmed_blocked
  Adjacent Tile Occupancy: known_exit=previously succeeded, frontier=unexplored adjacent tile, confirmed_blocked=failed 2+ times, blocked_once=failed once, adjacent_explored=neighbor explored but this step unconfirmed, unknown=no reliable memory yet
    - up: status=confirmed_blocked target=(8, 10) blocked_attempts=2
    - down: status=confirmed_blocked target=(8, 12) blocked_attempts=2
    - left: status=known_exit target=(7, 11) blocked_attempts=2 visits=8
    - right: status=known_exit target=(9, 11) blocked_attempts=2 visits=23
  Reachable frontier tiles on this map: 29
  Suggested frontier target: (9, 10)
  Suggested route to frontier: right, up
  Unknown directions from frontier: up, left
  Frontier novelty: low; local revisit pressure 76; global novelty distance 9; priority score -83.95
  Top Frontier Alternatives:
    - (12, 11) novelty=high pressure=2 distance=4 unknown=up, down, left, right
    - (4, 11) novelty=low pressure=15 distance=4 unknown=down, left
    - (5, 11) novelty=low pressure=23 distance=3 unknown=up, down
  Local Map Window:
    FF???????
    FF???????
    FF???????
    F????F???
    FFFFPF??F
    ?????????
    ?????????
    ?????????
    ?????????
  Explored Map Snapshot:
    Legend: P=player .=explored F=frontier #=confirmed-wall W=warp ?=unknown
    Bounds: x=-3..14 y=-2..14 size=18x17 explored=42 frontier=29 blocked=11 warps=0
    ??????????????????
    ??????????????????
    ???????##?????????
    ???#??#.F?????????
    ??#.FF.F#?????????
    ???F....F#????????
    ???F....F?????????
    ???FFFF.F?????????
    ???????FF?????????
    ???????FF?????????
    ???????FF?????????
    ???????FF?????????
    ???????F???#F#????
    ???????FFFFPF??F??
    ???????????##?????
    ??????????????????
    ??????????????????

==================================================
[0m
[32m14:25:56 - ActionExecutor - INFO[0m - ACTION: a[0m
[32m14:25:56 - ActionExecutor - INFO[0m - ACTION: a[0m
[32m14:25:57 - ActionExecutor - INFO[0m - ACTION: a[0m
[32m14:25:57 - ActionExecutor - INFO[0m - ACTION: b[0m
[32m14:25:57 - ActionExecutor - INFO[0m - ACTION: a[0m
[32m14:25:57 - ActionExecutor - INFO[0m - ACTION: a[0m
[32m14:25:57 - ActionExecutor - INFO[0m - ACTION: a[0m
[32m14:25:57 - ActionExecutor - INFO[0m - ACTION: a[0m
[32m14:25:57 - ActionExecutor - INFO[0m - ACTION: b[0m
[32m14:25:57 - ActionExecutor - INFO[0m - ACTION: a[0m
[32m14:25:58 - Main - INFO[0m - 
=== GAME STATE (Turn 196010) ===

POSITION:
- Map ID: 40
- Coordinates: (8, 11)
- Facing: down
- Harness UI Classification: indoor
- External UI Hint: unknown
- Harness Local Vision: disabled

BADGES: 0/8
  [ ] Boulder Badge
  [ ] Cascade Badge
  [ ] Thunder Badge
  [ ] Rainbow Badge
  [ ] Soul Badge
  [ ] Marsh Badge
  [ ] Volcano Badge
  [ ] Earth Badge

MONEY: $3175
ITEMS IN BAG: 0

PARTY: 1 Pokemon
  1. Charmander Lv.6 - HP: 21/21 (100%)
     Moves: [PP:35] [PP:40] 

UI FLAGS:
  Text box active (RAM): False
  Menu active (RAM): False

PERCEPTION SUMMARY:
  Harness note: Harness-side pixel heuristics are disabled. The raw screenshot is still attached separately for model vision.

STATE DELTAS (memory-based):
  Position changed: False
  Money delta: 0
  Battle toggled: False
  Movement stall turns: 1
  Stuck hint: slight stall

MOVEMENT PATTERN:
  Recent same-map positions tracked: 10
  Unique recent tiles: 1
  Recent movement box: 1x1
  Current tile repeats in window: 10
  Loop warning: high - last 10 same-map positions stayed within a 1x1 box covering only 1 tiles

EXPLORATION:
  Current Map Explored: 21.0%
  Tiles Explored: 42/200
  Nearby Unexplored Tiles: 10
    - (8, 10)
    - (8, 12)
    - (7, 10)
    - (7, 12)
    - (8, 9)

NAVIGATION MEMORY:
  Current Tile Visits: 50
  Known exit right: (9, 11)
  Known exit left: (7, 11)
  Known blocked directions from current tile: down, left, right, up
  Immediate movement preference: left=known_exit, right=known_exit
  Immediate movement cautions: up=confirmed_blocked, down=confirmed_blocked
  Adjacent Tile Occupancy: known_exit=previously succeeded, frontier=unexplored adjacent tile, confirmed_blocked=failed 2+ times, blocked_once=failed once, adjacent_explored=neighbor explored but this step unconfirmed, unknown=no reliable memory yet
    - up: status=confirmed_blocked target=(8, 10) blocked_attempts=2
    - down: status=confirmed_blocked target=(8, 12) blocked_attempts=2
    - left: status=known_exit target=(7, 11) blocked_attempts=2 visits=8
    - right: status=known_exit target=(9, 11) blocked_attempts=2 visits=23
  Reachable frontier tiles on this map: 29
  Suggested frontier target: (9, 10)
  Suggested route to frontier: right, up
  Unknown directions from frontier: up, left
  Frontier novelty: low; local revisit pressure 86; global novelty distance 9; priority score -96.45
  Top Frontier Alternatives:
    - (12, 11) novelty=high pressure=2 distance=4 unknown=up, down, left, right
    - (4, 11) novelty=low pressure=15 distance=4 unknown=down, left
    - (5, 11) novelty=low pressure=23 distance=3 unknown=up, down
  Local Map Window:
    FF???????
    FF???????
    FF???????
    F????F???
    FFFFPF??F
    ?????????
    ?????????
    ?????????
    ?????????
  Explored Map Snapshot:
    Legend: P=player .=explored F=frontier #=confirmed-wall W=warp ?=unknown
    Bounds: x=-3..14 y=-2..14 size=18x17 explored=42 frontier=29 blocked=11 warps=0
    ??????????????????
    ??????????????????
    ???????##?????????
    ???#??#.F?????????
    ??#.FF.F#?????????
    ???F....F#????????
    ???F....F?????????
    ???FFFF.F?????????
    ???????FF?????????
    ???????FF?????????
    ???????FF?????????
    ???????FF?????????
    ???????F???#F#????
    ???????FFFFPF??F??
    ???????????##?????
    ??????????????????
    ??????????????????

==================================================
[0m
[32m14:25:58 - ActionExecutor - INFO[0m - ACTION: a[0m
[32m14:25:58 - ActionExecutor - INFO[0m - ACTION: a[0m
[32m14:25:58 - ActionExecutor - INFO[0m - ACTION: a[0m
[32m14:25:58 - ActionExecutor - INFO[0m - ACTION: b[0m
[32m14:25:58 - ActionExecutor - INFO[0m - ACTION: a[0m
[32m14:25:58 - ActionExecutor - INFO[0m - ACTION: a[0m
[32m14:25:58 - ActionExecutor - INFO[0m - ACTION: a[0m
[32m14:25:58 - ActionExecutor - INFO[0m - ACTION: a[0m
[32m14:25:59 - ActionExecutor - INFO[0m - ACTION: b[0m
[32m14:25:59 - ActionExecutor - INFO[0m - ACTION: a[0m
[32m14:25:59 - Main - INFO[0m - 
=== GAME STATE (Turn 196020) ===

POSITION:
- Map ID: 40
- Coordinates: (8, 11)
- Facing: down
- Harness UI Classification: indoor
- External UI Hint: unknown
- Harness Local Vision: disabled

BADGES: 0/8
  [ ] Boulder Badge
  [ ] Cascade Badge
  [ ] Thunder Badge
  [ ] Rainbow Badge
  [ ] Soul Badge
  [ ] Marsh Badge
  [ ] Volcano Badge
  [ ] Earth Badge

MONEY: $3175
ITEMS IN BAG: 0

PARTY: 1 Pokemon
  1. Charmander Lv.6 - HP: 21/21 (100%)
     Moves: [PP:35] [PP:40] 

UI FLAGS:
  Text box active (RAM): False
  Menu active (RAM): False

PERCEPTION SUMMARY:
  Harness note: Harness-side pixel heuristics are disabled. The raw screenshot is still attached separately for model vision.

STATE DELTAS (memory-based):
  Position changed: False
  Money delta: 0
  Battle toggled: False
  Movement stall turns: 1
  Stuck hint: slight stall

MOVEMENT PATTERN:
  Recent same-map positions tracked: 10
  Unique recent tiles: 1
  Recent movement box: 1x1
  Current tile repeats in window: 10
  Loop warning: high - last 10 same-map positions stayed within a 1x1 box covering only 1 tiles

EXPLORATION:
  Current Map Explored: 21.0%
  Tiles Explored: 42/200
  Nearby Unexplored Tiles: 10
    - (8, 10)
    - (8, 12)
    - (7, 10)
    - (7, 12)
    - (8, 9)

NAVIGATION MEMORY:
  Current Tile Visits: 60
  Known exit right: (9, 11)
  Known exit left: (7, 11)
  Known blocked directions from current tile: down, left, right, up
  Immediate movement preference: left=known_exit, right=known_exit
  Immediate movement cautions: up=confirmed_blocked, down=confirmed_blocked
  Adjacent Tile Occupancy: known_exit=previously succeeded, frontier=unexplored adjacent tile, confirmed_blocked=failed 2+ times, blocked_once=failed once, adjacent_explored=neighbor explored but this step unconfirmed, unknown=no reliable memory yet
    - up: status=confirmed_blocked target=(8, 10) blocked_attempts=2
    - down: status=confirmed_blocked target=(8, 12) blocked_attempts=2
    - left: status=known_exit target=(7, 11) blocked_attempts=2 visits=8
    - right: status=known_exit target=(9, 11) blocked_attempts=2 visits=23
  Reachable frontier tiles on this map: 29
  Suggested frontier target: (9, 10)
  Suggested route to frontier: right, up
  Unknown directions from frontier: up, left
  Frontier novelty: low; local revisit pressure 96; global novelty distance 9; priority score -108.95
  Top Frontier Alternatives:
    - (12, 11) novelty=high pressure=2 distance=4 unknown=up, down, left, right
    - (4, 11) novelty=low pressure=15 distance=4 unknown=down, left
    - (5, 11) novelty=low pressure=23 distance=3 unknown=up, down
  Local Map Window:
    FF???????
    FF???????
    FF???????
    F????F???
    FFFFPF??F
    ?????????
    ?????????
    ?????????
    ?????????
  Explored Map Snapshot:
    Legend: P=player .=explored F=frontier #=confirmed-wall W=warp ?=unknown
    Bounds: x=-3..14 y=-2..14 size=18x17 explored=42 frontier=29 blocked=11 warps=0
    ??????????????????
    ??????????????????
    ???????##?????????
    ???#??#.F?????????
    ??#.FF.F#?????????
    ???F....F#????????
    ???F....F?????????
    ???FFFF.F?????????
    ???????FF?????????
    ???????FF?????????
    ???????FF?????????
    ???????FF?????????
    ???????F???#F#????
    ???????FFFFPF??F??
    ???????????##?????
    ??????????????????
    ??????????????????

==================================================
[0m
[32m14:25:59 - ActionExecutor - INFO[0m - ACTION: a[0m
[32m14:25:59 - ActionExecutor - INFO[0m - ACTION: a[0m
[32m14:25:59 - ActionExecutor - INFO[0m - ACTION: a[0m
[32m14:25:59 - ActionExecutor - INFO[0m - ACTION: b[0m
[32m14:25:59 - ActionExecutor - INFO[0m - ACTION: a[0m
[32m14:25:59 - ActionExecutor - INFO[0m - ACTION: a[0m
[32m14:26:00 - ActionExecutor - INFO[0m - ACTION: a[0m
[32m14:26:00 - ActionExecutor - INFO[0m - ACTION: a[0m
[32m14:26:00 - ActionExecutor - INFO[0m - ACTION: b[0m
[32m14:26:00 - ActionExecutor - INFO[0m - ACTION: a[0m
[32m14:26:00 - Main - INFO[0m - 
=== GAME STATE (Turn 196030) ===

POSITION:
- Map ID: 40
- Coordinates: (8, 11)
- Facing: down
- Harness UI Classification: indoor
- External UI Hint: unknown
- Harness Local Vision: disabled

BADGES: 0/8
  [ ] Boulder Badge
  [ ] Cascade Badge
  [ ] Thunder Badge
  [ ] Rainbow Badge
  [ ] Soul Badge
  [ ] Marsh Badge
  [ ] Volcano Badge
  [ ] Earth Badge

MONEY: $3175
ITEMS IN BAG: 0

PARTY: 1 Pokemon
  1. Charmander Lv.6 - HP: 21/21 (100%)
     Moves: [PP:35] [PP:40] 

UI FLAGS:
  Text box active (RAM): False
  Menu active (RAM): False

PERCEPTION SUMMARY:
  Harness note: Harness-side pixel heuristics are disabled. The raw screenshot is still attached separately for model vision.

STATE DELTAS (memory-based):
  Position changed: False
  Money delta: 0
  Battle toggled: False
  Movement stall turns: 1
  Stuck hint: slight stall

MOVEMENT PATTERN:
  Recent same-map positions tracked: 10
  Unique recent tiles: 1
  Recent movement box: 1x1
  Current tile repeats in window: 10
  Loop warning: high - last 10 same-map positions stayed within a 1x1 box covering only 1 tiles

EXPLORATION:
  Current Map Explored: 21.0%
  Tiles Explored: 42/200
  Nearby Unexplored Tiles: 10
    - (8, 10)
    - (8, 12)
    - (7, 10)
    - (7, 12)
    - (8, 9)

NAVIGATION MEMORY:
  Current Tile Visits: 70
  Known exit right: (9, 11)
  Known exit left: (7, 11)
  Known blocked directions from current tile: down, left, right, up
  Immediate movement preference: left=known_exit, right=known_exit
  Immediate movement cautions: up=confirmed_blocked, down=confirmed_blocked
  Adjacent Tile Occupancy: known_exit=previously succeeded, frontier=unexplored adjacent tile, confirmed_blocked=failed 2+ times, blocked_once=failed once, adjacent_explored=neighbor explored but this step unconfirmed, unknown=no reliable memory yet
    - up: status=confirmed_blocked target=(8, 10) blocked_attempts=2
    - down: status=confirmed_blocked target=(8, 12) blocked_attempts=2
    - left: status=known_exit target=(7, 11) blocked_attempts=2 visits=8
    - right: status=known_exit target=(9, 11) blocked_attempts=2 visits=23
  Reachable frontier tiles on this map: 29
  Suggested frontier target: (9, 10)
  Suggested route to frontier: right, up
  Unknown directions from frontier: up, left
  Frontier novelty: low; local revisit pressure 106; global novelty distance 9; priority score -121.45
  Top Frontier Alternatives:
    - (12, 11) novelty=high pressure=2 distance=4 unknown=up, down, left, right
    - (4, 11) novelty=low pressure=15 distance=4 unknown=down, left
    - (5, 11) novelty=low pressure=23 distance=3 unknown=up, down
  Local Map Window:
    FF???????
    FF???????
    FF???????
    F????F???
    FFFFPF??F
    ?????????
    ?????????
    ?????????
    ?????????
  Explored Map Snapshot:
    Legend: P=player .=explored F=frontier #=confirmed-wall W=warp ?=unknown
    Bounds: x=-3..14 y=-2..14 size=18x17 explored=42 frontier=29 blocked=11 warps=0
    ??????????????????
    ??????????????????
    ???????##?????????
    ???#??#.F?????????
    ??#.FF.F#?????????
    ???F....F#????????
    ???F....F?????????
    ???FFFF.F?????????
    ???????FF?????????
    ???????FF?????????
    ???????FF?????????
    ???????FF?????????
    ???????F???#F#????
    ???????FFFFPF??F??
    ???????????##?????
    ??????????????????
    ??????????????????

==================================================
[0m
[32m14:26:00 - ActionExecutor - INFO[0m - ACTION: a[0m
[32m14:26:00 - ActionExecutor - INFO[0m - ACTION: a[0m
[32m14:26:00 - ActionExecutor - INFO[0m - ACTION: a[0m
[32m14:26:00 - ActionExecutor - INFO[0m - ACTION: b[0m
[32m14:26:01 - Main - INFO[0m - Reached testing.max_turns=196033; stopping run loop[0m
[32m14:26:01 - Main - INFO[0m - 正在关闭...[0m
[32m14:26:01 - Main - INFO[0m - Skipping checkpoint write on shutdown for this testing run[0m
[32m14:26:01 - Visualizer - INFO[0m - Visualizer stopped[0m
[32m14:26:01 - Emulator - INFO[0m - Stopping emulator[0m
[32m14:26:01 - Main - INFO[0m - ==================================================[0m
[32m14:26:01 - Main - INFO[0m - MILESTONE: 宝可梦AI智能体已停止[0m
[32m14:26:01 - Main - INFO[0m - ==================================================[0m
[32m14:26:01 - Main - INFO[0m - 总回合数: 196033[0m
{
  "report_version": 2,
  "requested_checkpoint": "checkpoint_195913",
  "restored_checkpoint": "checkpoint_195913",
  "requested_turns": 120,
  "llm_primary_mode": true,
  "ai_full_control_mode": true,
  "pure_llm_mode": false,
  "research_mode": false,
  "reset_context": true,
  "effective_settings": {
    "llm_primary_mode": true,
    "ai_full_control_mode": true,
    "pure_llm_mode": false,
    "research_mode": false,
    "ai_timeout_seconds": 25,
    "same_turn_retry_timeout_seconds": 30,
    "decision_max_tokens": 384,
    "action_plan_max_actions": 3,
    "llm_primary_action_plan_enabled": true
  },
  "latest_checkpoint": "checkpoint_195913",
  "start_turn": 195913,
  "end_turn": 196033,
  "turn_delta": 120,
  "completed_requested_turns": true,
  "fatal_error": null,
  "timeline_length": 120,
  "reached_playable": true,
  "api_cooldown_active": true,
  "api_cooldown_remaining": 24.2,
  "decision_source_counts": {
    "ai": 55,
    "cached_ai_plan": 2,
    "wait_rewrite_ai_error": 2,
    "wait_rewrite_ai_cooldown": 17,
    "guided_navigation_escape": 4,
    "api_unavailable_field_interaction": 40
  },
  "decision_path_counts": {
    "ai": 55,
    "tool": 25,
    "fallback": 40
  },
  "ai_control_metrics": {
    "total_turns": 120,
    "main_model_turns": 55,
    "ai_plan_turns": 2,
    "ai_authored_turns": 57,
    "deterministic_tool_turns": 23,
    "fallback_turns": 40,
    "main_model_ratio": 0.4583,
    "ai_authored_ratio": 0.475,
    "deterministic_tool_ratio": 0.1917,
    "fallback_ratio": 0.3333,
    "ai_dominant": true
  },
  "ai_latency_summary": {
    "count": 55,
    "avg_seconds": 6.578,
    "max_seconds": 19.631,
    "min_seconds": 4.887,
    "total_seconds": 361.803,
    "avg_request_count": 1.0
  },
  "story_markers": {
    "visited_maps": [
      40
    ],
    "highest_party_level": 6,
    "got_starter": true,
    "reached_playable": true,
    "reached_route1": false,
    "reached_viridian_city": false,
    "entered_viridian_mart": false,
    "entered_oaks_lab": true,
    "obtained_oaks_parcel": false,
    "delivered_oaks_parcel": false,
    "got_pokedex": false,
    "started_post_pokedex_departure": false,
    "reached_route2": false,
    "reached_viridian_forest_south_gate": false,
    "reached_viridian_forest": false
  },
  "report_validation": {
    "timeline_first_turn": 195914,
    "timeline_last_turn": 196033,
    "timeline_turn_count": 120,
    "timeline_turns_monotonic": true,
    "final_state_turn": 196033,
    "final_state_matches_end_turn": true,
    "timeline_last_turn_matches_end_turn": true
  },
  "final_state": {
    "turn": 196033,
    "timestamp": "2026-04-05T14:26:01.075212",
    "position": {
      "map_id": 40,
      "x": 8,
      "y": 11
    },
    "badges": 0,
    "money": 3175,
    "item_count": 0,
    "party_size": 1,
    "party": [
      {
        "species_id": 176,
        "species": "Charmander",
        "name": "Charmander",
        "display_name": "Charmander",
        "level": 6,
        "hp": 21,
        "current_hp": 21,
        "max_hp": 21,
        "moves": [
          {
            "move_id": 10,
            "pp": 35
          },
          {
            "move_id": 45,
            "pp": 40
          }
        ],
        "stats": {
          "attack": 12,
          "defense": 11,
          "speed": 14,
          "special": 11
        }
      }
    ],
    "in_battle": false,
    "events": {
      "got_pokedex": false,
      "oak_got_parcel": false,
      "got_oaks_parcel": false
    },
    "ui": {
      "text_box_active": false,
      "menu_active": false,
      "stale_text_box_flag": true
    },
    "pre_world": false,
    "pre_starter_script": false,
    "visual": {
      "screen_type": "indoor",
      "description": "Harness-side pixel heuristics are disabled. The raw screenshot is still attached separately for model vision.",
      "screen_size": [
        160,
        144
      ],
      "frame_number": 196034,
      "local_analysis_enabled": false,
      "screen_hash": "e62da95dbdc0149c290afbf3a84e16f2"
    },
    "exploration": {
      "current_map": 40,
      "explored_tiles": 42,
      "total_tiles": 200,
      "exploration_percent": 21.0
    },
    "navigation": {
      "current_visit_count": 74,
      "known_exits": {
        "right": {
          "x": 9,
          "y": 11
        },
        "left": {
          "x": 7,
          "y": 11
        }
      },
      "blocked_directions": [
        "down",
        "left",
        "right",
        "up"
      ],
      "frontier_count": 29,
      "nearest_frontier": {
        "target": [
          9,
          10
        ],
        "path": [
          "right",
          "up"
        ],
        "unknown_directions": [
          "up",
          "left"
        ],
        "visit_count": 5,
        "distance": 2,
        "local_visit_pressure": 110,
        "global_novelty_distance": 9,
        "priority_score": -126.45,
        "novelty_label": "low"
      },
      "frontier_candidates": [
        {
          "target": [
            12,
            11
          ],
          "unknown_directions": [
            "up",
            "down",
            "left",
            "right"
          ],
          "visit_count": 2,
          "distance": 4,
          "local_visit_pressure": 2,
          "global_novelty_distance": 13,
          "priority_score": 42.85,
          "novelty_label": "high"
        },
        {
          "target": [
            4,
            11
          ],
          "unknown_directions": [
            "down",
            "left"
          ],
          "visit_count": 4,
          "distance": 4,
          "local_visit_pressure": 15,
          "global_novelty_distance": 5,
          "priority_score": -11.4,
          "novelty_label": "low"
        },
        {
          "target": [
            5,
            11
          ],
          "unknown_directions": [
            "up",
            "down"
          ],
          "visit_count": 5,
          "distance": 3,
          "local_visit_pressure": 23,
          "global_novelty_distance": 6,
          "priority_score": -23.3,
          "novelty_label": "low"
        }
      ],
      "adjacent_tiles": {
        "up": {
          "target": {
            "x": 8,
            "y": 10
          },
          "status": "confirmed_blocked",
          "blocked_attempts": 2,
          "target_visit_count": 0,
          "target_known_explored": false,
          "target_is_warp": false,
          "step_triggers_warp": false,
          "is_frontier_direction": false,
          "is_preferred_frontier_step": false,
          "summary": "This move failed 2 times from the current tile; treat it as a wall or solid blocker until evidence changes."
        },
        "down": {
          "target": {
            "x": 8,
            "y": 12
          },
          "status": "confirmed_blocked",
          "blocked_attempts": 2,
          "target_visit_count": 0,
          "target_known_explored": false,
          "target_is_warp": false,
          "step_triggers_warp": false,
          "is_frontier_direction": false,
          "is_preferred_frontier_step": false,
          "summary": "This move failed 2 times from the current tile; treat it as a wall or solid blocker until evidence changes."
        },
        "left": {
          "target": {
            "x": 7,
            "y": 11
          },
          "status": "known_exit",
          "blocked_attempts": 2,
          "target_visit_count": 8,
          "target_known_explored": true,
          "target_is_warp": false,
          "step_triggers_warp": false,
          "is_frontier_direction": false,
          "is_preferred_frontier_step": false,
          "summary": "This move previously succeeded and led to explored tile (7, 11)."
        },
        "right": {
          "target": {
            "x": 9,
            "y": 11
          },
          "status": "known_exit",
          "blocked_attempts": 2,
          "target_visit_count": 23,
          "target_known_explored": true,
          "target_is_warp": false,
          "step_triggers_warp": false,
          "is_frontier_direction": false,
          "is_preferred_frontier_step": false,
          "summary": "This move previously succeeded and led to explored tile (9, 11)."
        }
      },
      "current_tile_warp": null,
      "warp_cautions": [],
      "frontier_guidance": {
        "current_tile_is_frontier": false,
        "prefer_leave_current_frontier": false,
        "recommended_direction": null,
        "escape_direction": null,
        "discouraged_directions": [],
        "stronger_frontier_target": null,
        "current_priority_score": null,
        "stronger_priority_score": null,
        "priority_gap": 0.0,
        "summary": null
      },
      "known_warps": [],
      "local_map": [
        "FF???????",
        "FF???????",
        "FF???????",
        "F????F???",
        "FFFFPF??F",
        "?????????",
        "?????????",
        "?????????",
        "?????????"
      ],
      "map_snapshot": {
        "available": true,
        "map_id": 40,
        "rows": [
          "                  ",
          "                  ",
          "       ##         ",
          "   #  #.F         ",
          "  #.FF.F#         ",
          "   F....F#        ",
          "   F....F         ",
          "   FFFF.F         ",
          "       FF         ",
          "       FF         ",
          "       FF         ",
          "       FF         ",
          "       F   #F#    ",
          "       FFFFPF  F  ",
          "           ##     ",
          "                  ",
          "                  "
        ],
        "prompt_rows": [
          "??????????????????",
          "??????????????????",
          "???????##?????????",
          "???#??#.F?????????",
          "??#.FF.F#?????????",
          "???F....F#????????",
          "???F....F?????????",
          "???FFFF.F?????????",
          "???????FF?????????",
          "???????FF?????????",
          "???????FF?????????",
          "???????FF?????????",
          "???????F???#F#????",
          "???????FFFFPF??F??",
          "???????????##?????",
          "??????????????????",
          "??????????????????"
        ],
        "bounds": {
          "min_x": -3,
          "max_x": 14,
          "min_y": -2,
          "max_y": 14,
          "width": 18,
          "height": 17
        },
        "player": {
          "x": 8,
          "y": 11
        },
        "explored_count": 42,
        "frontier_count": 29,
        "blocked_count": 11,
        "warp_count": 0,
        "legend": {
          " ": "unknown",
          ".": "explored",
          "F": "frontier",
          "#": "confirmed wall",
          "W": "warp",
          "P": "player"
        }
      }
    },
    "deltas": {
      "position_changed": false,
      "money_delta": 0,
      "battle_toggled": false,
      "movement_stall_turns": 1,
      "stuck_hint": "slight stall"
    },
    "movement_pattern": {
      "window_size": 10,
      "unique_tiles": 1,
      "bounding_box_width": 1,
      "bounding_box_height": 1,
      "current_tile_repeat_count": 10,
      "micro_loop_warning": true,
      "warning": "high - last 10 same-map positions stayed within a 1x1 box covering only 1 tiles"
    },
    "battle_summary": {
      "active": false,
      "phase": "not_in_battle",
      "encounter_type": "none",
      "battle_turns": 0,
      "enemy_hp_changed": false,
      "battle_stall_turns": 0,
      "enemy_species": null,
      "enemy_level": null,
      "enemy_current_hp": null,
      "lead_pokemon": {
        "species": "Charmander",
        "level": 6,
        "current_hp": 21,
        "max_hp": 21,
        "hp_percent": 100.0
      },
      "focus_hint": null
    }
  },
  "timeline": [
    {
      "turn": 195914,
      "action": "down",
      "reasoning": "The screenshot shows Oak's lab with no dialogue open, and the player is above the bottom exit so the next mandatory progress is to leave the lab.",
      "result": "After down:; moved from (4,8) to (4,9) on map 40; screen changed from overworld to indoor",
      "decision_source": "ai",
      "decision_path": "ai",
      "model_latency_seconds": 7.409,
      "model_request_count": 1,
      "screen_type": "indoor",
      "observed_screen_type": "overworld",
      "phase_hint": null,
      "position": {
        "map_id": 40,
        "x": 4,
        "y": 8
      },
      "party_size": 1
    },
    {
      "turn": 195915,
      "action": "down",
      "reasoning": "The lab interior is visible with no dialogue box, and the player is one step above the bottom exit strip so moving down should leave the building.",
      "result": "After down:; position did not change",
      "decision_source": "ai",
      "decision_path": "ai",
      "model_latency_seconds": 11.77,
      "model_request_count": 1,
      "screen_type": "indoor",
      "observed_screen_type": "indoor",
      "phase_hint": "indoor",
      "position": {
        "map_id": 40,
        "x": 4,
        "y": 9
      },
      "party_size": 1
    },
    {
      "turn": 195916,
      "action": "down",
      "reasoning": "The screenshot shows the player in Oak's lab facing downward with the bottom doorway one tile below, so stepping down should reach the exit tile rather than repeating a blocked unchanged move from the threshold.",
      "result": "After down:; moved from (4,9) to (4,10) on map 40",
      "decision_source": "ai",
      "decision_path": "ai",
      "model_latency_seconds": 19.631,
      "model_request_count": 1,
      "screen_type": "indoor",
      "observed_screen_type": "indoor",
      "phase_hint": "indoor",
      "position": {
        "map_id": 40,
        "x": 4,
        "y": 9
      },
      "party_size": 1
    },
    {
      "turn": 195917,
      "action": "down",
      "reasoning": "AI plan: The screenshot shows the player in Oak's lab facing downward with the bottom doorway one tile below, so stepping down should reach the exit tile rather than repeating a blocked unchanged move from the threshold. | follow down, down, left",
      "result": "After down:; position did not change",
      "decision_source": "cached_ai_plan",
      "decision_path": "tool",
      "model_latency_seconds": null,
      "model_request_count": null,
      "screen_type": "indoor",
      "observed_screen_type": "indoor",
      "phase_hint": "indoor",
      "position": {
        "map_id": 40,
        "x": 4,
        "y": 10
      },
      "party_size": 1
    },
    {
      "turn": 195918,
      "action": "down",
      "reasoning": "The screenshot shows the player standing on the lab’s bottom doorway threshold facing the black exit band, so one more step down should trigger leaving the building.",
      "result": "After down:; moved from (4,10) to (4,11) on map 40",
      "decision_source": "ai",
      "decision_path": "ai",
      "model_latency_seconds": 7.555,
      "model_request_count": 1,
      "screen_type": "indoor",
      "observed_screen_type": "indoor",
      "phase_hint": null,
      "position": {
        "map_id": 40,
        "x": 4,
        "y": 10
      },
      "party_size": 1
    },
    {
      "turn": 195919,
      "action": "left",
      "reasoning": "AI plan: The screenshot shows the player standing on the lab’s bottom doorway threshold facing the black exit band, so one more step down should trigger leaving the building. | follow down, left, left",
      "result": "After left:; position did not change",
      "decision_source": "cached_ai_plan",
      "decision_path": "tool",
      "model_latency_seconds": null,
      "model_request_count": null,
      "screen_type": "indoor",
      "observed_screen_type": "indoor",
      "phase_hint": "indoor",
      "position": {
        "map_id": 40,
        "x": 4,
        "y": 11
      },
      "party_size": 1
    },
    {
      "turn": 195920,
      "action": "down",
      "reasoning": "The screenshot shows the player on the lab’s bottom exit mat facing left, with the doorway opening directly below into the black transition area.",
      "result": "After down:; position did not change",
      "decision_source": "ai",
      "decision_path": "ai",
      "model_latency_seconds": 7.847,
      "model_request_count": 1,
      "screen_type": "indoor",
      "observed_screen_type": "indoor",
      "phase_hint": null,
      "position": {
        "map_id": 40,
        "x": 4,
        "y": 11
      },
      "party_size": 1
    },
    {
      "turn": 195921,
      "action": "right",
      "reasoning": "The screenshot shows the player standing on the lab’s exit mat with open floor to the right while repeated down attempts at this tile have failed.",
      "result": "After right:; position did not change",
      "decision_source": "ai",
      "decision_path": "ai",
      "model_latency_seconds": 9.788,
      "model_request_count": 1,
      "screen_type": "indoor",
      "observed_screen_type": "indoor",
      "phase_hint": "indoor",
      "position": {
        "map_id": 40,
        "x": 4,
        "y": 11
      },
      "party_size": 1
    },
    {
      "turn": 195922,
      "action": "right",
      "reasoning": "Use the learned frontier route instead of probing another weak local loop. Original WAIT reasoning: Same-turn AI retry budget exhausted after 5 attempts over 32.1s: AI request failed: ('Connection aborted.', ConnectionResetError(10054, '远程主机强迫关闭了一个现有的连接。', None, 10054, None))",
      "result": "After right:; moved from (4,11) to (5,11) on map 40",
      "decision_source": "wait_rewrite_ai_error",
      "decision_path": "tool",
      "model_latency_seconds": null,
      "model_request_count": null,
      "screen_type": "indoor",
      "observed_screen_type": "indoor",
      "phase_hint": "indoor",
      "position": {
        "map_id": 40,
        "x": 4,
        "y": 11
      },
      "party_size": 1
    },
    {
      "turn": 195923,
      "action": "right",
      "reasoning": "Use the learned frontier route instead of probing another weak local loop. Original WAIT reasoning: API cooldown active for 1.9s after recent request failures",
      "result": "After right:; moved from (5,11) to (6,11) on map 40",
      "decision_source": "wait_rewrite_ai_cooldown",
      "decision_path": "tool",
      "model_latency_seconds": null,
      "model_request_count": null,
      "screen_type": "indoor",
      "observed_screen_type": "indoor",
      "phase_hint": "indoor",
      "position": {
        "map_id": 40,
        "x": 5,
        "y": 11
      },
      "party_size": 1
    },
    {
      "turn": 195924,
      "action": "right",
      "reasoning": "Use the learned frontier route instead of probing another weak local loop. Original WAIT reasoning: API cooldown active for 1.7s after recent request failures",
      "result": "After right:; moved from (6,11) to (7,11) on map 40",
      "decision_source": "wait_rewrite_ai_cooldown",
      "decision_path": "tool",
      "model_latency_seconds": null,
      "model_request_count": null,
      "screen_type": "indoor",
      "observed_screen_type": "indoor",
      "phase_hint": "indoor",
      "position": {
        "map_id": 40,
        "x": 6,
        "y": 11
      },
      "party_size": 1
    },
    {
      "turn": 195925,
      "action": "right",
      "reasoning": "Use the learned frontier route instead of probing another weak local loop. Original WAIT reasoning: API cooldown active for 1.6s after recent request failures",
      "result": "After right:; moved from (7,11) to (8,11) on map 40",
      "decision_source": "wait_rewrite_ai_cooldown",
      "decision_path": "tool",
      "model_latency_seconds": null,
      "model_request_count": null,
      "screen_type": "indoor",
      "observed_screen_type": "indoor",
      "phase_hint": "indoor",
      "position": {
        "map_id": 40,
        "x": 7,
        "y": 11
      },
      "party_size": 1
    },
    {
      "turn": 195926,
      "action": "up",
      "reasoning": "Use local navigation hints to keep exploring via up. Original WAIT reasoning: API cooldown active for 1.5s after recent request failures",
      "result": "After up:; position did not change",
      "decision_source": "wait_rewrite_ai_cooldown",
      "decision_path": "tool",
      "model_latency_seconds": null,
      "model_request_count": null,
      "screen_type": "indoor",
      "observed_screen_type": "indoor",
      "phase_hint": "indoor",
      "position": {
        "map_id": 40,
        "x": 8,
        "y": 11
      },
      "party_size": 1
    },
    {
      "turn": 195927,
      "action": "right",
      "reasoning": "Use the learned frontier route instead of probing another weak local loop. Original WAIT reasoning: API cooldown active for 1.3s after recent request failures",
      "result": "After right:; moved from (8,11) to (9,11) on map 40",
      "decision_source": "wait_rewrite_ai_cooldown",
      "decision_path": "tool",
      "model_latency_seconds": null,
      "model_request_count": null,
      "screen_type": "indoor",
      "observed_screen_type": "indoor",
      "phase_hint": "indoor",
      "position": {
        "map_id": 40,
        "x": 8,
        "y": 11
      },
      "party_size": 1
    },
    {
      "turn": 195928,
      "action": "up",
      "reasoning": "Use local navigation hints to keep exploring via up. Original WAIT reasoning: API cooldown active for 1.2s after recent request failures",
      "result": "After up:; moved from (9,11) to (9,10) on map 40",
      "decision_source": "wait_rewrite_ai_cooldown",
      "decision_path": "tool",
      "model_latency_seconds": null,
      "model_request_count": null,
      "screen_type": "indoor",
      "observed_screen_type": "indoor",
      "phase_hint": "indoor",
      "position": {
        "map_id": 40,
        "x": 9,
        "y": 11
      },
      "party_size": 1
    },
    {
      "turn": 195929,
      "action": "left",
      "reasoning": "Use local navigation hints to keep exploring via left. Original WAIT reasoning: API cooldown active for 1.0s after recent request failures",
      "result": "After left:; position did not change",
      "decision_source": "wait_rewrite_ai_cooldown",
      "decision_path": "tool",
      "model_latency_seconds": null,
      "model_request_count": null,
      "screen_type": "indoor",
      "observed_screen_type": "indoor",
      "phase_hint": "indoor",
      "position": {
        "map_id": 40,
        "x": 9,
        "y": 10
      },
      "party_size": 1
    },
    {
      "turn": 195930,
      "action": "right",
      "reasoning": "Use the learned frontier route instead of probing another weak local loop. Original WAIT reasoning: API cooldown active for 0.9s after recent request failures",
      "result": "After right:; position did not change",
      "decision_source": "wait_rewrite_ai_cooldown",
      "decision_path": "tool",
      "model_latency_seconds": null,
      "model_request_count": null,
      "screen_type": "indoor",
      "observed_screen_type": "indoor",
      "phase_hint": "indoor",
      "position": {
        "map_id": 40,
        "x": 9,
        "y": 10
      },
      "party_size": 1
    },
    {
      "turn": 195931,
      "action": "right",
      "reasoning": "Use the learned frontier route instead of probing another weak local loop. Original WAIT reasoning: API cooldown active for 0.7s after recent request failures",
      "result": "After right:; position did not change",
      "decision_source": "wait_rewrite_ai_cooldown",
      "decision_path": "tool",
      "model_latency_seconds": null,
      "model_request_count": null,
      "screen_type": "indoor",
      "observed_screen_type": "indoor",
      "phase_hint": "indoor",
      "position": {
        "map_id": 40,
        "x": 9,
        "y": 10
      },
      "party_size": 1
    },
    {
      "turn": 195932,
      "action": "right",
      "reasoning": "Use the learned frontier route instead of probing another weak local loop. Original WAIT reasoning: API cooldown active for 0.5s after recent request failures",
      "result": "After right:; position did not change",
      "decision_source": "wait_rewrite_ai_cooldown",
      "decision_path": "tool",
      "model_latency_seconds": null,
      "model_request_count": null,
      "screen_type": "indoor",
      "observed_screen_type": "indoor",
      "phase_hint": "indoor",
      "position": {
        "map_id": 40,
        "x": 9,
        "y": 10
      },
      "party_size": 1
    },
    {
      "turn": 195933,
      "action": "down",
      "reasoning": "Use the learned frontier route instead of probing another weak local loop. Original WAIT reasoning: API cooldown active for 0.4s after recent request failures",
      "result": "After down:; moved from (9,10) to (9,11) on map 40",
      "decision_source": "wait_rewrite_ai_cooldown",
      "decision_path": "tool",
      "model_latency_seconds": null,
      "model_request_count": null,
      "screen_type": "indoor",
      "observed_screen_type": "indoor",
      "phase_hint": "indoor",
      "position": {
        "map_id": 40,
        "x": 9,
        "y": 10
      },
      "party_size": 1
    },
    {
      "turn": 195934,
      "action": "down",
      "reasoning": "Use local navigation hints to keep exploring via down. Original WAIT reasoning: API cooldown active for 0.2s after recent request failures",
      "result": "After down:; position did not change",
      "decision_source": "wait_rewrite_ai_cooldown",
      "decision_path": "tool",
      "model_latency_seconds": null,
      "model_request_count": null,
      "screen_type": "indoor",
      "observed_screen_type": "indoor",
      "phase_hint": "indoor",
      "position": {
        "map_id": 40,
        "x": 9,
        "y": 11
      },
      "party_size": 1
    },
    {
      "turn": 195935,
      "action": "down",
      "reasoning": "Use local navigation hints to keep exploring via down. Original WAIT reasoning: API cooldown active for 0.1s after recent request failures",
      "result": "After down:; position did not change",
      "decision_source": "wait_rewrite_ai_cooldown",
      "decision_path": "tool",
      "model_latency_seconds": null,
      "model_request_count": null,
      "screen_type": "indoor",
      "observed_screen_type": "indoor",
      "phase_hint": "indoor",
      "position": {
        "map_id": 40,
        "x": 9,
        "y": 11
      },
      "party_size": 1
    },
    {
      "turn": 195936,
      "action": "right",
      "reasoning": "The screenshot shows the player in Oak's lab with open floor space to the right, so exploring right follows the strongest untested frontier instead of repeating blocked down.",
      "result": "After right:; position did not change",
      "decision_source": "ai",
      "decision_path": "ai",
      "model_latency_seconds": 8.434,
      "model_request_count": 1,
      "screen_type": "indoor",
      "observed_screen_type": "indoor",
      "phase_hint": "indoor",
      "position": {
        "map_id": 40,
        "x": 9,
        "y": 11
      },
      "party_size": 1
    },
    {
      "turn": 195937,
      "action": "up",
      "reasoning": "The screenshot shows the player at the right side of Oak's lab with open floor above and the local map marks up as the known route to a better frontier rather than repeating blocked right/down.",
      "result": "After up:; position did not change",
      "decision_source": "ai",
      "decision_path": "ai",
      "model_latency_seconds": 5.293,
      "model_request_count": 1,
      "screen_type": "indoor",
      "observed_screen_type": "indoor",
      "phase_hint": "indoor",
      "position": {
        "map_id": 40,
        "x": 9,
        "y": 11
      },
      "party_size": 1
    },
    {
      "turn": 195938,
      "action": "left",
      "reasoning": "The screenshot shows the player just above the bottom aisle of Oak's lab with clear floor to the left, making left the best unexplored step instead of repeating blocked up/right.",
      "result": "After left:; position did not change",
      "decision_source": "ai",
      "decision_path": "ai",
      "model_latency_seconds": 6.611,
      "model_request_count": 1,
      "screen_type": "indoor",
      "observed_screen_type": "indoor",
      "phase_hint": "indoor",
      "position": {
        "map_id": 40,
        "x": 9,
        "y": 11
      },
      "party_size": 1
    },
    {
      "turn": 195939,
      "action": "a",
      "reasoning": "The screenshot shows the rival standing directly below-right of the player in Oak's lab, so pressing A is the concrete next step to trigger any remaining mandatory dialogue or battle.",
      "result": "After a:; no visible state change",
      "decision_source": "ai",
      "decision_path": "ai",
      "model_latency_seconds": 5.427,
      "model_request_count": 1,
      "screen_type": "indoor",
      "observed_screen_type": "indoor",
      "phase_hint": "indoor",
      "position": {
        "map_id": 40,
        "x": 9,
        "y": 11
      },
      "party_size": 1
    },
    {
      "turn": 195940,
      "action": "up",
      "reasoning": "The screenshot shows the rival one tile directly above the player in Oak's lab, so moving up is the concrete way to engage the mandatory intro interaction instead of repeating a failed A from too far away.",
      "result": "After up:; position did not change",
      "decision_source": "ai",
      "decision_path": "ai",
      "model_latency_seconds": 5.466,
      "model_request_count": 1,
      "screen_type": "indoor",
      "observed_screen_type": "indoor",
      "phase_hint": "indoor",
      "position": {
        "map_id": 40,
        "x": 9,
        "y": 11
      },
      "party_size": 1
    },
    {
      "turn": 195941,
      "action": "a",
      "reasoning": "The screenshot shows the rival standing one tile directly below the player in Oak's lab, so facing him and pressing A should trigger the remaining mandatory interaction.",
      "result": "After a:; no visible state change",
      "decision_source": "ai",
      "decision_path": "ai",
      "model_latency_seconds": 5.151,
      "model_request_count": 1,
      "screen_type": "indoor",
      "observed_screen_type": "indoor",
      "phase_hint": "indoor",
      "position": {
        "map_id": 40,
        "x": 9,
        "y": 11
      },
      "party_size": 1
    },
    {
      "turn": 195942,
      "action": "right",
      "reasoning": "The screenshot shows the rival one tile directly below the player in Oak's lab, so pressing A while facing up will not talk to him and stepping right is the concrete way to reposition toward unexplored floor and possible interaction.",
      "result": "After right:; position did not change",
      "decision_source": "ai",
      "decision_path": "ai",
      "model_latency_seconds": 7.005,
      "model_request_count": 1,
      "screen_type": "indoor",
      "observed_screen_type": "indoor",
      "phase_hint": "indoor",
      "position": {
        "map_id": 40,
        "x": 9,
        "y": 11
      },
      "party_size": 1
    },
    {
      "turn": 195943,
      "action": "left",
      "reasoning": "The screenshot shows the player on the right side of Oak's lab with open floor directly to the left while repeated right/up presses were blocked, so the next concrete step is to explore left toward the room interior and likely exit path.",
      "result": "After left:; position did not change",
      "decision_source": "ai",
      "decision_path": "ai",
      "model_latency_seconds": 9.905,
      "model_request_count": 1,
      "screen_type": "indoor",
      "observed_screen_type": "indoor",
      "phase_hint": "indoor",
      "position": {
        "map_id": 40,
        "x": 9,
        "y": 11
      },
      "party_size": 1
    },
    {
      "turn": 195944,
      "action": "up",
      "reasoning": "The screenshot shows the player at the lower-right of Oak's lab with open floor directly above and left, and moving up is the concrete step toward the nearby interior/NPC rather than repeating blocked sides.",
      "result": "After up:; position did not change",
      "decision_source": "ai",
      "decision_path": "ai",
      "model_latency_seconds": 5.853,
      "model_request_count": 1,
      "screen_type": "indoor",
      "observed_screen_type": "indoor",
      "phase_hint": "indoor",
      "position": {
        "map_id": 40,
        "x": 9,
        "y": 11
      },
      "party_size": 1
    },
    {
      "turn": 195945,
      "action": "down",
      "reasoning": "The screenshot shows the rival directly below the player, so pressing down will turn to face him and set up the mandatory interaction instead of pushing another blocked movement direction.",
      "result": "After down:; position did not change",
      "decision_source": "ai",
      "decision_path": "ai",
      "model_latency_seconds": 5.157,
      "model_request_count": 1,
      "screen_type": "indoor",
      "observed_screen_type": "indoor",
      "phase_hint": "indoor",
      "position": {
        "map_id": 40,
        "x": 9,
        "y": 11
      },
      "party_size": 1
    },
    {
      "turn": 195946,
      "action": "left",
      "reasoning": "The screenshot shows the rival standing one tile down-right of the player, so moving left is the concrete repositioning step to line up for a direct conversation instead of repeating blocked directions.",
      "result": "After left:; position did not change",
      "decision_source": "ai",
      "decision_path": "ai",
      "model_latency_seconds": 5.596,
      "model_request_count": 1,
      "screen_type": "indoor",
      "observed_screen_type": "indoor",
      "phase_hint": "indoor",
      "position": {
        "map_id": 40,
        "x": 9,
        "y": 11
      },
      "party_size": 1
    },
    {
      "turn": 195947,
      "action": "down",
      "reasoning": "The screenshot shows the rival standing directly below the player in Oak’s lab, so the concrete next step is to face and initiate the mandatory post-starter interaction.",
      "result": "After down:; position did not change",
      "decision_source": "ai",
      "decision_path": "ai",
      "model_latency_seconds": 7.547,
      "model_request_count": 1,
      "screen_type": "indoor",
      "observed_screen_type": "indoor",
      "phase_hint": "indoor",
      "position": {
        "map_id": 40,
        "x": 9,
        "y": 11
      },
      "party_size": 1
    },
    {
      "turn": 195948,
      "action": "left",
      "reasoning": "The screenshot shows the rival standing one tile to the left of the player, so facing him to trigger the likely mandatory lab dialogue is the concrete next step.",
      "result": "After left:; position did not change",
      "decision_source": "ai",
      "decision_path": "ai",
      "model_latency_seconds": 6.7,
      "model_request_count": 1,
      "screen_type": "indoor",
      "observed_screen_type": "indoor",
      "phase_hint": "indoor",
      "position": {
        "map_id": 40,
        "x": 9,
        "y": 11
      },
      "party_size": 1
    },
    {
      "turn": 195949,
      "action": "down",
      "reasoning": "The screenshot shows the rival standing directly below the player in Oak’s lab, so pressing down should face him and initiate the mandatory post-starter interaction.",
      "result": "After down:; position did not change",
      "decision_source": "ai",
      "decision_path": "ai",
      "model_latency_seconds": 7.301,
      "model_request_count": 1,
      "screen_type": "indoor",
      "observed_screen_type": "indoor",
      "phase_hint": "indoor",
      "position": {
        "map_id": 40,
        "x": 9,
        "y": 11
      },
      "party_size": 1
    },
    {
      "turn": 195950,
      "action": "right",
      "reasoning": "The screenshot shows the player one tile above-left of the rival in Oak’s lab, so moving right is the concrete repositioning step toward direct interaction instead of repeating blocked vertical inputs.",
      "result": "After right:; position did not change",
      "decision_source": "ai",
      "decision_path": "ai",
      "model_latency_seconds": 6.549,
      "model_request_count": 1,
      "screen_type": "indoor",
      "observed_screen_type": "indoor",
      "phase_hint": "indoor",
      "position": {
        "map_id": 40,
        "x": 9,
        "y": 11
      },
      "party_size": 1
    },
    {
      "turn": 195951,
      "action": "up",
      "reasoning": "The screenshot shows the player immediately below and to the right of the rival in Oak's lab, so moving up should step next to him and progress the remaining mandatory intro interaction.",
      "result": "After up:; position did not change",
      "decision_source": "ai",
      "decision_path": "ai",
      "model_latency_seconds": 6.179,
      "model_request_count": 1,
      "screen_type": "indoor",
      "observed_screen_type": "indoor",
      "phase_hint": "indoor",
      "position": {
        "map_id": 40,
        "x": 9,
        "y": 11
      },
      "party_size": 1
    },
    {
      "turn": 195952,
      "action": "left",
      "reasoning": "The screenshot shows the rival one tile up-left of the player, so moving left should place the player directly below him for the required interaction.",
      "result": "After left:; position did not change",
      "decision_source": "ai",
      "decision_path": "ai",
      "model_latency_seconds": 5.13,
      "model_request_count": 1,
      "screen_type": "indoor",
      "observed_screen_type": "indoor",
      "phase_hint": "indoor",
      "position": {
        "map_id": 40,
        "x": 9,
        "y": 11
      },
      "party_size": 1
    },
    {
      "turn": 195953,
      "action": "left",
      "reasoning": "The screenshot shows the player at the lower-right side of Oak's lab with open floor to the left while repeated up/down attempts have failed, so the next systematic exploration step is to move left.",
      "result": "After left:; position did not change",
      "decision_source": "ai",
      "decision_path": "ai",
      "model_latency_seconds": 5.929,
      "model_request_count": 1,
      "screen_type": "indoor",
      "observed_screen_type": "indoor",
      "phase_hint": "indoor",
      "position": {
        "map_id": 40,
        "x": 9,
        "y": 11
      },
      "party_size": 1
    },
    {
      "turn": 195954,
      "action": "a",
      "reasoning": "The screenshot shows the rival standing directly above-left of the player in Oak's lab, so pressing A should initiate the mandatory interaction instead of more stalled movement.",
      "result": "After a:; moved from (9,11) to (8,11) on map 40",
      "decision_source": "ai",
      "decision_path": "ai",
      "model_latency_seconds": 5.997,
      "model_request_count": 1,
      "screen_type": "indoor",
      "observed_screen_type": "indoor",
      "phase_hint": "indoor",
      "position": {
        "map_id": 40,
        "x": 9,
        "y": 11
      },
      "party_size": 1
    },
    {
      "turn": 195955,
      "action": "up",
      "reasoning": "Planner guard: current local navigation is stalled, looping, or sitting on a risky warp fringe. Planner: leave the weaker local frontier via up. Current tile is a weaker local frontier (score -20.25, pressure 32, visits 3). A stronger frontier at (12, 11) scores 42.85; leave this fringe instead of probing every adjacent unknown here.",
      "result": "After up:; position did not change",
      "decision_source": "guided_navigation_escape",
      "decision_path": "tool",
      "model_latency_seconds": null,
      "model_request_count": null,
      "screen_type": "indoor",
      "observed_screen_type": "indoor",
      "phase_hint": "indoor",
      "position": {
        "map_id": 40,
        "x": 8,
        "y": 11
      },
      "party_size": 1
    },
    {
      "turn": 195956,
      "action": "up",
      "reasoning": "Planner guard: current local navigation is stalled, looping, or sitting on a risky warp fringe. Planner: leave the weaker local frontier via up. Current tile is a weaker local frontier (score -25.5, pressure 33, visits 4). A stronger frontier at (12, 11) scores 42.85; leave this fringe instead of probing every adjacent unknown here.",
      "result": "After up:; position did not change",
      "decision_source": "guided_navigation_escape",
      "decision_path": "tool",
      "model_latency_seconds": null,
      "model_request_count": null,
      "screen_type": "indoor",
      "observed_screen_type": "indoor",
      "phase_hint": null,
      "position": {
        "map_id": 40,
        "x": 8,
        "y": 11
      },
      "party_size": 1
    },
    {
      "turn": 195957,
      "action": "left",
      "reasoning": "Planner guard: current local navigation is stalled, looping, or sitting on a risky warp fringe. Planner: leave the weaker local frontier via left. Current tile is a weaker local frontier (score -30.75, pressure 34, visits 5). A stronger frontier at (12, 11) scores 42.85; leave this fringe instead of probing every adjacent unknown here.",
      "result": "After left:; moved from (8,11) to (7,11) on map 40",
      "decision_source": "guided_navigation_escape",
      "decision_path": "tool",
      "model_latency_seconds": null,
      "model_request_count": null,
      "screen_type": "indoor",
      "observed_screen_type": "indoor",
      "phase_hint": null,
      "position": {
        "map_id": 40,
        "x": 8,
        "y": 11
      },
      "party_size": 1
    },
    {
      "turn": 195958,
      "action": "right",
      "reasoning": "The screenshot shows the rival standing up-right of the player in the lab with no text box, so stepping right should move adjacent for the mandatory interaction instead of probing a blocked area.",
      "result": "After right:; position did not change",
      "decision_source": "ai",
      "decision_path": "ai",
      "model_latency_seconds": 5.555,
      "model_request_count": 1,
      "screen_type": "indoor",
      "observed_screen_type": "indoor",
      "phase_hint": null,
      "position": {
        "map_id": 40,
        "x": 7,
        "y": 11
      },
      "party_size": 1
    },
    {
      "turn": 195959,
      "action": "up",
      "reasoning": "The rival is one tile above-right of the player in the lab, so moving up should place us adjacent for the mandatory interaction without repeating the blocked right input.",
      "result": "After up:; position did not change",
      "decision_source": "ai",
      "decision_path": "ai",
      "model_latency_seconds": 5.154,
      "model_request_count": 1,
      "screen_type": "indoor",
      "observed_screen_type": "indoor",
      "phase_hint": "indoor",
      "position": {
        "map_id": 40,
        "x": 7,
        "y": 11
      },
      "party_size": 1
    },
    {
      "turn": 195960,
      "action": "right",
      "reasoning": "The rival sprite is two tiles up-right from the player in the lab, so moving right should begin approaching him from our current open floor position.",
      "result": "After right:; position did not change",
      "decision_source": "ai",
      "decision_path": "ai",
      "model_latency_seconds": 5.099,
      "model_request_count": 1,
      "screen_type": "indoor",
      "observed_screen_type": "indoor",
      "phase_hint": "indoor",
      "position": {
        "map_id": 40,
        "x": 7,
        "y": 11
      },
      "party_size": 1
    },
    {
      "turn": 195961,
      "action": "up",
      "reasoning": "The rival is one tile up-right from the player in the lab, so moving up should place us directly below him for the mandatory interaction.",
      "result": "After up:; position did not change",
      "decision_source": "ai",
      "decision_path": "ai",
      "model_latency_seconds": 5.29,
      "model_request_count": 1,
      "screen_type": "indoor",
      "observed_screen_type": "indoor",
      "phase_hint": "indoor",
      "position": {
        "map_id": 40,
        "x": 7,
        "y": 11
      },
      "party_size": 1
    },
    {
      "turn": 195962,
      "action": "right",
      "reasoning": "The screenshot shows the rival standing one tile up-right of the player in the lab, so moving right should place us directly below him to trigger the mandatory interaction.",
      "result": "After right:; position did not change",
      "decision_source": "ai",
      "decision_path": "ai",
      "model_latency_seconds": 5.163,
      "model_request_count": 1,
      "screen_type": "indoor",
      "observed_screen_type": "indoor",
      "phase_hint": "indoor",
      "position": {
        "map_id": 40,
        "x": 7,
        "y": 11
      },
      "party_size": 1
    },
    {
      "turn": 195963,
      "action": "right",
      "reasoning": "The screenshot shows the rival one tile up-right of the player with open floor to the right, and memory marks right as the known step toward him.",
      "result": "After right:; position did not change",
      "decision_source": "ai",
      "decision_path": "ai",
      "model_latency_seconds": 4.995,
      "model_request_count": 1,
      "screen_type": "indoor",
      "observed_screen_type": "indoor",
      "phase_hint": "indoor",
      "position": {
        "map_id": 40,
        "x": 7,
        "y": 11
      },
      "party_size": 1
    },
    {
      "turn": 195964,
      "action": "right",
      "reasoning": "Planner guard: current local navigation is stalled, looping, or sitting on a risky warp fringe. Planner: follow learned route toward frontier (8, 11) (novelty=low, pressure=41) via right",
      "result": "After right:; moved from (7,11) to (8,11) on map 40",
      "decision_source": "guided_navigation_escape",
      "decision_path": "tool",
      "model_latency_seconds": null,
      "model_request_count": null,
      "screen_type": "indoor",
      "observed_screen_type": "indoor",
      "phase_hint": "indoor",
      "position": {
        "map_id": 40,
        "x": 7,
        "y": 11
      },
      "party_size": 1
    },
    {
      "turn": 195965,
      "action": "a",
      "reasoning": "The screenshot shows the rival directly one tile above the player in the lab, so pressing A should initiate the mandatory interaction without more movement.",
      "result": "After a:; no visible state change",
      "decision_source": "ai",
      "decision_path": "ai",
      "model_latency_seconds": 5.004,
      "model_request_count": 1,
      "screen_type": "indoor",
      "observed_screen_type": "indoor",
      "phase_hint": null,
      "position": {
        "map_id": 40,
        "x": 8,
        "y": 11
      },
      "party_size": 1
    },
    {
      "turn": 195966,
      "action": "up",
      "reasoning": "The screenshot shows the rival directly above the player with no dialogue box, so facing him by moving up should trigger the mandatory lab interaction.",
      "result": "After up:; position did not change",
      "decision_source": "ai",
      "decision_path": "ai",
      "model_latency_seconds": 4.977,
      "model_request_count": 1,
      "screen_type": "indoor",
      "observed_screen_type": "indoor",
      "phase_hint": "indoor",
      "position": {
        "map_id": 40,
        "x": 8,
        "y": 11
      },
      "party_size": 1
    },
    {
      "turn": 195967,
      "action": "left",
      "reasoning": "The screenshot shows the rival standing directly above and slightly left of the player, so stepping left should align the player directly below him for the mandatory interaction.",
      "result": "After left:; position did not change",
      "decision_source": "ai",
      "decision_path": "ai",
      "model_latency_seconds": 4.887,
      "model_request_count": 1,
      "screen_type": "indoor",
      "observed_screen_type": "indoor",
      "phase_hint": "indoor",
      "position": {
        "map_id": 40,
        "x": 8,
        "y": 11
      },
      "party_size": 1
    },
    {
      "turn": 195968,
      "action": "a",
      "reasoning": "The rival is directly above the player in the lab aisle, so pressing A while facing him from below should start the mandatory interaction.",
      "result": "After a:; no visible state change",
      "decision_source": "ai",
      "decision_path": "ai",
      "model_latency_seconds": 5.95,
      "model_request_count": 1,
      "screen_type": "indoor",
      "observed_screen_type": "indoor",
      "phase_hint": "indoor",
      "position": {
        "map_id": 40,
        "x": 8,
        "y": 11
      },
      "party_size": 1
    },
    {
      "turn": 195969,
      "action": "up",
      "reasoning": "The screenshot shows the rival directly above the player with no dialogue open, and the last A did nothing while facing left, so turning to face him from below is the next concrete step.",
      "result": "After up:; position did not change",
      "decision_source": "ai",
      "decision_path": "ai",
      "model_latency_seconds": 5.248,
      "model_request_count": 1,
      "screen_type": "indoor",
      "observed_screen_type": "indoor",
      "phase_hint": "indoor",
      "position": {
        "map_id": 40,
        "x": 8,
        "y": 11
      },
      "party_size": 1
    },
    {
      "turn": 195970,
      "action": "right",
      "reasoning": "The rival is one tile above and one tile left of the player, so moving right should align the player directly below him for the mandatory interaction.",
      "result": "After right:; position did not change",
      "decision_source": "ai",
      "decision_path": "ai",
      "model_latency_seconds": 10.055,
      "model_request_count": 1,
      "screen_type": "indoor",
      "observed_screen_type": "indoor",
      "phase_hint": "indoor",
      "position": {
        "map_id": 40,
        "x": 8,
        "y": 11
      },
      "party_size": 1
    },
    {
      "turn": 195971,
      "action": "a",
      "reasoning": "The screenshot shows the rival directly one tile above the player, so pressing A now should talk to him and continue the intro sequence.",
      "result": "After a:; no visible state change",
      "decision_source": "ai",
      "decision_path": "ai",
      "model_latency_seconds": 8.524,
      "model_request_count": 1,
      "screen_type": "indoor",
      "observed_screen_type": "indoor",
      "phase_hint": "indoor",
      "position": {
        "map_id": 40,
        "x": 8,
        "y": 11
      },
      "party_size": 1
    },
    {
      "turn": 195972,
      "action": "down",
      "reasoning": "The screenshot shows the rival directly above the player in the lab aisle, so moving down will turn the player to face upward and set up interaction without repeating A again immediately.",
      "result": "After down:; position did not change",
      "decision_source": "ai",
      "decision_path": "ai",
      "model_latency_seconds": 5.528,
      "model_request_count": 1,
      "screen_type": "indoor",
      "observed_screen_type": "indoor",
      "phase_hint": "indoor",
      "position": {
        "map_id": 40,
        "x": 8,
        "y": 11
      },
      "party_size": 1
    },
    {
      "turn": 195973,
      "action": "a",
      "reasoning": "The screenshot shows the rival directly one tile above the player with no dialogue box, so pressing A while facing him should start the mandatory interaction.",
      "result": "After a:; no visible state change",
      "decision_source": "ai",
      "decision_path": "ai",
      "model_latency_seconds": 4.947,
      "model_request_count": 1,
      "screen_type": "indoor",
      "observed_screen_type": "indoor",
      "phase_hint": "indoor",
      "position": {
        "map_id": 40,
        "x": 8,
        "y": 11
      },
      "party_size": 1
    },
    {
      "turn": 195974,
      "action": "up",
      "reasoning": "The rival is standing directly above the player in the lab aisle, and since repeated A did nothing while facing down, the next concrete step is to face him first.",
      "result": "After up:; position did not change",
      "decision_source": "ai",
      "decision_path": "ai",
      "model_latency_seconds": 5.494,
      "model_request_count": 1,
      "screen_type": "indoor",
      "observed_screen_type": "indoor",
      "phase_hint": "indoor",
      "position": {
        "map_id": 40,
        "x": 8,
        "y": 11
      },
      "party_size": 1
    },
    {
      "turn": 195975,
      "action": "right",
      "reasoning": "The screenshot shows the rival one tile above and the player facing up, but repeated interaction failed while the current tile is a high-repeat dead spot, so the next concrete step is to leave this blocked position via the open aisle to the right.",
      "result": "After right:; position did not change",
      "decision_source": "ai",
      "decision_path": "ai",
      "model_latency_seconds": 5.537,
      "model_request_count": 1,
      "screen_type": "indoor",
      "observed_screen_type": "indoor",
      "phase_hint": "indoor",
      "position": {
        "map_id": 40,
        "x": 8,
        "y": 11
      },
      "party_size": 1
    },
    {
      "turn": 195976,
      "action": "a",
      "reasoning": "The screenshot shows the player standing directly below the rival in Oak’s lab with no dialogue box, so interacting upward should trigger the remaining mandatory intro interaction.",
      "result": "After a:; no visible state change",
      "decision_source": "ai",
      "decision_path": "ai",
      "model_latency_seconds": 6.125,
      "model_request_count": 1,
      "screen_type": "indoor",
      "observed_screen_type": "indoor",
      "phase_hint": "indoor",
      "position": {
        "map_id": 40,
        "x": 8,
        "y": 11
      },
      "party_size": 1
    },
    {
      "turn": 195977,
      "action": "up",
      "reasoning": "The screenshot shows the rival directly above the player on a walkable aisle and the player is facing right, so the next concrete step is to turn upward toward him.",
      "result": "After up:; position did not change",
      "decision_source": "ai",
      "decision_path": "ai",
      "model_latency_seconds": 5.349,
      "model_request_count": 1,
      "screen_type": "indoor",
      "observed_screen_type": "indoor",
      "phase_hint": "indoor",
      "position": {
        "map_id": 40,
        "x": 8,
        "y": 11
      },
      "party_size": 1
    },
    {
      "turn": 195978,
      "action": "a",
      "reasoning": "The screenshot shows the rival directly in front of the player in Oak's lab with no text box, so the next concrete step is to interact from the correct facing direction to trigger the mandatory intro event.",
      "result": "After a:; no visible state change",
      "decision_source": "ai",
      "decision_path": "ai",
      "model_latency_seconds": 5.243,
      "model_request_count": 1,
      "screen_type": "indoor",
      "observed_screen_type": "indoor",
      "phase_hint": "indoor",
      "position": {
        "map_id": 40,
        "x": 8,
        "y": 11
      },
      "party_size": 1
    },
    {
      "turn": 195979,
      "action": "down",
      "reasoning": "The screenshot shows the rival still directly above while up is a confirmed blocked tile, so the next concrete step is to leave this dead spot by exploring the open tile below.",
      "result": "After down:; position did not change; screen changed from indoor to dialogue; text box opened",
      "decision_source": "ai",
      "decision_path": "ai",
      "model_latency_seconds": 6.513,
      "model_request_count": 1,
      "screen_type": "indoor",
      "observed_screen_type": "indoor",
      "phase_hint": "indoor",
      "position": {
        "map_id": 40,
        "x": 8,
        "y": 11
      },
      "party_size": 1
    },
    {
      "turn": 195980,
      "action": "a",
      "reasoning": "A dialogue box is open and has just begun showing text, so the next step is to advance the mandatory intro conversation.",
      "result": "After a:; text box remains active",
      "decision_source": "ai",
      "decision_path": "ai",
      "model_latency_seconds": 8.22,
      "model_request_count": 1,
      "screen_type": "dialogue",
      "observed_screen_type": "dialogue",
      "phase_hint": "indoor",
      "position": {
        "map_id": 40,
        "x": 8,
        "y": 11
      },
      "party_size": 1
    },
    {
      "turn": 195981,
      "action": "a",
      "reasoning": "The text box is open and showing Oak's dialogue (“I study POK”), so the mandatory conversation should be advanced.",
      "result": "After a:; text box remains active",
      "decision_source": "ai",
      "decision_path": "ai",
      "model_latency_seconds": 5.207,
      "model_request_count": 1,
      "screen_type": "dialogue",
      "observed_screen_type": "dialogue",
      "phase_hint": "dialogue",
      "position": {
        "map_id": 40,
        "x": 8,
        "y": 11
      },
      "party_size": 1
    },
    {
      "turn": 195982,
      "action": "a",
      "reasoning": "Oak's introduction text is still on screen in an active dialogue box, so the next mandatory step is to advance it.",
      "result": "After a:; text box remains active",
      "decision_source": "ai",
      "decision_path": "ai",
      "model_latency_seconds": 4.942,
      "model_request_count": 1,
      "screen_type": "dialogue",
      "observed_screen_type": "dialogue",
      "phase_hint": "dialogue",
      "position": {
        "map_id": 40,
        "x": 8,
        "y": 11
      },
      "party_size": 1
    },
    {
      "turn": 195983,
      "action": "a",
      "reasoning": "Professor Oak's intro text is still displayed in an active dialogue box, so the next mandatory step is to advance it.",
      "result": "After a:; text box remains active",
      "decision_source": "ai",
      "decision_path": "ai",
      "model_latency_seconds": 7.078,
      "model_request_count": 1,
      "screen_type": "dialogue",
      "observed_screen_type": "dialogue",
      "phase_hint": "dialogue",
      "position": {
        "map_id": 40,
        "x": 8,
        "y": 11
      },
      "party_size": 1
    },
    {
      "turn": 195984,
      "action": "a",
      "reasoning": "Professor Oak's dialogue box is still open and mid-sentence (“I study POKEMON as PROF. OAK'S AIDE.”), so the next step is to advance the mandatory intro text.",
      "result": "After a:; screen changed from dialogue to indoor; text box closed",
      "decision_source": "ai",
      "decision_path": "ai",
      "model_latency_seconds": 6.401,
      "model_request_count": 1,
      "screen_type": "dialogue",
      "observed_screen_type": "dialogue",
      "phase_hint": "dialogue",
      "position": {
        "map_id": 40,
        "x": 8,
        "y": 11
      },
      "party_size": 1
    },
    {
      "turn": 195985,
      "action": "right",
      "reasoning": "The screenshot shows the player standing below Professor Oak in his lab with no text box open, so the next step is to leave this overused spot by moving to a visible side path.",
      "result": "After right:; position did not change",
      "decision_source": "ai",
      "decision_path": "ai",
      "model_latency_seconds": 5.677,
      "model_request_count": 1,
      "screen_type": "indoor",
      "observed_screen_type": "indoor",
      "phase_hint": "dialogue",
      "position": {
        "map_id": 40,
        "x": 8,
        "y": 11
      },
      "party_size": 1
    },
    {
      "turn": 195986,
      "action": "down",
      "reasoning": "The lab scene is open with no text box, and the tile below the player is the only nearby unexplored direction while up is blocked.",
      "result": "After down:; position did not change",
      "decision_source": "ai",
      "decision_path": "ai",
      "model_latency_seconds": 6.115,
      "model_request_count": 1,
      "screen_type": "indoor",
      "observed_screen_type": "indoor",
      "phase_hint": "indoor",
      "position": {
        "map_id": 40,
        "x": 8,
        "y": 11
      },
      "party_size": 1
    },
    {
      "turn": 195987,
      "action": "right",
      "reasoning": "The screenshot shows the player directly below Professor Oak with no dialogue open, and moving right is the clearest visible way to step off this stuck tile and continue through the lab.",
      "result": "After right:; position did not change",
      "decision_source": "ai",
      "decision_path": "ai",
      "model_latency_seconds": 6.84,
      "model_request_count": 1,
      "screen_type": "indoor",
      "observed_screen_type": "indoor",
      "phase_hint": "indoor",
      "position": {
        "map_id": 40,
        "x": 8,
        "y": 11
      },
      "party_size": 1
    },
    {
      "turn": 195988,
      "action": "left",
      "reasoning": "The screenshot shows the player directly below the aide and facing right in Oak’s lab, with open floor visible to the left while right and up have already failed.",
      "result": "After left:; position did not change",
      "decision_source": "ai",
      "decision_path": "ai",
      "model_latency_seconds": 5.456,
      "model_request_count": 1,
      "screen_type": "indoor",
      "observed_screen_type": "indoor",
      "phase_hint": "indoor",
      "position": {
        "map_id": 40,
        "x": 8,
        "y": 11
      },
      "party_size": 1
    },
    {
      "turn": 195989,
      "action": "right",
      "reasoning": "Use local navigation hints to keep exploring via right. Original WAIT reasoning: Error occurred: AI request failed: HTTPSConnectionPool(host='api.ququ233.com', port=443): Max retries exceeded with url: /v1/chat/completions (Caused by SSLError(SSLEOFError(8, '[SSL: UNEXPECTED_EOF_WHILE_READING] EOF occurred in violation of protocol (_ssl.c:1028)')))",
      "result": "After right:; moved from (8,11) to (9,11) on map 40",
      "decision_source": "wait_rewrite_ai_error",
      "decision_path": "tool",
      "model_latency_seconds": null,
      "model_request_count": null,
      "screen_type": "indoor",
      "observed_screen_type": "indoor",
      "phase_hint": "indoor",
      "position": {
        "map_id": 40,
        "x": 8,
        "y": 11
      },
      "party_size": 1
    },
    {
      "turn": 195990,
      "action": "left",
      "reasoning": "Use local navigation hints to keep exploring via left. Original WAIT reasoning: API cooldown active for 29.9s after recent request failures",
      "result": "After left:; moved from (9,11) to (8,11) on map 40",
      "decision_source": "wait_rewrite_ai_cooldown",
      "decision_path": "tool",
      "model_latency_seconds": null,
      "model_request_count": null,
      "screen_type": "indoor",
      "observed_screen_type": "indoor",
      "phase_hint": "indoor",
      "position": {
        "map_id": 40,
        "x": 9,
        "y": 11
      },
      "party_size": 1
    },
    {
      "turn": 195991,
      "action": "down",
      "reasoning": "Use local navigation hints to keep exploring via down. Original WAIT reasoning: API cooldown active for 29.7s after recent request failures",
      "result": "After down:; position did not change",
      "decision_source": "wait_rewrite_ai_cooldown",
      "decision_path": "tool",
      "model_latency_seconds": null,
      "model_request_count": null,
      "screen_type": "indoor",
      "observed_screen_type": "indoor",
      "phase_hint": "indoor",
      "position": {
        "map_id": 40,
        "x": 8,
        "y": 11
      },
      "party_size": 1
    },
    {
      "turn": 195992,
      "action": "down",
      "reasoning": "Use local navigation hints to keep exploring via down. Original WAIT reasoning: API cooldown active for 29.6s after recent request failures",
      "result": "After down:; position did not change",
      "decision_source": "wait_rewrite_ai_cooldown",
      "decision_path": "tool",
      "model_latency_seconds": null,
      "model_request_count": null,
      "screen_type": "indoor",
      "observed_screen_type": "indoor",
      "phase_hint": "indoor",
      "position": {
        "map_id": 40,
        "x": 8,
        "y": 11
      },
      "party_size": 1
    },
    {
      "turn": 195993,
      "action": "down",
      "reasoning": "Use local navigation hints to keep exploring via down. Original WAIT reasoning: API cooldown active for 29.4s after recent request failures",
      "result": "After down:; position did not change",
      "decision_source": "wait_rewrite_ai_cooldown",
      "decision_path": "tool",
      "model_latency_seconds": null,
      "model_request_count": null,
      "screen_type": "indoor",
      "observed_screen_type": "indoor",
      "phase_hint": "indoor",
      "position": {
        "map_id": 40,
        "x": 8,
        "y": 11
      },
      "party_size": 1
    },
    {
      "turn": 195994,
      "action": "a",
      "reasoning": "Auto fallback while AI is unavailable: All field directions are currently blocked, so probe the stuck scene with A instead of idling",
      "result": "After a:; no visible state change",
      "decision_source": "api_unavailable_field_interaction",
      "decision_path": "fallback",
      "model_latency_seconds": null,
      "model_request_count": null,
      "screen_type": "indoor",
      "observed_screen_type": "indoor",
      "phase_hint": "indoor",
      "position": {
        "map_id": 40,
        "x": 8,
        "y": 11
      },
      "party_size": 1
    },
    {
      "turn": 195995,
      "action": "a",
      "reasoning": "Auto fallback while AI is unavailable: All field directions are currently blocked, so probe the stuck scene with A instead of idling",
      "result": "After a:; no visible state change",
      "decision_source": "api_unavailable_field_interaction",
      "decision_path": "fallback",
      "model_latency_seconds": null,
      "model_request_count": null,
      "screen_type": "indoor",
      "observed_screen_type": "indoor",
      "phase_hint": null,
      "position": {
        "map_id": 40,
        "x": 8,
        "y": 11
      },
      "party_size": 1
    },
    {
      "turn": 195996,
      "action": "a",
      "reasoning": "Auto fallback while AI is unavailable: All field directions are currently blocked, so probe the stuck scene with A instead of idling",
      "result": "After a:; no visible state change",
      "decision_source": "api_unavailable_field_interaction",
      "decision_path": "fallback",
      "model_latency_seconds": null,
      "model_request_count": null,
      "screen_type": "indoor",
      "observed_screen_type": "indoor",
      "phase_hint": null,
      "position": {
        "map_id": 40,
        "x": 8,
        "y": 11
      },
      "party_size": 1
    },
    {
      "turn": 195997,
      "action": "a",
      "reasoning": "Auto fallback while AI is unavailable: All field directions are currently blocked, so probe the stuck scene with A instead of idling",
      "result": "After a:; no visible state change",
      "decision_source": "api_unavailable_field_interaction",
      "decision_path": "fallback",
      "model_latency_seconds": null,
      "model_request_count": null,
      "screen_type": "indoor",
      "observed_screen_type": "indoor",
      "phase_hint": null,
      "position": {
        "map_id": 40,
        "x": 8,
        "y": 11
      },
      "party_size": 1
    },
    {
      "turn": 195998,
      "action": "b",
      "reasoning": "Auto fallback while AI is unavailable: All field directions are currently blocked, so probe the stuck scene with B instead of idling",
      "result": "After b:; no visible state change",
      "decision_source": "api_unavailable_field_interaction",
      "decision_path": "fallback",
      "model_latency_seconds": null,
      "model_request_count": null,
      "screen_type": "indoor",
      "observed_screen_type": "indoor",
      "phase_hint": null,
      "position": {
        "map_id": 40,
        "x": 8,
        "y": 11
      },
      "party_size": 1
    },
    {
      "turn": 195999,
      "action": "a",
      "reasoning": "Auto fallback while AI is unavailable: All field directions are currently blocked, so probe the stuck scene with A instead of idling",
      "result": "After a:; no visible state change",
      "decision_source": "api_unavailable_field_interaction",
      "decision_path": "fallback",
      "model_latency_seconds": null,
      "model_request_count": null,
      "screen_type": "indoor",
      "observed_screen_type": "indoor",
      "phase_hint": null,
      "position": {
        "map_id": 40,
        "x": 8,
        "y": 11
      },
      "party_size": 1
    },
    {
      "turn": 196000,
      "action": "a",
      "reasoning": "Auto fallback while AI is unavailable: All field directions are currently blocked, so probe the stuck scene with A instead of idling",
      "result": "After a:; no visible state change",
      "decision_source": "api_unavailable_field_interaction",
      "decision_path": "fallback",
      "model_latency_seconds": null,
      "model_request_count": null,
      "screen_type": "indoor",
      "observed_screen_type": "indoor",
      "phase_hint": null,
      "position": {
        "map_id": 40,
        "x": 8,
        "y": 11
      },
      "party_size": 1
    },
    {
      "turn": 196001,
      "action": "a",
      "reasoning": "Auto fallback while AI is unavailable: All field directions are currently blocked, so probe the stuck scene with A instead of idling",
      "result": "After a:; no visible state change",
      "decision_source": "api_unavailable_field_interaction",
      "decision_path": "fallback",
      "model_latency_seconds": null,
      "model_request_count": null,
      "screen_type": "indoor",
      "observed_screen_type": "indoor",
      "phase_hint": null,
      "position": {
        "map_id": 40,
        "x": 8,
        "y": 11
      },
      "party_size": 1
    },
    {
      "turn": 196002,
      "action": "a",
      "reasoning": "Auto fallback while AI is unavailable: All field directions are currently blocked, so probe the stuck scene with A instead of idling",
      "result": "After a:; no visible state change",
      "decision_source": "api_unavailable_field_interaction",
      "decision_path": "fallback",
      "model_latency_seconds": null,
      "model_request_count": null,
      "screen_type": "indoor",
      "observed_screen_type": "indoor",
      "phase_hint": null,
      "position": {
        "map_id": 40,
        "x": 8,
        "y": 11
      },
      "party_size": 1
    },
    {
      "turn": 196003,
      "action": "b",
      "reasoning": "Auto fallback while AI is unavailable: All field directions are currently blocked, so probe the stuck scene with B instead of idling",
      "result": "After b:; no visible state change",
      "decision_source": "api_unavailable_field_interaction",
      "decision_path": "fallback",
      "model_latency_seconds": null,
      "model_request_count": null,
      "screen_type": "indoor",
      "observed_screen_type": "indoor",
      "phase_hint": null,
      "position": {
        "map_id": 40,
        "x": 8,
        "y": 11
      },
      "party_size": 1
    },
    {
      "turn": 196004,
      "action": "a",
      "reasoning": "Auto fallback while AI is unavailable: All field directions are currently blocked, so probe the stuck scene with A instead of idling",
      "result": "After a:; no visible state change",
      "decision_source": "api_unavailable_field_interaction",
      "decision_path": "fallback",
      "model_latency_seconds": null,
      "model_request_count": null,
      "screen_type": "indoor",
      "observed_screen_type": "indoor",
      "phase_hint": null,
      "position": {
        "map_id": 40,
        "x": 8,
        "y": 11
      },
      "party_size": 1
    },
    {
      "turn": 196005,
      "action": "a",
      "reasoning": "Auto fallback while AI is unavailable: All field directions are currently blocked, so probe the stuck scene with A instead of idling",
      "result": "After a:; no visible state change",
      "decision_source": "api_unavailable_field_interaction",
      "decision_path": "fallback",
      "model_latency_seconds": null,
      "model_request_count": null,
      "screen_type": "indoor",
      "observed_screen_type": "indoor",
      "phase_hint": null,
      "position": {
        "map_id": 40,
        "x": 8,
        "y": 11
      },
      "party_size": 1
    },
    {
      "turn": 196006,
      "action": "a",
      "reasoning": "Auto fallback while AI is unavailable: All field directions are currently blocked, so probe the stuck scene with A instead of idling",
      "result": "After a:; no visible state change",
      "decision_source": "api_unavailable_field_interaction",
      "decision_path": "fallback",
      "model_latency_seconds": null,
      "model_request_count": null,
      "screen_type": "indoor",
      "observed_screen_type": "indoor",
      "phase_hint": null,
      "position": {
        "map_id": 40,
        "x": 8,
        "y": 11
      },
      "party_size": 1
    },
    {
      "turn": 196007,
      "action": "a",
      "reasoning": "Auto fallback while AI is unavailable: All field directions are currently blocked, so probe the stuck scene with A instead of idling",
      "result": "After a:; no visible state change",
      "decision_source": "api_unavailable_field_interaction",
      "decision_path": "fallback",
      "model_latency_seconds": null,
      "model_request_count": null,
      "screen_type": "indoor",
      "observed_screen_type": "indoor",
      "phase_hint": null,
      "position": {
        "map_id": 40,
        "x": 8,
        "y": 11
      },
      "party_size": 1
    },
    {
      "turn": 196008,
      "action": "b",
      "reasoning": "Auto fallback while AI is unavailable: All field directions are currently blocked, so probe the stuck scene with B instead of idling",
      "result": "After b:; no visible state change",
      "decision_source": "api_unavailable_field_interaction",
      "decision_path": "fallback",
      "model_latency_seconds": null,
      "model_request_count": null,
      "screen_type": "indoor",
      "observed_screen_type": "indoor",
      "phase_hint": null,
      "position": {
        "map_id": 40,
        "x": 8,
        "y": 11
      },
      "party_size": 1
    },
    {
      "turn": 196009,
      "action": "a",
      "reasoning": "Auto fallback while AI is unavailable: All field directions are currently blocked, so probe the stuck scene with A instead of idling",
      "result": "After a:; no visible state change",
      "decision_source": "api_unavailable_field_interaction",
      "decision_path": "fallback",
      "model_latency_seconds": null,
      "model_request_count": null,
      "screen_type": "indoor",
      "observed_screen_type": "indoor",
      "phase_hint": null,
      "position": {
        "map_id": 40,
        "x": 8,
        "y": 11
      },
      "party_size": 1
    },
    {
      "turn": 196010,
      "action": "a",
      "reasoning": "Auto fallback while AI is unavailable: All field directions are currently blocked, so probe the stuck scene with A instead of idling",
      "result": "After a:; no visible state change",
      "decision_source": "api_unavailable_field_interaction",
      "decision_path": "fallback",
      "model_latency_seconds": null,
      "model_request_count": null,
      "screen_type": "indoor",
      "observed_screen_type": "indoor",
      "phase_hint": null,
      "position": {
        "map_id": 40,
        "x": 8,
        "y": 11
      },
      "party_size": 1
    },
    {
      "turn": 196011,
      "action": "a",
      "reasoning": "Auto fallback while AI is unavailable: All field directions are currently blocked, so probe the stuck scene with A instead of idling",
      "result": "After a:; no visible state change",
      "decision_source": "api_unavailable_field_interaction",
      "decision_path": "fallback",
      "model_latency_seconds": null,
      "model_request_count": null,
      "screen_type": "indoor",
      "observed_screen_type": "indoor",
      "phase_hint": null,
      "position": {
        "map_id": 40,
        "x": 8,
        "y": 11
      },
      "party_size": 1
    },
    {
      "turn": 196012,
      "action": "a",
      "reasoning": "Auto fallback while AI is unavailable: All field directions are currently blocked, so probe the stuck scene with A instead of idling",
      "result": "After a:; no visible state change",
      "decision_source": "api_unavailable_field_interaction",
      "decision_path": "fallback",
      "model_latency_seconds": null,
      "model_request_count": null,
      "screen_type": "indoor",
      "observed_screen_type": "indoor",
      "phase_hint": null,
      "position": {
        "map_id": 40,
        "x": 8,
        "y": 11
      },
      "party_size": 1
    },
    {
      "turn": 196013,
      "action": "b",
      "reasoning": "Auto fallback while AI is unavailable: All field directions are currently blocked, so probe the stuck scene with B instead of idling",
      "result": "After b:; no visible state change",
      "decision_source": "api_unavailable_field_interaction",
      "decision_path": "fallback",
      "model_latency_seconds": null,
      "model_request_count": null,
      "screen_type": "indoor",
      "observed_screen_type": "indoor",
      "phase_hint": null,
      "position": {
        "map_id": 40,
        "x": 8,
        "y": 11
      },
      "party_size": 1
    },
    {
      "turn": 196014,
      "action": "a",
      "reasoning": "Auto fallback while AI is unavailable: All field directions are currently blocked, so probe the stuck scene with A instead of idling",
      "result": "After a:; no visible state change",
      "decision_source": "api_unavailable_field_interaction",
      "decision_path": "fallback",
      "model_latency_seconds": null,
      "model_request_count": null,
      "screen_type": "indoor",
      "observed_screen_type": "indoor",
      "phase_hint": null,
      "position": {
        "map_id": 40,
        "x": 8,
        "y": 11
      },
      "party_size": 1
    },
    {
      "turn": 196015,
      "action": "a",
      "reasoning": "Auto fallback while AI is unavailable: All field directions are currently blocked, so probe the stuck scene with A instead of idling",
      "result": "After a:; no visible state change",
      "decision_source": "api_unavailable_field_interaction",
      "decision_path": "fallback",
      "model_latency_seconds": null,
      "model_request_count": null,
      "screen_type": "indoor",
      "observed_screen_type": "indoor",
      "phase_hint": null,
      "position": {
        "map_id": 40,
        "x": 8,
        "y": 11
      },
      "party_size": 1
    },
    {
      "turn": 196016,
      "action": "a",
      "reasoning": "Auto fallback while AI is unavailable: All field directions are currently blocked, so probe the stuck scene with A instead of idling",
      "result": "After a:; no visible state change",
      "decision_source": "api_unavailable_field_interaction",
      "decision_path": "fallback",
      "model_latency_seconds": null,
      "model_request_count": null,
      "screen_type": "indoor",
      "observed_screen_type": "indoor",
      "phase_hint": null,
      "position": {
        "map_id": 40,
        "x": 8,
        "y": 11
      },
      "party_size": 1
    },
    {
      "turn": 196017,
      "action": "a",
      "reasoning": "Auto fallback while AI is unavailable: All field directions are currently blocked, so probe the stuck scene with A instead of idling",
      "result": "After a:; no visible state change",
      "decision_source": "api_unavailable_field_interaction",
      "decision_path": "fallback",
      "model_latency_seconds": null,
      "model_request_count": null,
      "screen_type": "indoor",
      "observed_screen_type": "indoor",
      "phase_hint": null,
      "position": {
        "map_id": 40,
        "x": 8,
        "y": 11
      },
      "party_size": 1
    },
    {
      "turn": 196018,
      "action": "b",
      "reasoning": "Auto fallback while AI is unavailable: All field directions are currently blocked, so probe the stuck scene with B instead of idling",
      "result": "After b:; no visible state change",
      "decision_source": "api_unavailable_field_interaction",
      "decision_path": "fallback",
      "model_latency_seconds": null,
      "model_request_count": null,
      "screen_type": "indoor",
      "observed_screen_type": "indoor",
      "phase_hint": null,
      "position": {
        "map_id": 40,
        "x": 8,
        "y": 11
      },
      "party_size": 1
    },
    {
      "turn": 196019,
      "action": "a",
      "reasoning": "Auto fallback while AI is unavailable: All field directions are currently blocked, so probe the stuck scene with A instead of idling",
      "result": "After a:; no visible state change",
      "decision_source": "api_unavailable_field_interaction",
      "decision_path": "fallback",
      "model_latency_seconds": null,
      "model_request_count": null,
      "screen_type": "indoor",
      "observed_screen_type": "indoor",
      "phase_hint": null,
      "position": {
        "map_id": 40,
        "x": 8,
        "y": 11
      },
      "party_size": 1
    },
    {
      "turn": 196020,
      "action": "a",
      "reasoning": "Auto fallback while AI is unavailable: All field directions are currently blocked, so probe the stuck scene with A instead of idling",
      "result": "After a:; no visible state change",
      "decision_source": "api_unavailable_field_interaction",
      "decision_path": "fallback",
      "model_latency_seconds": null,
      "model_request_count": null,
      "screen_type": "indoor",
      "observed_screen_type": "indoor",
      "phase_hint": null,
      "position": {
        "map_id": 40,
        "x": 8,
        "y": 11
      },
      "party_size": 1
    },
    {
      "turn": 196021,
      "action": "a",
      "reasoning": "Auto fallback while AI is unavailable: All field directions are currently blocked, so probe the stuck scene with A instead of idling",
      "result": "After a:; no visible state change",
      "decision_source": "api_unavailable_field_interaction",
      "decision_path": "fallback",
      "model_latency_seconds": null,
      "model_request_count": null,
      "screen_type": "indoor",
      "observed_screen_type": "indoor",
      "phase_hint": null,
      "position": {
        "map_id": 40,
        "x": 8,
        "y": 11
      },
      "party_size": 1
    },
    {
      "turn": 196022,
      "action": "a",
      "reasoning": "Auto fallback while AI is unavailable: All field directions are currently blocked, so probe the stuck scene with A instead of idling",
      "result": "After a:; no visible state change",
      "decision_source": "api_unavailable_field_interaction",
      "decision_path": "fallback",
      "model_latency_seconds": null,
      "model_request_count": null,
      "screen_type": "indoor",
      "observed_screen_type": "indoor",
      "phase_hint": null,
      "position": {
        "map_id": 40,
        "x": 8,
        "y": 11
      },
      "party_size": 1
    },
    {
      "turn": 196023,
      "action": "b",
      "reasoning": "Auto fallback while AI is unavailable: All field directions are currently blocked, so probe the stuck scene with B instead of idling",
      "result": "After b:; no visible state change",
      "decision_source": "api_unavailable_field_interaction",
      "decision_path": "fallback",
      "model_latency_seconds": null,
      "model_request_count": null,
      "screen_type": "indoor",
      "observed_screen_type": "indoor",
      "phase_hint": null,
      "position": {
        "map_id": 40,
        "x": 8,
        "y": 11
      },
      "party_size": 1
    },
    {
      "turn": 196024,
      "action": "a",
      "reasoning": "Auto fallback while AI is unavailable: All field directions are currently blocked, so probe the stuck scene with A instead of idling",
      "result": "After a:; no visible state change",
      "decision_source": "api_unavailable_field_interaction",
      "decision_path": "fallback",
      "model_latency_seconds": null,
      "model_request_count": null,
      "screen_type": "indoor",
      "observed_screen_type": "indoor",
      "phase_hint": null,
      "position": {
        "map_id": 40,
        "x": 8,
        "y": 11
      },
      "party_size": 1
    },
    {
      "turn": 196025,
      "action": "a",
      "reasoning": "Auto fallback while AI is unavailable: All field directions are currently blocked, so probe the stuck scene with A instead of idling",
      "result": "After a:; no visible state change",
      "decision_source": "api_unavailable_field_interaction",
      "decision_path": "fallback",
      "model_latency_seconds": null,
      "model_request_count": null,
      "screen_type": "indoor",
      "observed_screen_type": "indoor",
      "phase_hint": null,
      "position": {
        "map_id": 40,
        "x": 8,
        "y": 11
      },
      "party_size": 1
    },
    {
      "turn": 196026,
      "action": "a",
      "reasoning": "Auto fallback while AI is unavailable: All field directions are currently blocked, so probe the stuck scene with A instead of idling",
      "result": "After a:; no visible state change",
      "decision_source": "api_unavailable_field_interaction",
      "decision_path": "fallback",
      "model_latency_seconds": null,
      "model_request_count": null,
      "screen_type": "indoor",
      "observed_screen_type": "indoor",
      "phase_hint": null,
      "position": {
        "map_id": 40,
        "x": 8,
        "y": 11
      },
      "party_size": 1
    },
    {
      "turn": 196027,
      "action": "a",
      "reasoning": "Auto fallback while AI is unavailable: All field directions are currently blocked, so probe the stuck scene with A instead of idling",
      "result": "After a:; no visible state change",
      "decision_source": "api_unavailable_field_interaction",
      "decision_path": "fallback",
      "model_latency_seconds": null,
      "model_request_count": null,
      "screen_type": "indoor",
      "observed_screen_type": "indoor",
      "phase_hint": null,
      "position": {
        "map_id": 40,
        "x": 8,
        "y": 11
      },
      "party_size": 1
    },
    {
      "turn": 196028,
      "action": "b",
      "reasoning": "Auto fallback while AI is unavailable: All field directions are currently blocked, so probe the stuck scene with B instead of idling",
      "result": "After b:; no visible state change",
      "decision_source": "api_unavailable_field_interaction",
      "decision_path": "fallback",
      "model_latency_seconds": null,
      "model_request_count": null,
      "screen_type": "indoor",
      "observed_screen_type": "indoor",
      "phase_hint": null,
      "position": {
        "map_id": 40,
        "x": 8,
        "y": 11
      },
      "party_size": 1
    },
    {
      "turn": 196029,
      "action": "a",
      "reasoning": "Auto fallback while AI is unavailable: All field directions are currently blocked, so probe the stuck scene with A instead of idling",
      "result": "After a:; no visible state change",
      "decision_source": "api_unavailable_field_interaction",
      "decision_path": "fallback",
      "model_latency_seconds": null,
      "model_request_count": null,
      "screen_type": "indoor",
      "observed_screen_type": "indoor",
      "phase_hint": null,
      "position": {
        "map_id": 40,
        "x": 8,
        "y": 11
      },
      "party_size": 1
    },
    {
      "turn": 196030,
      "action": "a",
      "reasoning": "Auto fallback while AI is unavailable: All field directions are currently blocked, so probe the stuck scene with A instead of idling",
      "result": "After a:; no visible state change",
      "decision_source": "api_unavailable_field_interaction",
      "decision_path": "fallback",
      "model_latency_seconds": null,
      "model_request_count": null,
      "screen_type": "indoor",
      "observed_screen_type": "indoor",
      "phase_hint": null,
      "position": {
        "map_id": 40,
        "x": 8,
        "y": 11
      },
      "party_size": 1
    },
    {
      "turn": 196031,
      "action": "a",
      "reasoning": "Auto fallback while AI is unavailable: All field directions are currently blocked, so probe the stuck scene with A instead of idling",
      "result": "After a:; no visible state change",
      "decision_source": "api_unavailable_field_interaction",
      "decision_path": "fallback",
      "model_latency_seconds": null,
      "model_request_count": null,
      "screen_type": "indoor",
      "observed_screen_type": "indoor",
      "phase_hint": null,
      "position": {
        "map_id": 40,
        "x": 8,
        "y": 11
      },
      "party_size": 1
    },
    {
      "turn": 196032,
      "action": "a",
      "reasoning": "Auto fallback while AI is unavailable: All field directions are currently blocked, so probe the stuck scene with A instead of idling",
      "result": "After a:; no visible state change",
      "decision_source": "api_unavailable_field_interaction",
      "decision_path": "fallback",
      "model_latency_seconds": null,
      "model_request_count": null,
      "screen_type": "indoor",
      "observed_screen_type": "indoor",
      "phase_hint": null,
      "position": {
        "map_id": 40,
        "x": 8,
        "y": 11
      },
      "party_size": 1
    },
    {
      "turn": 196033,
      "action": "b",
      "reasoning": "Auto fallback while AI is unavailable: All field directions are currently blocked, so probe the stuck scene with B instead of idling",
      "result": "After b:; no visible state change",
      "decision_source": "api_unavailable_field_interaction",
      "decision_path": "fallback",
      "model_latency_seconds": null,
      "model_request_count": null,
      "screen_type": "indoor",
      "observed_screen_type": "indoor",
      "phase_hint": null,
      "position": {
        "map_id": 40,
        "x": 8,
        "y": 11
      },
      "party_size": 1
    }
  ]
}
