[autonomous_smoke] Headless smoke mode is active. Live dashboard updates are disabled (visualization.enabled=False, game.headless=True).
[autonomous_smoke] This mode is expected to finish quickly after the requested turn budget. Run `python main.py` if you want the live dashboard, stream, and model status.
[autonomous_smoke] checkpoint='checkpoint_195913', turns=120, llm_primary=True, pure_llm=False, research_mode=False, ai_full_control=True, reset_context=True, ai_timeout=25, same_turn_budget=30, decision_max_tokens=384, action_plan_max_actions=3
[32m14:26:03 - Main - INFO[0m - ==================================================[0m
[32m14:26:03 - Main - INFO[0m - MILESTONE: 宝可梦AI智能体启动中[0m
[32m14:26:03 - Main - INFO[0m - ==================================================[0m
[32m14:26:03 - Main - INFO[0m - 正在初始化模拟器...[0m
[32m14:26:03 - Emulator - INFO[0m - Initializing emulator with ROM: PokemonRed.gb[0m
[32m14:26:03 - Emulator - INFO[0m - Emulator initialized successfully[0m
[32m14:26:03 - MemoryReader - INFO[0m - Memory reader initialized[0m
[32m14:26:03 - Main - INFO[0m - 模拟器初始化完成[0m
[32m14:26:03 - Main - INFO[0m - 正在初始化状态系统...[0m
[32m14:26:03 - Vision - INFO[0m - 增强视觉处理器已初始化[0m
[32m14:26:03 - MapMemory - INFO[0m - Loaded map memory: 5 maps explored[0m
[32m14:26:03 - MapMemory - INFO[0m - Map memory initialized[0m
[32m14:26:03 - Main - INFO[0m - 状态系统初始化完成[0m
[32m14:26:03 - Main - INFO[0m - 正在初始化AI智能体...[0m
[32m14:26:03 - MainAgent - INFO[0m - Using AI endpoint: https://api.ququ233.com/v1[0m
[32m14:26:03 - ContextManager - INFO[0m - Context manager initialized (max_turns=80, keep_recent=12)[0m
[32m14:26:03 - Summarizer - INFO[0m - Using AI endpoint: https://api.ququ233.com/v1[0m
[32m14:26:03 - Summarizer - INFO[0m - Summarizer initialized[0m
[32m14:26:03 - GoalManager - INFO[0m - Goal manager initialized[0m
[32m14:26:03 - GoalManager - INFO[0m - ==================================================[0m
[32m14:26:03 - GoalManager - INFO[0m - MILESTONE: LONG-TERM MISSION: 通过击败四天王并成为冠军来完成宝可梦红版[0m
[32m14:26:03 - GoalManager - INFO[0m - ==================================================[0m
[32m14:26:03 - MainAgent - INFO[0m - Main agent initialized[0m
[32m14:26:03 - Pathfinder - INFO[0m - Using AI endpoint: https://api.ququ233.com/v1[0m
[32m14:26:03 - Pathfinder - INFO[0m - Pathfinder agent initialized[0m
[32m14:26:03 - PuzzleSolver - INFO[0m - Using AI endpoint: https://api.ququ233.com/v1[0m
[32m14:26:03 - PuzzleSolver - INFO[0m - Puzzle solver agent initialized[0m
[32m14:26:03 - Critic - INFO[0m - Using AI endpoint: https://api.ququ233.com/v1[0m
[32m14:26:03 - Critic - INFO[0m - Critic agent initialized[0m
[32m14:26:03 - Main - INFO[0m - AI智能体初始化完成[0m
[32m14:26:03 - Main - INFO[0m - 正在初始化工具...[0m
[32m14:26:03 - ActionExecutor - INFO[0m - Action executor initialized[0m
[32m14:26:03 - ProgressTracker - INFO[0m - Progress tracker initialized[0m
[32m14:26:03 - Visualizer - INFO[0m - Visualizer initialized on port 5000[0m
[32m14:26:03 - Main - INFO[0m - 工具初始化完成[0m
[32m14:26:03 - Main - INFO[0m - 宝可梦AI智能体初始化成功[0m
[32m14:26:03 - Main - INFO[0m - 正在从 data\checkpoints\checkpoint_195913 读取存档[0m
[32m14:26:03 - Emulator - INFO[0m - Loading state from: data\checkpoints\checkpoint_195913\emulator.state[0m
[32m14:26:03 - ContextManager - INFO[0m - Loaded context from data\checkpoints\checkpoint_195913/context.json (0 summaries, 88 recent turns)[0m
[32m14:26:03 - GoalManager - INFO[0m - Loaded goals from data\checkpoints\checkpoint_195913/goals.json[0m
[32m14:26:03 - MainAgent - INFO[0m - Loaded agent state from data\checkpoints\checkpoint_195913[0m
[32m14:26:03 - MapMemory - INFO[0m - Loaded map memory: 5 maps explored[0m
[32m14:26:03 - ProgressTracker - INFO[0m - Loaded progress from data\checkpoints\checkpoint_195913\progress.json[0m
[32m14:26:03 - Main - INFO[0m - ==================================================[0m
[32m14:26:03 - Main - INFO[0m - MILESTONE: 已恢复存档 checkpoint_195913[0m
[32m14:26:03 - Main - INFO[0m - ==================================================[0m
[32m14:26:03 - ContextManager - INFO[0m - Cleared all context[0m
[32m14:26:03 - Main - INFO[0m - ==================================================[0m
[32m14:26:03 - Main - INFO[0m - MILESTONE: 开始游戏[0m
[32m14:26:03 - Main - INFO[0m - ==================================================[0m
[32m14:26:08 - MainAgent - INFO[0m - DECISION: down | Reasoning: The screenshot shows Oak's lab with the rival at bottom-right and the player can now move, so the next mandatory step is to walk toward the exit to trigger any remaining intro dialogue.[0m
[32m14:26:08 - ActionExecutor - INFO[0m - ACTION: down[0m
[32m14:26:14 - MainAgent - INFO[0m - DECISION: down | Reasoning: The lab is open for movement with no dialogue, and from the current lower-middle position the next concrete progress is to continue downward toward the exit area.[0m
[32m14:26:14 - ActionExecutor - INFO[0m - ACTION: down[0m
[31m14:26:20 - MainAgent - ERROR[0m - Failed to get AI decision: AI request failed: ('Connection aborted.', ConnectionResetError(10054, '远程主机强迫关闭了一个现有的连接。', None, 10054, None))[0m
[33m14:26:20 - Main - WARNING[0m - Retrying same-turn AI decision (ai_error) on agent turn 195916 in 1.0s [attempt 1/8][0m
[32m14:26:26 - MainAgent - INFO[0m - DECISION: down | Reasoning: The screenshot shows the player standing above the central bottom doorway in Oak's lab with no dialogue box, so the next concrete progress is to step onto the visible exit tile.[0m
[32m14:26:26 - ActionExecutor - INFO[0m - ACTION: down[0m
[32m14:26:26 - ActionExecutor - INFO[0m - ACTION: down[0m
[32m14:26:33 - MainAgent - INFO[0m - DECISION: down | Reasoning: The screenshot shows the player one tile above the black doorway opening in Oak's lab, so the next concrete step is to move down through the exit.[0m
[32m14:26:33 - ActionExecutor - INFO[0m - ACTION: down[0m
[32m14:26:33 - ActionExecutor - INFO[0m - ACTION: down[0m
[32m14:26:33 - Main - INFO[0m - 
=== GAME STATE (Turn 195920) ===

POSITION:
- Map ID: 0
- Coordinates: (12, 11)
- Facing: down
- Harness UI Classification: overworld
- External UI Hint: unknown
- Harness Local Vision: disabled

BADGES: 0/8
  [ ] Boulder Badge
  [ ] Cascade Badge
  [ ] Thunder Badge
  [ ] Rainbow Badge
  [ ] Soul Badge
  [ ] Marsh Badge
  [ ] Volcano Badge
  [ ] Earth Badge

MONEY: $3175
ITEMS IN BAG: 0

PARTY: 1 Pokemon
  1. Charmander Lv.6 - HP: 21/21 (100%)
     Moves: [PP:35] [PP:40] 

UI FLAGS:
  Text box active (RAM): False
  Menu active (RAM): False

PERCEPTION SUMMARY:
  Harness note: Harness-side pixel heuristics are disabled. The raw screenshot is still attached separately for model vision.

STATE DELTAS (memory-based):
  Position changed: False
  Money delta: 0
  Battle toggled: False
  Movement stall turns: 1
  Stuck hint: slight stall

MOVEMENT PATTERN:
  Recent same-map positions tracked: 2
  Unique recent tiles: 1
  Recent movement box: 1x1
  Current tile repeats in window: 2
  Loop warning: none

EXPLORATION:
  Current Map Explored: 30.5%
  Tiles Explored: 61/200
  Nearby Unexplored Tiles: 10
    - (11, 11)
    - (12, 10)
    - (13, 11)
    - (10, 11)
    - (11, 10)

NAVIGATION MEMORY:
  Current Tile Visits: 2
  Known exits from current tile: none yet
  Known blocked directions from current tile: none
  Immediate movement preference: up=frontier, left=frontier, right=frontier
  Immediate movement cautions: down=warp
  Adjacent Tile Occupancy: known_exit=previously succeeded, frontier=unexplored adjacent tile, confirmed_blocked=failed 2+ times, blocked_once=failed once, adjacent_explored=neighbor explored but this step unconfirmed, unknown=no reliable memory yet
    - up: status=frontier target=(12, 10)
    - down: status=adjacent_explored target=(12, 12) visits=1 warp_tile
    - left: status=frontier target=(11, 11)
    - right: status=frontier target=(13, 11)
  Reachable frontier tiles on this map: 55
  Suggested frontier target: (12, 11)
  Suggested route to frontier: already there
  Unknown directions from frontier: up, left, right
  Frontier novelty: high; local revisit pressure 5; global novelty distance 10; priority score 27.25
  Top Frontier Alternatives:
    - (12, 11) novelty=high pressure=5 distance=0 unknown=up, left, right
    - (9, 11) novelty=high pressure=8 distance=3 unknown=up, down, right
    - (12, 12) novelty=high pressure=8 distance=1 unknown=down, right
  Warp caution: down reaches known warp tile (12, 12) -> map 40 (12, 11); do not step on it unless you intentionally want to change maps.
  Local Map Window:
    F????????
    FF???????
    F????????
    F????????
    FF??P????
    F?FFW????
    F????????
    FFF??????
    ??F??????
  Explored Map Snapshot:
    Legend: P=player .=explored F=frontier #=confirmed-wall W=warp ?=unknown
    Bounds: x=-2..14 y=-3..19 size=17x23 explored=61 frontier=55 blocked=10 warps=2
    ?????????????????
    ?????????????????
    ??#??????????????
    ?????????????????
    ???#???????#FF???
    ??#.FFFFFFF..F???
    ???FF????#.FFF???
    ???FF?????F??????
    ???FF??F??F?F#???
    ???F.FFW??F?F????
    ???F.F?F??F??????
    ???FFFFF??FF?????
    ???????#??F??????
    ??????????F??????
    ??????????FF??P??
    ??????????F?FFW??
    ??????????F?#????
    ??????????FFF????

==================================================
[0m
[32m14:26:33 - ActionExecutor - INFO[0m - ACTION: wait[0m
[32m14:26:33 - ActionExecutor - INFO[0m - ACTION: left[0m
[32m14:26:33 - ActionExecutor - INFO[0m - ACTION: down[0m
[32m14:26:33 - ActionExecutor - INFO[0m - ACTION: down[0m
[32m14:26:34 - ActionExecutor - INFO[0m - ACTION: left[0m
[32m14:26:39 - MainAgent - INFO[0m - DECISION: up | Reasoning: The screenshot shows the player standing left of the northern house with open walkable path upward and this advances exploration instead of returning right toward the doorway.[0m
[32m14:26:39 - ActionExecutor - INFO[0m - ACTION: up[0m
[32m14:26:47 - MainAgent - INFO[0m - DECISION: down | Reasoning: The screenshot shows open path directly downward from the player beside the house, and moving down follows the stronger unexplored frontier instead of retrying the blocked up tile.[0m
[32m14:26:47 - ActionExecutor - INFO[0m - ACTION: down[0m
[32m14:26:52 - MainAgent - INFO[0m - DECISION: down | Reasoning: The screenshot shows the player on a clear path with open walkable space directly downward toward the town exit and NPC, while up was already blocked.[0m
[32m14:26:52 - ActionExecutor - INFO[0m - ACTION: down[0m
[32m14:27:00 - MainAgent - INFO[0m - DECISION: left | Reasoning: The screenshot shows open walkable space directly left of the player while down was repeatedly blocked and right only returns toward the doorway area.[0m
[32m14:27:00 - ActionExecutor - INFO[0m - ACTION: left[0m
[32m14:27:06 - MainAgent - INFO[0m - DECISION: up | Reasoning: The screenshot shows the player standing on the path left of the large house with clear walkable space above, while left was just tried and failed from this spot.[0m
[32m14:27:06 - ActionExecutor - INFO[0m - ACTION: up[0m
[32m14:27:06 - Main - INFO[0m - 
=== GAME STATE (Turn 195930) ===

POSITION:
- Map ID: 0
- Coordinates: (10, 12)
- Facing: up
- Harness UI Classification: overworld
- External UI Hint: overworld
- Harness Local Vision: disabled

BADGES: 0/8
  [ ] Boulder Badge
  [ ] Cascade Badge
  [ ] Thunder Badge
  [ ] Rainbow Badge
  [ ] Soul Badge
  [ ] Marsh Badge
  [ ] Volcano Badge
  [ ] Earth Badge

MONEY: $3175
ITEMS IN BAG: 0

PARTY: 1 Pokemon
  1. Charmander Lv.6 - HP: 21/21 (100%)
     Moves: [PP:35] [PP:40] 

UI FLAGS:
  Text box active (RAM): False
  Menu active (RAM): False

PERCEPTION SUMMARY:
  Harness note: Harness-side pixel heuristics are disabled. The raw screenshot is still attached separately for model vision.

STATE DELTAS (memory-based):
  Position changed: False
  Money delta: 0
  Battle toggled: False
  Movement stall turns: 1
  Stuck hint: slight stall

MOVEMENT PATTERN:
  Recent same-map positions tracked: 10
  Unique recent tiles: 3
  Recent movement box: 3x1
  Current tile repeats in window: 6
  Loop warning: none

EXPLORATION:
  Current Map Explored: 30.5%
  Tiles Explored: 61/200
  Nearby Unexplored Tiles: 10
    - (9, 12)
    - (10, 11)
    - (10, 13)
    - (9, 13)
    - (10, 10)

NAVIGATION MEMORY:
  Current Tile Visits: 7
  Known exit right: (11, 12)
  Known blocked directions from current tile: down
  Immediate movement preference: up=frontier, left=frontier, right=known_exit
  Immediate movement cautions: down=blocked_once
  Adjacent Tile Occupancy: known_exit=previously succeeded, frontier=unexplored adjacent tile, confirmed_blocked=failed 2+ times, blocked_once=failed once, adjacent_explored=neighbor explored but this step unconfirmed, unknown=no reliable memory yet
    - up: status=frontier target=(10, 11)
    - down: status=blocked_once target=(10, 13) blocked_attempts=1
    - left: status=frontier target=(9, 12)
    - right: status=known_exit target=(11, 12) visits=4
  Reachable frontier tiles on this map: 55
  Suggested frontier target: (12, 12)
  Suggested route to frontier: right, right
  Unknown directions from frontier: down, right
  Frontier novelty: high; local revisit pressure 18; global novelty distance 11; priority score 4.05
  Top Frontier Alternatives:
    - (10, 15) novelty=high pressure=10 distance=3 unknown=left, right
    - (10, 16) novelty=high pressure=9 distance=4 unknown=left, right
    - (9, 8) novelty=high pressure=7 distance=5 unknown=up, down, right
  Frontier caution: Current tile is a weaker local frontier (score -20.75, pressure 26, visits 7). A stronger frontier at (10, 15) scores 19.45; prefer down instead of probing every adjacent unknown here.
  Local Map Window:
    ??FF?????
    ??F??????
    ??F??????
    ??FF??F??
    ??F?PFW??
    ??F??????
    ??FFF????
    ????F????
    ????F????
  Explored Map Snapshot:
    Legend: P=player .=explored F=frontier #=confirmed-wall W=warp ?=unknown
    Bounds: x=-2..14 y=-3..19 size=17x23 explored=61 frontier=55 blocked=11 warps=2
    ?????????????????
    ?????????????????
    ??#??????????????
    ?????????????????
    ???#???????#FF???
    ??#.FFFFFFF..F???
    ???FF????#.FFF???
    ???FF?????F??????
    ???FF??F??F?F#???
    ???F.FFW??F?F????
    ???F.F?F??F??????
    ???FFFFF??FF?????
    ???????#??F??????
    ??????????F??????
    ??????????FF??F??
    ??????????F?PFW??
    ??????????F?##???
    ??????????FFF????

==================================================
[0m
[31m14:27:11 - MainAgent - ERROR[0m - Failed to get AI decision: AI request failed: ('Connection aborted.', ConnectionResetError(10054, '远程主机强迫关闭了一个现有的连接。', None, 10054, None))[0m
[33m14:27:11 - Main - WARNING[0m - Retrying same-turn AI decision (ai_error) on agent turn 195930 in 1.0s [attempt 1/8][0m
[32m14:27:18 - MainAgent - INFO[0m - DECISION: left | Reasoning: The screenshot shows the player standing below the sign and fence with a clear path to the left toward the town's western route, while up and down are blocked by the house/fence area.[0m
[32m14:27:18 - ActionExecutor - INFO[0m - ACTION: left[0m
[32m14:27:18 - ActionExecutor - INFO[0m - ACTION: right[0m
[32m14:27:18 - Main - INFO[0m - Temporarily avoiding move left from (0, 11, 12) after an immediate trigger-tile retreat loop[0m
[32m14:27:18 - Main - INFO[0m - Temporarily avoiding frontier tile (0, 11, 12) after an immediate trigger-tile retreat loop[0m
[32m14:27:18 - Main - INFO[0m - Temporarily avoiding frontier tile (0, 10, 12) after an immediate trigger-tile retreat loop[0m
[32m14:27:18 - ActionExecutor - INFO[0m - ACTION: right[0m
[32m14:27:18 - ActionExecutor - INFO[0m - ACTION: left[0m
[32m14:27:18 - Main - INFO[0m - Temporarily avoiding move right from (0, 11, 12) after an immediate trigger-tile retreat loop[0m
[32m14:27:18 - Main - INFO[0m - Temporarily avoiding frontier tile (0, 11, 12) after an immediate trigger-tile retreat loop[0m
[32m14:27:18 - Main - INFO[0m - Temporarily avoiding frontier tile (0, 12, 12) after an immediate trigger-tile retreat loop[0m
[32m14:27:24 - MainAgent - INFO[0m - DECISION: up | Reasoning: The screenshot shows the player directly below a building entrance with open ground above, so moving up will explore the unseen tile in front of the door instead of repeating blocked left.[0m
[32m14:27:24 - ActionExecutor - INFO[0m - ACTION: up[0m
[32m14:27:30 - MainAgent - INFO[0m - DECISION: down | Reasoning: The screenshot shows the player one tile below a house door in Pallet Town, so stepping down moves away from the blocked doorstep and toward the open route for mandatory progression.[0m
[32m14:27:30 - ActionExecutor - INFO[0m - ACTION: down[0m
[32m14:27:36 - MainAgent - INFO[0m - DECISION: left | Reasoning: The screenshot shows the player directly below the lab doorway with open path to the left, so moving left explores away from the blocked doorstep and warp tile.[0m
[32m14:27:36 - ActionExecutor - INFO[0m - ACTION: left[0m
[32m14:27:44 - MainAgent - INFO[0m - DECISION: down | Reasoning: The screenshot shows the player standing just left of the lab door with open ground directly below, so moving down is the concrete step to leave this blocked doorstep area and continue town exploration.[0m
[32m14:27:44 - ActionExecutor - INFO[0m - ACTION: down[0m
[31m14:27:49 - MainAgent - ERROR[0m - Failed to get AI decision: AI request failed: ('Connection aborted.', ConnectionResetError(10054, '远程主机强迫关闭了一个现有的连接。', None, 10054, None))[0m
[33m14:27:49 - Main - WARNING[0m - Retrying same-turn AI decision (ai_error) on agent turn 195938 in 1.0s [attempt 1/8][0m
[31m14:27:55 - MainAgent - ERROR[0m - Failed to get AI decision: AI request failed: ('Connection aborted.', ConnectionResetError(10054, '远程主机强迫关闭了一个现有的连接。', None, 10054, None))[0m
[33m14:27:55 - Main - WARNING[0m - Retrying same-turn AI decision (ai_error) on agent turn 195938 in 2.0s [attempt 2/8][0m
[31m14:28:02 - MainAgent - ERROR[0m - Failed to get AI decision: AI request failed: ('Connection aborted.', ConnectionResetError(10054, '远程主机强迫关闭了一个现有的连接。', None, 10054, None))[0m
[33m14:28:02 - Main - WARNING[0m - Retrying same-turn AI decision (ai_error) on agent turn 195938 in 2.0s [attempt 3/8][0m
[31m14:28:09 - MainAgent - ERROR[0m - Failed to get AI decision: AI request failed: ('Connection aborted.', ConnectionResetError(10054, '远程主机强迫关闭了一个现有的连接。', None, 10054, None))[0m
[33m14:28:09 - Main - WARNING[0m - Retrying same-turn AI decision (ai_error) on agent turn 195938 in 2.0s [attempt 4/8][0m
[31m14:28:16 - MainAgent - ERROR[0m - Failed to get AI decision: AI request failed: ('Connection aborted.', ConnectionResetError(10054, '远程主机强迫关闭了一个现有的连接。', None, 10054, None))[0m
[31m14:28:16 - Main - ERROR[0m - Same-turn AI retry budget exhausted after 5 attempts over 32.1s: AI request failed: ('Connection aborted.', ConnectionResetError(10054, '远程主机强迫关闭了一个现有的连接。', None, 10054, None))[0m
[32m14:28:16 - ActionExecutor - INFO[0m - ACTION: up[0m
[32m14:28:16 - ActionExecutor - INFO[0m - ACTION: up[0m
[32m14:28:17 - Main - INFO[0m - 
=== GAME STATE (Turn 195940) ===

POSITION:
- Map ID: 0
- Coordinates: (11, 12)
- Facing: up
- Harness UI Classification: overworld
- External UI Hint: overworld
- Harness Local Vision: disabled

BADGES: 0/8
  [ ] Boulder Badge
  [ ] Cascade Badge
  [ ] Thunder Badge
  [ ] Rainbow Badge
  [ ] Soul Badge
  [ ] Marsh Badge
  [ ] Volcano Badge
  [ ] Earth Badge

MONEY: $3175
ITEMS IN BAG: 0

PARTY: 1 Pokemon
  1. Charmander Lv.6 - HP: 21/21 (100%)
     Moves: [PP:35] [PP:40] 

UI FLAGS:
  Text box active (RAM): False
  Menu active (RAM): False

PERCEPTION SUMMARY:
  Harness note: Harness-side pixel heuristics are disabled. The raw screenshot is still attached separately for model vision.

STATE DELTAS (memory-based):
  Position changed: False
  Money delta: 0
  Battle toggled: False
  Movement stall turns: 1
  Stuck hint: slight stall

MOVEMENT PATTERN:
  Recent same-map positions tracked: 10
  Unique recent tiles: 3
  Recent movement box: 3x1
  Current tile repeats in window: 8
  Loop warning: none

EXPLORATION:
  Current Map Explored: 30.5%
  Tiles Explored: 61/200
  Nearby Unexplored Tiles: 10
    - (11, 11)
    - (11, 13)
    - (9, 12)
    - (10, 11)
    - (10, 13)

NAVIGATION MEMORY:
  Current Tile Visits: 12
  Known exit right: (12, 12)
  Known exit left: (10, 12)
  Known blocked directions from current tile: down, left, right
  Immediate movement preference: up=frontier, left=known_exit
  Immediate movement cautions: down=confirmed_blocked, right=warp
  Adjacent Tile Occupancy: known_exit=previously succeeded, frontier=unexplored adjacent tile, confirmed_blocked=failed 2+ times, blocked_once=failed once, adjacent_explored=neighbor explored but this step unconfirmed, unknown=no reliable memory yet
    - up: status=frontier target=(11, 11)
    - down: status=confirmed_blocked target=(11, 13) blocked_attempts=2
    - left: status=known_exit target=(10, 12) blocked_attempts=2 visits=8
    - right: status=known_exit target=(12, 12) blocked_attempts=2 visits=3 warp_tile
  Reachable frontier tiles on this map: 55
  Suggested frontier target: (12, 12)
  Suggested route to frontier: right
  Unknown directions from frontier: down, right
  Frontier novelty: low; local revisit pressure 28; global novelty distance 11; priority score -12.1
  Top Frontier Alternatives:
    - (10, 15) novelty=high pressure=10 distance=4 unknown=left, right
    - (10, 16) novelty=high pressure=9 distance=5 unknown=left, right
    - (9, 8) novelty=high pressure=7 distance=6 unknown=up, down, right
  Warp caution: right reaches known warp tile (12, 12) -> map 40 (12, 11); do not step on it unless you intentionally want to change maps.
  Frontier caution: Current tile is a weaker local frontier (score -60.0, pressure 30, visits 12). A stronger frontier at (10, 15) scores 19.1; leave this fringe instead of probing every adjacent unknown here.
  Local Map Window:
    ?FF??????
    ?F???????
    ?F???????
    ?FF??F???
    ?F?FPW???
    ?F???????
    ?FFF?????
    ???F?????
    ???F?????
  Explored Map Snapshot:
    Legend: P=player .=explored F=frontier #=confirmed-wall W=warp ?=unknown
    Bounds: x=-2..14 y=-3..19 size=17x23 explored=61 frontier=55 blocked=11 warps=2
    ?????????????????
    ?????????????????
    ??#??????????????
    ?????????????????
    ???#???????#FF???
    ??#.FFFFFFF..F???
    ???FF????#.FFF???
    ???FF?????F??????
    ???FF??F??F?F#???
    ???F.FFW??F?F????
    ???F.F?F??F??????
    ???FFFFF??FF?????
    ???????#??F??????
    ??????????F??????
    ??????????FF??F??
    ??????????F?FPW??
    ??????????F?##???
    ??????????FFF????

==================================================
[0m
[32m14:28:17 - ActionExecutor - INFO[0m - ACTION: up[0m
[32m14:28:17 - ActionExecutor - INFO[0m - ACTION: a[0m
[32m14:28:17 - ActionExecutor - INFO[0m - ACTION: a[0m
[32m14:28:17 - ActionExecutor - INFO[0m - ACTION: a[0m
[32m14:28:17 - ActionExecutor - INFO[0m - ACTION: a[0m
[32m14:28:17 - ActionExecutor - INFO[0m - ACTION: b[0m
[32m14:28:17 - ActionExecutor - INFO[0m - ACTION: a[0m
[32m14:28:18 - ActionExecutor - INFO[0m - ACTION: a[0m
[32m14:28:18 - ActionExecutor - INFO[0m - ACTION: a[0m
[32m14:28:18 - ActionExecutor - INFO[0m - ACTION: a[0m
[32m14:28:18 - Main - INFO[0m - 
=== GAME STATE (Turn 195950) ===

POSITION:
- Map ID: 0
- Coordinates: (11, 12)
- Facing: up
- Harness UI Classification: overworld
- External UI Hint: unknown
- Harness Local Vision: disabled

BADGES: 0/8
  [ ] Boulder Badge
  [ ] Cascade Badge
  [ ] Thunder Badge
  [ ] Rainbow Badge
  [ ] Soul Badge
  [ ] Marsh Badge
  [ ] Volcano Badge
  [ ] Earth Badge

MONEY: $3175
ITEMS IN BAG: 0

PARTY: 1 Pokemon
  1. Charmander Lv.6 - HP: 21/21 (100%)
     Moves: [PP:35] [PP:40] 

UI FLAGS:
  Text box active (RAM): False
  Menu active (RAM): False

PERCEPTION SUMMARY:
  Harness note: Harness-side pixel heuristics are disabled. The raw screenshot is still attached separately for model vision.

STATE DELTAS (memory-based):
  Position changed: False
  Money delta: 0
  Battle toggled: False
  Movement stall turns: 1
  Stuck hint: slight stall

MOVEMENT PATTERN:
  Recent same-map positions tracked: 10
  Unique recent tiles: 1
  Recent movement box: 1x1
  Current tile repeats in window: 10
  Loop warning: high - last 10 same-map positions stayed within a 1x1 box covering only 1 tiles

EXPLORATION:
  Current Map Explored: 30.5%
  Tiles Explored: 61/200
  Nearby Unexplored Tiles: 10
    - (11, 11)
    - (11, 13)
    - (9, 12)
    - (10, 11)
    - (10, 13)

NAVIGATION MEMORY:
  Current Tile Visits: 22
  Known exit right: (12, 12)
  Known exit left: (10, 12)
  Known blocked directions from current tile: down, left, right, up
  Immediate movement preference: left=known_exit
  Immediate movement cautions: up=confirmed_blocked, down=confirmed_blocked, right=warp
  Adjacent Tile Occupancy: known_exit=previously succeeded, frontier=unexplored adjacent tile, confirmed_blocked=failed 2+ times, blocked_once=failed once, adjacent_explored=neighbor explored but this step unconfirmed, unknown=no reliable memory yet
    - up: status=confirmed_blocked target=(11, 11) blocked_attempts=2
    - down: status=confirmed_blocked target=(11, 13) blocked_attempts=2
    - left: status=known_exit target=(10, 12) blocked_attempts=2 visits=8
    - right: status=known_exit target=(12, 12) blocked_attempts=2 visits=3 warp_tile
  Reachable frontier tiles on this map: 54
  Suggested frontier target: (12, 12)
  Suggested route to frontier: right
  Unknown directions from frontier: down, right
  Frontier novelty: low; local revisit pressure 38; global novelty distance 11; priority score -24.6
  Top Frontier Alternatives:
    - (10, 15) novelty=high pressure=10 distance=4 unknown=left, right
    - (10, 16) novelty=high pressure=9 distance=5 unknown=left, right
    - (9, 8) novelty=high pressure=7 distance=6 unknown=up, down, right
  Warp caution: right reaches known warp tile (12, 12) -> map 40 (12, 11); do not step on it unless you intentionally want to change maps.
  Local Map Window:
    ?FF??????
    ?F???????
    ?F???????
    ?FF??F???
    ?F?FPW???
    ?F???????
    ?FFF?????
    ???F?????
    ???F?????
  Explored Map Snapshot:
    Legend: P=player .=explored F=frontier #=confirmed-wall W=warp ?=unknown
    Bounds: x=-2..14 y=-3..19 size=17x23 explored=61 frontier=54 blocked=12 warps=2
    ?????????????????
    ?????????????????
    ??#??????????????
    ?????????????????
    ???#???????#FF???
    ??#.FFFFFFF..F???
    ???FF????#.FFF???
    ???FF?????F??????
    ???FF??F??F?F#???
    ???F.FFW??F?F????
    ???F.F?F??F??????
    ???FFFFF??FF?????
    ???????#??F??????
    ??????????F??????
    ??????????FF?#F??
    ??????????F?FPW??
    ??????????F?##???
    ??????????FFF????

==================================================
[0m
[32m14:28:18 - ActionExecutor - INFO[0m - ACTION: b[0m
[32m14:28:18 - ActionExecutor - INFO[0m - ACTION: a[0m
[32m14:28:18 - ActionExecutor - INFO[0m - ACTION: a[0m
[31m14:28:23 - MainAgent - ERROR[0m - Failed to get AI decision: AI request failed: ('Connection aborted.', ConnectionResetError(10054, '远程主机强迫关闭了一个现有的连接。', None, 10054, None))[0m
[33m14:28:23 - Main - WARNING[0m - Retrying same-turn AI decision (ai_error) on agent turn 195953 in 2.0s [attempt 1/8][0m
[31m14:28:30 - MainAgent - ERROR[0m - Failed to get AI decision: AI request failed: ('Connection aborted.', ConnectionResetError(10054, '远程主机强迫关闭了一个现有的连接。', None, 10054, None))[0m
[33m14:28:30 - Main - WARNING[0m - Retrying same-turn AI decision (ai_error) on agent turn 195953 in 2.0s [attempt 2/8][0m
[31m14:28:37 - MainAgent - ERROR[0m - Failed to get AI decision: AI request failed: ('Connection aborted.', ConnectionResetError(10054, '远程主机强迫关闭了一个现有的连接。', None, 10054, None))[0m
[33m14:28:37 - Main - WARNING[0m - Retrying same-turn AI decision (ai_error) on agent turn 195953 in 2.0s [attempt 3/8][0m
[31m14:28:44 - MainAgent - ERROR[0m - Failed to get AI decision: AI request failed: ('Connection aborted.', ConnectionResetError(10054, '远程主机强迫关闭了一个现有的连接。', None, 10054, None))[0m
[33m14:28:44 - Main - WARNING[0m - Retrying same-turn AI decision (ai_error) on agent turn 195953 in 2.0s [attempt 4/8][0m
[31m14:28:51 - MainAgent - ERROR[0m - Failed to get AI decision: AI request failed: ('Connection aborted.', ConnectionResetError(10054, '远程主机强迫关闭了一个现有的连接。', None, 10054, None))[0m
[31m14:28:51 - Main - ERROR[0m - Same-turn AI retry budget exhausted after 5 attempts over 33.1s: AI request failed: ('Connection aborted.', ConnectionResetError(10054, '远程主机强迫关闭了一个现有的连接。', None, 10054, None))[0m
[32m14:28:51 - ActionExecutor - INFO[0m - ACTION: a[0m
[32m14:28:52 - ActionExecutor - INFO[0m - ACTION: a[0m
[32m14:28:52 - ActionExecutor - INFO[0m - ACTION: b[0m
[32m14:28:52 - ActionExecutor - INFO[0m - ACTION: a[0m
[32m14:28:52 - ActionExecutor - INFO[0m - ACTION: a[0m
[32m14:28:52 - ActionExecutor - INFO[0m - ACTION: a[0m
[32m14:28:52 - ActionExecutor - INFO[0m - ACTION: a[0m
[32m14:28:52 - Main - INFO[0m - 
=== GAME STATE (Turn 195960) ===

POSITION:
- Map ID: 0
- Coordinates: (11, 12)
- Facing: up
- Harness UI Classification: overworld
- External UI Hint: unknown
- Harness Local Vision: disabled

BADGES: 0/8
  [ ] Boulder Badge
  [ ] Cascade Badge
  [ ] Thunder Badge
  [ ] Rainbow Badge
  [ ] Soul Badge
  [ ] Marsh Badge
  [ ] Volcano Badge
  [ ] Earth Badge

MONEY: $3175
ITEMS IN BAG: 0

PARTY: 1 Pokemon
  1. Charmander Lv.6 - HP: 21/21 (100%)
     Moves: [PP:35] [PP:40] 

UI FLAGS:
  Text box active (RAM): False
  Menu active (RAM): False

PERCEPTION SUMMARY:
  Harness note: Harness-side pixel heuristics are disabled. The raw screenshot is still attached separately for model vision.

STATE DELTAS (memory-based):
  Position changed: False
  Money delta: 0
  Battle toggled: False
  Movement stall turns: 1
  Stuck hint: slight stall

MOVEMENT PATTERN:
  Recent same-map positions tracked: 10
  Unique recent tiles: 1
  Recent movement box: 1x1
  Current tile repeats in window: 10
  Loop warning: high - last 10 same-map positions stayed within a 1x1 box covering only 1 tiles

EXPLORATION:
  Current Map Explored: 30.5%
  Tiles Explored: 61/200
  Nearby Unexplored Tiles: 10
    - (11, 11)
    - (11, 13)
    - (9, 12)
    - (10, 11)
    - (10, 13)

NAVIGATION MEMORY:
  Current Tile Visits: 32
  Known exit right: (12, 12)
  Known exit left: (10, 12)
  Known blocked directions from current tile: down, left, right, up
  Immediate movement preference: left=known_exit
  Immediate movement cautions: up=confirmed_blocked, down=confirmed_blocked, right=warp
  Adjacent Tile Occupancy: known_exit=previously succeeded, frontier=unexplored adjacent tile, confirmed_blocked=failed 2+ times, blocked_once=failed once, adjacent_explored=neighbor explored but this step unconfirmed, unknown=no reliable memory yet
    - up: status=confirmed_blocked target=(11, 11) blocked_attempts=2
    - down: status=confirmed_blocked target=(11, 13) blocked_attempts=2
    - left: status=known_exit target=(10, 12) blocked_attempts=2 visits=8
    - right: status=known_exit target=(12, 12) blocked_attempts=2 visits=3 warp_tile
  Reachable frontier tiles on this map: 54
  Suggested frontier target: (12, 12)
  Suggested route to frontier: right
  Unknown directions from frontier: down, right
  Frontier novelty: low; local revisit pressure 48; global novelty distance 11; priority score -37.1
  Top Frontier Alternatives:
    - (10, 15) novelty=high pressure=10 distance=4 unknown=left, right
    - (10, 16) novelty=high pressure=9 distance=5 unknown=left, right
    - (9, 8) novelty=high pressure=7 distance=6 unknown=up, down, right
  Warp caution: right reaches known warp tile (12, 12) -> map 40 (12, 11); do not step on it unless you intentionally want to change maps.
  Local Map Window:
    ?FF??????
    ?F???????
    ?F???????
    ?FF??F???
    ?F?FPW???
    ?F???????
    ?FFF?????
    ???F?????
    ???F?????
  Explored Map Snapshot:
    Legend: P=player .=explored F=frontier #=confirmed-wall W=warp ?=unknown
    Bounds: x=-2..14 y=-3..19 size=17x23 explored=61 frontier=54 blocked=12 warps=2
    ?????????????????
    ?????????????????
    ??#??????????????
    ?????????????????
    ???#???????#FF???
    ??#.FFFFFFF..F???
    ???FF????#.FFF???
    ???FF?????F??????
    ???FF??F??F?F#???
    ???F.FFW??F?F????
    ???F.F?F??F??????
    ???FFFFF??FF?????
    ???????#??F??????
    ??????????F??????
    ??????????FF?#F??
    ??????????F?FPW??
    ??????????F?##???
    ??????????FFF????

==================================================
[0m
[32m14:28:52 - ActionExecutor - INFO[0m - ACTION: b[0m
[32m14:28:52 - ActionExecutor - INFO[0m - ACTION: a[0m
[32m14:28:53 - ActionExecutor - INFO[0m - ACTION: a[0m
[32m14:28:53 - ActionExecutor - INFO[0m - ACTION: a[0m
[32m14:28:53 - ActionExecutor - INFO[0m - ACTION: a[0m
[32m14:28:53 - ActionExecutor - INFO[0m - ACTION: b[0m
[32m14:28:53 - ActionExecutor - INFO[0m - ACTION: a[0m
[32m14:28:53 - ActionExecutor - INFO[0m - ACTION: a[0m
[32m14:28:53 - ActionExecutor - INFO[0m - ACTION: a[0m
[31m14:28:59 - MainAgent - ERROR[0m - Failed to get AI decision: AI request failed: ('Connection aborted.', ConnectionResetError(10054, '远程主机强迫关闭了一个现有的连接。', None, 10054, None))[0m
[33m14:28:59 - Main - WARNING[0m - Retrying same-turn AI decision (ai_error) on agent turn 195969 in 2.0s [attempt 1/8][0m
[31m14:29:06 - MainAgent - ERROR[0m - Failed to get AI decision: AI request failed: ('Connection aborted.', ConnectionResetError(10054, '远程主机强迫关闭了一个现有的连接。', None, 10054, None))[0m
[33m14:29:06 - Main - WARNING[0m - Retrying same-turn AI decision (ai_error) on agent turn 195969 in 2.0s [attempt 2/8][0m
[31m14:29:13 - MainAgent - ERROR[0m - Failed to get AI decision: AI request failed: ('Connection aborted.', ConnectionResetError(10054, '远程主机强迫关闭了一个现有的连接。', None, 10054, None))[0m
[33m14:29:13 - Main - WARNING[0m - Retrying same-turn AI decision (ai_error) on agent turn 195969 in 2.0s [attempt 3/8][0m
[31m14:29:20 - MainAgent - ERROR[0m - Failed to get AI decision: AI request failed: ('Connection aborted.', ConnectionResetError(10054, '远程主机强迫关闭了一个现有的连接。', None, 10054, None))[0m
[33m14:29:20 - Main - WARNING[0m - Retrying same-turn AI decision (ai_error) on agent turn 195969 in 2.0s [attempt 4/8][0m
[31m14:29:27 - MainAgent - ERROR[0m - Failed to get AI decision: AI request failed: ('Connection aborted.', ConnectionResetError(10054, '远程主机强迫关闭了一个现有的连接。', None, 10054, None))[0m
[31m14:29:27 - Main - ERROR[0m - Same-turn AI retry budget exhausted after 5 attempts over 33.1s: AI request failed: ('Connection aborted.', ConnectionResetError(10054, '远程主机强迫关闭了一个现有的连接。', None, 10054, None))[0m
[32m14:29:27 - ActionExecutor - INFO[0m - ACTION: a[0m
[32m14:29:27 - Main - INFO[0m - 
=== GAME STATE (Turn 195970) ===

POSITION:
- Map ID: 0
- Coordinates: (11, 12)
- Facing: up
- Harness UI Classification: overworld
- External UI Hint: unknown
- Harness Local Vision: disabled

BADGES: 0/8
  [ ] Boulder Badge
  [ ] Cascade Badge
  [ ] Thunder Badge
  [ ] Rainbow Badge
  [ ] Soul Badge
  [ ] Marsh Badge
  [ ] Volcano Badge
  [ ] Earth Badge

MONEY: $3175
ITEMS IN BAG: 0

PARTY: 1 Pokemon
  1. Charmander Lv.6 - HP: 21/21 (100%)
     Moves: [PP:35] [PP:40] 

UI FLAGS:
  Text box active (RAM): False
  Menu active (RAM): False

PERCEPTION SUMMARY:
  Harness note: Harness-side pixel heuristics are disabled. The raw screenshot is still attached separately for model vision.

STATE DELTAS (memory-based):
  Position changed: False
  Money delta: 0
  Battle toggled: False
  Movement stall turns: 1
  Stuck hint: slight stall

MOVEMENT PATTERN:
  Recent same-map positions tracked: 10
  Unique recent tiles: 1
  Recent movement box: 1x1
  Current tile repeats in window: 10
  Loop warning: high - last 10 same-map positions stayed within a 1x1 box covering only 1 tiles

EXPLORATION:
  Current Map Explored: 30.5%
  Tiles Explored: 61/200
  Nearby Unexplored Tiles: 10
    - (11, 11)
    - (11, 13)
    - (9, 12)
    - (10, 11)
    - (10, 13)

NAVIGATION MEMORY:
  Current Tile Visits: 42
  Known exit right: (12, 12)
  Known exit left: (10, 12)
  Known blocked directions from current tile: down, left, right, up
  Immediate movement preference: left=known_exit
  Immediate movement cautions: up=confirmed_blocked, down=confirmed_blocked, right=warp
  Adjacent Tile Occupancy: known_exit=previously succeeded, frontier=unexplored adjacent tile, confirmed_blocked=failed 2+ times, blocked_once=failed once, adjacent_explored=neighbor explored but this step unconfirmed, unknown=no reliable memory yet
    - up: status=confirmed_blocked target=(11, 11) blocked_attempts=2
    - down: status=confirmed_blocked target=(11, 13) blocked_attempts=2
    - left: status=known_exit target=(10, 12) blocked_attempts=2 visits=8
    - right: status=known_exit target=(12, 12) blocked_attempts=2 visits=3 warp_tile
  Reachable frontier tiles on this map: 54
  Suggested frontier target: (12, 12)
  Suggested route to frontier: right
  Unknown directions from frontier: down, right
  Frontier novelty: low; local revisit pressure 58; global novelty distance 11; priority score -49.6
  Top Frontier Alternatives:
    - (10, 15) novelty=high pressure=10 distance=4 unknown=left, right
    - (10, 16) novelty=high pressure=9 distance=5 unknown=left, right
    - (9, 8) novelty=high pressure=7 distance=6 unknown=up, down, right
  Warp caution: right reaches known warp tile (12, 12) -> map 40 (12, 11); do not step on it unless you intentionally want to change maps.
  Local Map Window:
    ?FF??????
    ?F???????
    ?F???????
    ?FF??F???
    ?F?FPW???
    ?F???????
    ?FFF?????
    ???F?????
    ???F?????
  Explored Map Snapshot:
    Legend: P=player .=explored F=frontier #=confirmed-wall W=warp ?=unknown
    Bounds: x=-2..14 y=-3..19 size=17x23 explored=61 frontier=54 blocked=12 warps=2
    ?????????????????
    ?????????????????
    ??#??????????????
    ?????????????????
    ???#???????#FF???
    ??#.FFFFFFF..F???
    ???FF????#.FFF???
    ???FF?????F??????
    ???FF??F??F?F#???
    ???F.FFW??F?F????
    ???F.F?F??F??????
    ???FFFFF??FF?????
    ???????#??F??????
    ??????????F??????
    ??????????FF?#F??
    ??????????F?FPW??
    ??????????F?##???
    ??????????FFF????

==================================================
[0m
[32m14:29:27 - ActionExecutor - INFO[0m - ACTION: b[0m
[32m14:29:27 - ActionExecutor - INFO[0m - ACTION: a[0m
[32m14:29:27 - ActionExecutor - INFO[0m - ACTION: a[0m
[32m14:29:27 - ActionExecutor - INFO[0m - ACTION: a[0m
[32m14:29:27 - ActionExecutor - INFO[0m - ACTION: a[0m
[32m14:29:27 - ActionExecutor - INFO[0m - ACTION: b[0m
[32m14:29:28 - ActionExecutor - INFO[0m - ACTION: a[0m
[32m14:29:28 - ActionExecutor - INFO[0m - ACTION: a[0m
[32m14:29:28 - ActionExecutor - INFO[0m - ACTION: a[0m
[32m14:29:28 - ActionExecutor - INFO[0m - ACTION: a[0m
[32m14:29:28 - Main - INFO[0m - 
=== GAME STATE (Turn 195980) ===

POSITION:
- Map ID: 0
- Coordinates: (11, 12)
- Facing: up
- Harness UI Classification: overworld
- External UI Hint: unknown
- Harness Local Vision: disabled

BADGES: 0/8
  [ ] Boulder Badge
  [ ] Cascade Badge
  [ ] Thunder Badge
  [ ] Rainbow Badge
  [ ] Soul Badge
  [ ] Marsh Badge
  [ ] Volcano Badge
  [ ] Earth Badge

MONEY: $3175
ITEMS IN BAG: 0

PARTY: 1 Pokemon
  1. Charmander Lv.6 - HP: 21/21 (100%)
     Moves: [PP:35] [PP:40] 

UI FLAGS:
  Text box active (RAM): False
  Menu active (RAM): False

PERCEPTION SUMMARY:
  Harness note: Harness-side pixel heuristics are disabled. The raw screenshot is still attached separately for model vision.

STATE DELTAS (memory-based):
  Position changed: False
  Money delta: 0
  Battle toggled: False
  Movement stall turns: 1
  Stuck hint: slight stall

MOVEMENT PATTERN:
  Recent same-map positions tracked: 10
  Unique recent tiles: 1
  Recent movement box: 1x1
  Current tile repeats in window: 10
  Loop warning: high - last 10 same-map positions stayed within a 1x1 box covering only 1 tiles

EXPLORATION:
  Current Map Explored: 30.5%
  Tiles Explored: 61/200
  Nearby Unexplored Tiles: 10
    - (11, 11)
    - (11, 13)
    - (9, 12)
    - (10, 11)
    - (10, 13)

NAVIGATION MEMORY:
  Current Tile Visits: 52
  Known exit right: (12, 12)
  Known exit left: (10, 12)
  Known blocked directions from current tile: down, left, right, up
  Immediate movement preference: left=known_exit
  Immediate movement cautions: up=confirmed_blocked, down=confirmed_blocked, right=warp
  Adjacent Tile Occupancy: known_exit=previously succeeded, frontier=unexplored adjacent tile, confirmed_blocked=failed 2+ times, blocked_once=failed once, adjacent_explored=neighbor explored but this step unconfirmed, unknown=no reliable memory yet
    - up: status=confirmed_blocked target=(11, 11) blocked_attempts=2
    - down: status=confirmed_blocked target=(11, 13) blocked_attempts=2
    - left: status=known_exit target=(10, 12) blocked_attempts=2 visits=8
    - right: status=known_exit target=(12, 12) blocked_attempts=2 visits=3 warp_tile
  Reachable frontier tiles on this map: 54
  Suggested frontier target: (12, 12)
  Suggested route to frontier: right
  Unknown directions from frontier: down, right
  Frontier novelty: low; local revisit pressure 68; global novelty distance 11; priority score -62.1
  Top Frontier Alternatives:
    - (10, 15) novelty=high pressure=10 distance=4 unknown=left, right
    - (10, 16) novelty=high pressure=9 distance=5 unknown=left, right
    - (9, 8) novelty=high pressure=7 distance=6 unknown=up, down, right
  Warp caution: right reaches known warp tile (12, 12) -> map 40 (12, 11); do not step on it unless you intentionally want to change maps.
  Local Map Window:
    ?FF??????
    ?F???????
    ?F???????
    ?FF??F???
    ?F?FPW???
    ?F???????
    ?FFF?????
    ???F?????
    ???F?????
  Explored Map Snapshot:
    Legend: P=player .=explored F=frontier #=confirmed-wall W=warp ?=unknown
    Bounds: x=-2..14 y=-3..19 size=17x23 explored=61 frontier=54 blocked=12 warps=2
    ?????????????????
    ?????????????????
    ??#??????????????
    ?????????????????
    ???#???????#FF???
    ??#.FFFFFFF..F???
    ???FF????#.FFF???
    ???FF?????F??????
    ???FF??F??F?F#???
    ???F.FFW??F?F????
    ???F.F?F??F??????
    ???FFFFF??FF?????
    ???????#??F??????
    ??????????F??????
    ??????????FF?#F??
    ??????????F?FPW??
    ??????????F?##???
    ??????????FFF????

==================================================
[0m
[32m14:29:28 - ActionExecutor - INFO[0m - ACTION: b[0m
[32m14:29:28 - ActionExecutor - INFO[0m - ACTION: a[0m
[32m14:29:28 - ActionExecutor - INFO[0m - ACTION: a[0m
[32m14:29:28 - ActionExecutor - INFO[0m - ACTION: a[0m
[31m14:29:34 - MainAgent - ERROR[0m - Failed to get AI decision: AI request failed: ('Connection aborted.', ConnectionResetError(10054, '远程主机强迫关闭了一个现有的连接。', None, 10054, None))[0m
[33m14:29:34 - Main - WARNING[0m - Retrying same-turn AI decision (ai_error) on agent turn 195984 in 2.0s [attempt 1/8][0m
[31m14:29:41 - MainAgent - ERROR[0m - Failed to get AI decision: AI request failed: ('Connection aborted.', ConnectionResetError(10054, '远程主机强迫关闭了一个现有的连接。', None, 10054, None))[0m
[33m14:29:41 - Main - WARNING[0m - Retrying same-turn AI decision (ai_error) on agent turn 195984 in 2.0s [attempt 2/8][0m
[32m14:29:50 - MainAgent - INFO[0m - DECISION: left | Reasoning: The screenshot shows the player standing outside a house in Pallet Town with open walkable space to the left, so we should resume systematic exploration instead of pressing A again.[0m
[32m14:29:50 - ActionExecutor - INFO[0m - ACTION: left[0m
[31m14:29:55 - MainAgent - ERROR[0m - Failed to get AI decision: AI request failed: ('Connection aborted.', ConnectionResetError(10054, '远程主机强迫关闭了一个现有的连接。', None, 10054, None))[0m
[33m14:29:55 - Main - WARNING[0m - Retrying same-turn AI decision (ai_error) on agent turn 195985 in 1.0s [attempt 1/8][0m
[31m14:30:01 - MainAgent - ERROR[0m - Failed to get AI decision: AI request failed: ('Connection aborted.', ConnectionResetError(10054, '远程主机强迫关闭了一个现有的连接。', None, 10054, None))[0m
[33m14:30:01 - Main - WARNING[0m - Retrying same-turn AI decision (ai_error) on agent turn 195985 in 2.0s [attempt 2/8][0m
[31m14:30:08 - MainAgent - ERROR[0m - Failed to get AI decision: AI request failed: ('Connection aborted.', ConnectionResetError(10054, '远程主机强迫关闭了一个现有的连接。', None, 10054, None))[0m
[33m14:30:08 - Main - WARNING[0m - Retrying same-turn AI decision (ai_error) on agent turn 195985 in 2.0s [attempt 3/8][0m
[32m14:30:18 - MainAgent - INFO[0m - DECISION: up | Reasoning: The screenshot shows the player standing directly below the lab door in Pallet Town, and moving up should enter the lab to continue the mandatory Oak intro sequence.[0m
[32m14:30:18 - ActionExecutor - INFO[0m - ACTION: up[0m
[31m14:30:23 - MainAgent - ERROR[0m - Failed to get AI decision: AI request failed: ('Connection aborted.', ConnectionResetError(10054, '远程主机强迫关闭了一个现有的连接。', None, 10054, None))[0m
[33m14:30:23 - Main - WARNING[0m - Retrying same-turn AI decision (ai_error) on agent turn 195986 in 1.0s [attempt 1/8][0m
[32m14:30:30 - MainAgent - INFO[0m - DECISION: up | Reasoning: The screenshot shows the player one tile below Oak's lab door in Pallet Town, so moving up should enter the building and continue the mandatory intro sequence.[0m
[32m14:30:30 - ActionExecutor - INFO[0m - ACTION: up[0m
[32m14:30:36 - MainAgent - INFO[0m - DECISION: up | Reasoning: The screenshot shows the player standing one tile below Oak's lab door with the path above clear, so the next concrete step is to enter the lab.[0m
[32m14:30:36 - ActionExecutor - INFO[0m - ACTION: up[0m
[32m14:30:41 - MainAgent - INFO[0m - DECISION: right | Reasoning: The screenshot shows the player standing directly below Oak's lab entrance and the prior blocked attempts suggest the exact alignment is off, so stepping right should line up with the door tile.[0m
[32m14:30:41 - ActionExecutor - INFO[0m - ACTION: right[0m
[32m14:30:46 - MainAgent - INFO[0m - DECISION: right | Reasoning: The screenshot shows the player one tile left of the lab door rather than centered on it, so moving right should align with the entrance instead of pushing a blocked wall tile.[0m
[32m14:30:46 - ActionExecutor - INFO[0m - ACTION: right[0m
[32m14:30:46 - Main - INFO[0m - 
=== GAME STATE (Turn 195990) ===

POSITION:
- Map ID: 0
- Coordinates: (11, 12)
- Facing: right
- Harness UI Classification: overworld
- External UI Hint: overworld
- Harness Local Vision: disabled

BADGES: 0/8
  [ ] Boulder Badge
  [ ] Cascade Badge
  [ ] Thunder Badge
  [ ] Rainbow Badge
  [ ] Soul Badge
  [ ] Marsh Badge
  [ ] Volcano Badge
  [ ] Earth Badge

MONEY: $3175
ITEMS IN BAG: 0

PARTY: 1 Pokemon
  1. Charmander Lv.6 - HP: 21/21 (100%)
     Moves: [PP:35] [PP:40] 

UI FLAGS:
  Text box active (RAM): False
  Menu active (RAM): False

PERCEPTION SUMMARY:
  Harness note: Harness-side pixel heuristics are disabled. The raw screenshot is still attached separately for model vision.

STATE DELTAS (memory-based):
  Position changed: False
  Money delta: 0
  Battle toggled: False
  Movement stall turns: 1
  Stuck hint: slight stall

MOVEMENT PATTERN:
  Recent same-map positions tracked: 10
  Unique recent tiles: 1
  Recent movement box: 1x1
  Current tile repeats in window: 10
  Loop warning: high - last 10 same-map positions stayed within a 1x1 box covering only 1 tiles

EXPLORATION:
  Current Map Explored: 30.5%
  Tiles Explored: 61/200
  Nearby Unexplored Tiles: 10
    - (11, 11)
    - (11, 13)
    - (9, 12)
    - (10, 11)
    - (10, 13)

NAVIGATION MEMORY:
  Current Tile Visits: 62
  Known exit right: (12, 12)
  Known exit left: (10, 12)
  Known blocked directions from current tile: down, left, right, up
  Immediate movement preference: left=known_exit
  Immediate movement cautions: up=confirmed_blocked, down=confirmed_blocked, right=warp
  Adjacent Tile Occupancy: known_exit=previously succeeded, frontier=unexplored adjacent tile, confirmed_blocked=failed 2+ times, blocked_once=failed once, adjacent_explored=neighbor explored but this step unconfirmed, unknown=no reliable memory yet
    - up: status=confirmed_blocked target=(11, 11) blocked_attempts=4
    - down: status=confirmed_blocked target=(11, 13) blocked_attempts=2
    - left: status=known_exit target=(10, 12) blocked_attempts=2 visits=8
    - right: status=known_exit target=(12, 12) blocked_attempts=2 visits=3 warp_tile
  Reachable frontier tiles on this map: 54
  Suggested frontier target: (12, 12)
  Suggested route to frontier: right
  Unknown directions from frontier: down, right
  Frontier novelty: low; local revisit pressure 78; global novelty distance 11; priority score -74.6
  Top Frontier Alternatives:
    - (10, 15) novelty=high pressure=10 distance=4 unknown=left, right
    - (10, 16) novelty=high pressure=9 distance=5 unknown=left, right
    - (9, 8) novelty=high pressure=7 distance=6 unknown=up, down, right
  Warp caution: right reaches known warp tile (12, 12) -> map 40 (12, 11); do not step on it unless you intentionally want to change maps.
  Local Map Window:
    ?FF??????
    ?F???????
    ?F???????
    ?FF??F???
    ?F?FPW???
    ?F???????
    ?FFF?????
    ???F?????
    ???F?????
  Explored Map Snapshot:
    Legend: P=player .=explored F=frontier #=confirmed-wall W=warp ?=unknown
    Bounds: x=-2..14 y=-3..19 size=17x23 explored=61 frontier=54 blocked=12 warps=2
    ?????????????????
    ?????????????????
    ??#??????????????
    ?????????????????
    ???#???????#FF???
    ??#.FFFFFFF..F???
    ???FF????#.FFF???
    ???FF?????F??????
    ???FF??F??F?F#???
    ???F.FFW??F?F????
    ???F.F?F??F??????
    ???FFFFF??FF?????
    ???????#??F??????
    ??????????F??????
    ??????????FF?#F??
    ??????????F?FPW??
    ??????????F?##???
    ??????????FFF????

==================================================
[0m
[32m14:30:52 - MainAgent - INFO[0m - DECISION: left | Reasoning: The screenshot shows the player one tile below and one tile to the right of the lab door, so moving left should align with the entrance.[0m
[32m14:30:52 - ActionExecutor - INFO[0m - ACTION: left[0m
[32m14:30:58 - MainAgent - INFO[0m - DECISION: up | Reasoning: The screenshot shows the player standing on the door tile directly in front of Oak's Lab, so pressing up should trigger the entrance warp.[0m
[32m14:30:58 - ActionExecutor - INFO[0m - ACTION: up[0m
[32m14:31:04 - MainAgent - INFO[0m - DECISION: up | Reasoning: The screenshot shows the player directly below Oak's Lab doorway and previous up attempts failed, so the likely issue is needing to face the door first before entering.[0m
[32m14:31:04 - ActionExecutor - INFO[0m - ACTION: up[0m
[32m14:31:09 - MainAgent - INFO[0m - DECISION: up | Reasoning: The screenshot shows the player one tile below Oak's Lab door rather than on the doorway, so moving up should step onto the entrance tile before trying to warp.[0m
[32m14:31:09 - ContextManager - INFO[0m - Reached 80 turns, triggering summarization[0m
[32m14:31:09 - ActionExecutor - INFO[0m - ACTION: up[0m
[32m14:31:09 - ActionExecutor - INFO[0m - ACTION: up[0m
[32m14:31:16 - MainAgent - INFO[0m - DECISION: up | Reasoning: The screenshot shows the player just inside Oak's Lab with Professor Oak to the upper left, so moving up advances deeper into the room toward the mandatory NPCs instead of stepping back onto the exit.[0m
[32m14:31:16 - ActionExecutor - INFO[0m - ACTION: up[0m
[32m14:31:21 - MainAgent - INFO[0m - DECISION: right | Reasoning: The player is inside Oak's Lab near the entrance aisle with open floor to the right, while moving up just failed and left risks the exit warp.[0m
[32m14:31:21 - ActionExecutor - INFO[0m - ACTION: right[0m
[32m14:31:21 - ActionExecutor - INFO[0m - ACTION: right[0m
[32m14:31:28 - MainAgent - INFO[0m - DECISION: right | Reasoning: The screenshot shows the player in Oak's Lab aisle with open floor directly to the right and the stronger frontier is farther right toward the room's center and mandatory NPCs.[0m
[32m14:31:28 - ActionExecutor - INFO[0m - ACTION: right[0m
[32m14:31:34 - MainAgent - INFO[0m - DECISION: up | Reasoning: The screenshot shows the player in Oak's Lab with open floor directly above toward the middle of the room and a scientist to the upper right, so probing up advances exploration instead of repeating the blocked right.[0m
[32m14:31:34 - ActionExecutor - INFO[0m - ACTION: up[0m
[32m14:31:34 - Main - INFO[0m - 
=== GAME STATE (Turn 196000) ===

POSITION:
- Map ID: 40
- Coordinates: (7, 11)
- Facing: right
- Harness UI Classification: indoor
- External UI Hint: indoor
- Harness Local Vision: disabled

BADGES: 0/8
  [ ] Boulder Badge
  [ ] Cascade Badge
  [ ] Thunder Badge
  [ ] Rainbow Badge
  [ ] Soul Badge
  [ ] Marsh Badge
  [ ] Volcano Badge
  [ ] Earth Badge

MONEY: $3175
ITEMS IN BAG: 0

PARTY: 1 Pokemon
  1. Charmander Lv.6 - HP: 21/21 (100%)
     Moves: [PP:35] [PP:40] 

UI FLAGS:
  Text box active (RAM): False
  Menu active (RAM): False

PERCEPTION SUMMARY:
  Harness note: Harness-side pixel heuristics are disabled. The raw screenshot is still attached separately for model vision.

STATE DELTAS (memory-based):
  Position changed: True
  Money delta: 0
  Battle toggled: False
  Movement stall turns: 0
  Stuck hint: moving or in battle

MOVEMENT PATTERN:
  Recent same-map positions tracked: 8
  Unique recent tiles: 4
  Recent movement box: 8x1
  Current tile repeats in window: 1
  Loop warning: none

EXPLORATION:
  Current Map Explored: 19.5%
  Tiles Explored: 39/200
  Nearby Unexplored Tiles: 10
    - (7, 10)
    - (7, 12)
    - (8, 11)
    - (6, 10)
    - (6, 12)

NAVIGATION MEMORY:
  Current Tile Visits: 1
  Known exits from current tile: none yet
  Known blocked directions from current tile: none
  Immediate movement preference: up=frontier, down=frontier, left=adjacent_explored, right=frontier
  Adjacent Tile Occupancy: known_exit=previously succeeded, frontier=unexplored adjacent tile, confirmed_blocked=failed 2+ times, blocked_once=failed once, adjacent_explored=neighbor explored but this step unconfirmed, unknown=no reliable memory yet
    - up: status=frontier target=(7, 10)
    - down: status=frontier target=(7, 12)
    - left: status=adjacent_explored target=(6, 11) visits=2
    - right: status=frontier target=(8, 11)
  Reachable frontier tiles on this map: 27
  Suggested frontier target: (7, 11)
  Suggested route to frontier: already there
  Unknown directions from frontier: up, down, right
  Frontier novelty: high; local revisit pressure 11; global novelty distance 9; priority score 22.0
  Top Frontier Alternatives:
    - (12, 11) novelty=high pressure=4 distance=5 unknown=up, down, left, right
    - (7, 11) novelty=high pressure=11 distance=0 unknown=up, down, right
    - (4, 11) novelty=medium pressure=15 distance=3 unknown=down, left
  Frontier caution: Current tile is a weaker local frontier (score 22.0, pressure 11, visits 1). A stronger frontier at (12, 11) scores 33.75; prefer right instead of probing every adjacent unknown here.
  Local Map Window:
    ?FF??????
    ?FF??????
    ?FF??????
    ?F???????
    ?WFFP????
    ?????????
    ?????????
    ?????????
    ?????????
  Explored Map Snapshot:
    Legend: P=player .=explored F=frontier #=confirmed-wall W=warp ?=unknown
    Bounds: x=-3..14 y=-2..13 size=18x16 explored=39 frontier=27 blocked=7 warps=1
    ??????????????????
    ??????????????????
    ???????##?????????
    ???#??#.F?????????
    ??#.FF.F#?????????
    ???F....F#????????
    ???F....F?????????
    ???FFFF.F?????????
    ???????FF?????????
    ???????FF?????????
    ???????FF?????????
    ???????FF?????????
    ???????F??????????
    ???????WFFP????F??
    ??????????????????
    ??????????????????

==================================================
[0m
[32m14:31:34 - ActionExecutor - INFO[0m - ACTION: right[0m
[32m14:31:41 - MainAgent - INFO[0m - DECISION: up | Reasoning: The screenshot shows open floor directly above the player in Oak's Lab toward the central aisle and nearby NPCs, while right was just blocked.[0m
[32m14:31:41 - ActionExecutor - INFO[0m - ACTION: up[0m
[33m14:31:41 - ActionExecutor - WARNING[0m - Stuck detected: alternating pattern ['right', 'up', 'right', 'up'][0m
[33m14:31:41 - Main - WARNING[0m - Agent appears stuck; skipping critique in testing mode[0m
[32m14:31:46 - MainAgent - INFO[0m - DECISION: up | Reasoning: The screenshot shows the player standing directly below Professor Oak in the lab with no dialogue box, so moving up should initiate the mandatory conversation.[0m
[32m14:31:46 - ActionExecutor - INFO[0m - ACTION: up[0m
[32m14:31:46 - ActionExecutor - INFO[0m - ACTION: down[0m
[32m14:31:55 - MainAgent - INFO[0m - DECISION: a | Reasoning: The screenshot shows the player standing directly below an NPC in Oak's Lab and movement into him was blocked, so pressing A should start the required conversation.[0m
[32m14:31:55 - ActionExecutor - INFO[0m - ACTION: a[0m
[32m14:32:02 - MainAgent - INFO[0m - DECISION: a | Reasoning: The screenshot shows the player directly facing an NPC in Oak's Lab with no text box, so the next concrete step is to try talking again from the correct facing.[0m
[32m14:32:02 - ActionExecutor - INFO[0m - ACTION: a[0m
[32m14:32:08 - MainAgent - INFO[0m - DECISION: up | Reasoning: The player is standing directly below the NPC but facing downward, so turning to face him is the next concrete step before talking.[0m
[32m14:32:08 - ActionExecutor - INFO[0m - ACTION: up[0m
[32m14:32:14 - MainAgent - INFO[0m - DECISION: a | Reasoning: The screenshot shows the player directly below Oak and facing him with no dialogue box, so pressing A should start the mandatory lab conversation.[0m
[32m14:32:14 - ActionExecutor - INFO[0m - ACTION: a[0m
[32m14:32:20 - MainAgent - INFO[0m - DECISION: right | Reasoning: The screenshot shows the player still directly below Oak with A having failed repeatedly, so the next concrete step is to move away and explore the stronger frontier to the right.[0m
[32m14:32:20 - ActionExecutor - INFO[0m - ACTION: right[0m
[32m14:32:25 - MainAgent - INFO[0m - DECISION: a | Reasoning: A text box is open with dialogue beginning, so the next mandatory step is to advance it.[0m
[32m14:32:25 - ActionExecutor - INFO[0m - ACTION: a[0m
[32m14:32:25 - Main - INFO[0m - 
=== GAME STATE (Turn 196010) ===

POSITION:
- Map ID: 40
- Coordinates: (8, 11)
- Facing: up
- Harness UI Classification: dialogue
- External UI Hint: dialogue
- Harness Local Vision: disabled

BADGES: 0/8
  [ ] Boulder Badge
  [ ] Cascade Badge
  [ ] Thunder Badge
  [ ] Rainbow Badge
  [ ] Soul Badge
  [ ] Marsh Badge
  [ ] Volcano Badge
  [ ] Earth Badge

MONEY: $3175
ITEMS IN BAG: 0

PARTY: 1 Pokemon
  1. Charmander Lv.6 - HP: 21/21 (100%)
     Moves: [PP:35] [PP:40] 

UI FLAGS:
  Text box active (RAM): True
  Menu active (RAM): False

PERCEPTION SUMMARY:
  Harness note: Harness-side pixel heuristics are disabled. The raw screenshot is still attached separately for model vision.

STATE DELTAS (memory-based):
  Position changed: False
  Money delta: 0
  Battle toggled: False
  Movement stall turns: 0
  Stuck hint: ui text or menu is active; lack of movement is expected

MOVEMENT PATTERN:
  Recent same-map positions tracked: 10
  Unique recent tiles: 2
  Recent movement box: 2x1
  Current tile repeats in window: 9
  Loop warning: high - last 10 same-map positions stayed within a 2x1 box covering only 2 tiles

EXPLORATION:
  Current Map Explored: 20.0%
  Tiles Explored: 40/200
  Nearby Unexplored Tiles: 10
    - (8, 10)
    - (8, 12)
    - (9, 11)
    - (7, 10)
    - (7, 12)

NAVIGATION MEMORY:
  Current Tile Visits: 9
  Known exits from current tile: none yet
  Known blocked directions from current tile: down
  Immediate movement preference: up=frontier, left=adjacent_explored, right=frontier
  Immediate movement cautions: down=blocked_once
  Adjacent Tile Occupancy: known_exit=previously succeeded, frontier=unexplored adjacent tile, confirmed_blocked=failed 2+ times, blocked_once=failed once, adjacent_explored=neighbor explored but this step unconfirmed, unknown=no reliable memory yet
    - up: status=frontier target=(8, 10)
    - down: status=blocked_once target=(8, 12) blocked_attempts=1
    - left: status=adjacent_explored target=(7, 11) visits=2
    - right: status=frontier target=(9, 11)
  Reachable frontier tiles on this map: 28
  Suggested frontier target: (8, 11)
  Suggested route to frontier: already there
  Unknown directions from frontier: up, down, right
  Frontier novelty: low; local revisit pressure 13; global novelty distance 10; priority score -10.75
  Top Frontier Alternatives:
    - (12, 11) novelty=high pressure=4 distance=4 unknown=up, down, left, right
    - (4, 11) novelty=medium pressure=15 distance=4 unknown=down, left
    - (7, 11) novelty=medium pressure=21 distance=1 unknown=up, down
  Frontier caution: Current tile is a weaker local frontier (score -10.75, pressure 13, visits 9). A stronger frontier at (12, 11) scores 34.1; prefer right instead of probing every adjacent unknown here.
  Local Map Window:
    FF???????
    FF???????
    FF???????
    F????????
    WFFFP???F
    ?????????
    ?????????
    ?????????
    ?????????
  Explored Map Snapshot:
    Legend: P=player .=explored F=frontier #=confirmed-wall W=warp ?=unknown
    Bounds: x=-3..14 y=-2..13 size=18x16 explored=40 frontier=28 blocked=7 warps=1
    ??????????????????
    ??????????????????
    ???????##?????????
    ???#??#.F?????????
    ??#.FF.F#?????????
    ???F....F#????????
    ???F....F?????????
    ???FFFF.F?????????
    ???????FF?????????
    ???????FF?????????
    ???????FF?????????
    ???????FF?????????
    ???????F??????????
    ???????WFFFP???F??
    ??????????????????
    ??????????????????

==================================================
[0m
[31m14:32:30 - MainAgent - ERROR[0m - Failed to get AI decision: AI request failed: ('Connection aborted.', ConnectionResetError(10054, '远程主机强迫关闭了一个现有的连接。', None, 10054, None))[0m
[33m14:32:30 - Main - WARNING[0m - Retrying same-turn AI decision (ai_error) on agent turn 196010 in 1.0s [attempt 1/8][0m
[32m14:32:36 - MainAgent - INFO[0m - DECISION: a | Reasoning: The text box is open with Oak speaking ("I study PO"), so the next mandatory step is to advance the dialogue.[0m
[32m14:32:36 - ActionExecutor - INFO[0m - ACTION: a[0m
[32m14:32:42 - MainAgent - INFO[0m - DECISION: a | Reasoning: Oak's dialogue text is visible in the open text box, so the next required step is to advance it.[0m
[32m14:32:42 - ActionExecutor - INFO[0m - ACTION: a[0m
[32m14:32:47 - MainAgent - INFO[0m - DECISION: a | Reasoning: The dialogue box is still open with Oak's introductory text visible, so the next mandatory step is to continue the conversation.[0m
[32m14:32:47 - ActionExecutor - INFO[0m - ACTION: a[0m
[32m14:32:53 - MainAgent - INFO[0m - DECISION: a | Reasoning: The text box is still open with Oak's aide dialogue visible, so the required next step is to advance it.[0m
[32m14:32:53 - ActionExecutor - INFO[0m - ACTION: a[0m
[32m14:32:53 - ActionExecutor - INFO[0m - ACTION: right[0m
[32m14:32:53 - ActionExecutor - INFO[0m - ACTION: right[0m
[32m14:32:54 - ActionExecutor - INFO[0m - ACTION: right[0m
[32m14:32:54 - ActionExecutor - INFO[0m - ACTION: up[0m
[32m14:32:54 - ActionExecutor - INFO[0m - ACTION: right[0m
[32m14:32:54 - ActionExecutor - INFO[0m - ACTION: right[0m
[32m14:32:54 - Main - INFO[0m - 
=== GAME STATE (Turn 196020) ===

POSITION:
- Map ID: 40
- Coordinates: (9, 10)
- Facing: right
- Harness UI Classification: indoor
- External UI Hint: unknown
- Harness Local Vision: disabled

BADGES: 0/8
  [ ] Boulder Badge
  [ ] Cascade Badge
  [ ] Thunder Badge
  [ ] Rainbow Badge
  [ ] Soul Badge
  [ ] Marsh Badge
  [ ] Volcano Badge
  [ ] Earth Badge

MONEY: $3175
ITEMS IN BAG: 0

PARTY: 1 Pokemon
  1. Charmander Lv.6 - HP: 21/21 (100%)
     Moves: [PP:35] [PP:40] 

UI FLAGS:
  Text box active (RAM): False
  Menu active (RAM): False

PERCEPTION SUMMARY:
  Harness note: Harness-side pixel heuristics are disabled. The raw screenshot is still attached separately for model vision.

STATE DELTAS (memory-based):
  Position changed: False
  Money delta: 0
  Battle toggled: False
  Movement stall turns: 1
  Stuck hint: slight stall

MOVEMENT PATTERN:
  Recent same-map positions tracked: 10
  Unique recent tiles: 3
  Recent movement box: 2x2
  Current tile repeats in window: 3
  Loop warning: high - last 10 same-map positions stayed within a 2x2 box covering only 3 tiles

EXPLORATION:
  Current Map Explored: 21.0%
  Tiles Explored: 42/200
  Nearby Unexplored Tiles: 10
    - (8, 10)
    - (9, 9)
    - (10, 10)
    - (7, 10)
    - (8, 9)

NAVIGATION MEMORY:
  Current Tile Visits: 3
  Known exits from current tile: none yet
  Known blocked directions from current tile: right
  Immediate movement preference: up=frontier, down=adjacent_explored, left=frontier
  Immediate movement cautions: right=blocked_once
  Adjacent Tile Occupancy: known_exit=previously succeeded, frontier=unexplored adjacent tile, confirmed_blocked=failed 2+ times, blocked_once=failed once, adjacent_explored=neighbor explored but this step unconfirmed, unknown=no reliable memory yet
    - up: status=frontier target=(9, 9)
    - down: status=adjacent_explored target=(9, 11) visits=3
    - left: status=frontier target=(8, 10)
    - right: status=blocked_once target=(10, 10) blocked_attempts=1
  Reachable frontier tiles on this map: 30
  Suggested frontier target: (9, 10)
  Suggested route to frontier: already there
  Unknown directions from frontier: up, left, right
  Frontier novelty: medium; local revisit pressure 21; global novelty distance 9; priority score 1.5
  Top Frontier Alternatives:
    - (12, 11) novelty=high pressure=4 distance=4 unknown=up, down, left, right
    - (9, 10) novelty=medium pressure=21 distance=0 unknown=up, left, right
    - (4, 11) novelty=medium pressure=15 distance=6 unknown=down, left
  Frontier caution: Current tile is a weaker local frontier (score 1.5, pressure 21, visits 3). A stronger frontier at (12, 11) scores 32.35; prefer down instead of probing every adjacent unknown here.
  Local Map Window:
    F????????
    F????????
    F????????
    F????????
    ????P????
    FFFFF??F?
    ?????????
    ?????????
    ?????????
  Explored Map Snapshot:
    Legend: P=player .=explored F=frontier #=confirmed-wall W=warp ?=unknown
    Bounds: x=-3..14 y=-2..13 size=18x16 explored=42 frontier=30 blocked=8 warps=1
    ??????????????????
    ??????????????????
    ???????##?????????
    ???#??#.F?????????
    ??#.FF.F#?????????
    ???F....F#????????
    ???F....F?????????
    ???FFFF.F?????????
    ???????FF?????????
    ???????FF?????????
    ???????FF?????????
    ???????FF?????????
    ???????F????P?????
    ???????WFFFFF#?F??
    ??????????????????
    ??????????????????

==================================================
[0m
[32m14:32:54 - ActionExecutor - INFO[0m - ACTION: down[0m
[32m14:32:54 - Main - INFO[0m - Temporarily avoiding move up from (40, 9, 11) after an immediate trigger-tile retreat loop[0m
[32m14:32:54 - Main - INFO[0m - Temporarily avoiding frontier tile (40, 9, 11) after an immediate trigger-tile retreat loop[0m
[32m14:32:54 - Main - INFO[0m - Temporarily avoiding frontier tile (40, 9, 10) after an immediate trigger-tile retreat loop[0m
[32m14:33:00 - MainAgent - INFO[0m - DECISION: left | Reasoning: The screenshot shows the player just below and to the right of an NPC inside the lab with no dialogue open, so stepping left explores a new tile and lines up for possible interaction progress.[0m
[32m14:33:00 - ActionExecutor - INFO[0m - ACTION: left[0m
[31m14:33:05 - MainAgent - ERROR[0m - Failed to get AI decision: AI request failed: ('Connection aborted.', ConnectionResetError(10054, '远程主机强迫关闭了一个现有的连接。', None, 10054, None))[0m
[33m14:33:05 - Main - WARNING[0m - Retrying same-turn AI decision (ai_error) on agent turn 196022 in 1.0s [attempt 1/8][0m
[31m14:33:11 - MainAgent - ERROR[0m - Failed to get AI decision: AI request failed: ('Connection aborted.', ConnectionResetError(10054, '远程主机强迫关闭了一个现有的连接。', None, 10054, None))[0m
[33m14:33:11 - Main - WARNING[0m - Retrying same-turn AI decision (ai_error) on agent turn 196022 in 2.0s [attempt 2/8][0m
[31m14:33:41 - MainAgent - ERROR[0m - Failed to get AI decision: AI request failed: HTTPSConnectionPool(host='api.ququ233.com', port=443): Read timed out. (read timeout=25)[0m
[31m14:33:41 - Main - ERROR[0m - Same-turn AI retry budget exhausted after 3 attempts over 41.3s: AI request failed: HTTPSConnectionPool(host='api.ququ233.com', port=443): Read timed out. (read timeout=25)[0m
[32m14:33:41 - ActionExecutor - INFO[0m - ACTION: down[0m
[32m14:33:41 - ActionExecutor - INFO[0m - ACTION: down[0m
[32m14:33:42 - ActionExecutor - INFO[0m - ACTION: down[0m
[32m14:33:42 - ActionExecutor - INFO[0m - ACTION: left[0m
[32m14:33:42 - ActionExecutor - INFO[0m - ACTION: up[0m
[32m14:33:42 - ActionExecutor - INFO[0m - ACTION: up[0m
[32m14:33:42 - ActionExecutor - INFO[0m - ACTION: right[0m
[32m14:33:42 - Main - INFO[0m - Temporarily avoiding move left from (40, 9, 11) after an immediate trigger-tile retreat loop[0m
[32m14:33:42 - Main - INFO[0m - Temporarily avoiding frontier tile (40, 9, 11) after an immediate trigger-tile retreat loop[0m
[32m14:33:42 - Main - INFO[0m - Temporarily avoiding frontier tile (40, 8, 11) after an immediate trigger-tile retreat loop[0m
[32m14:33:42 - ActionExecutor - INFO[0m - ACTION: down[0m
[32m14:33:42 - Main - INFO[0m - 
=== GAME STATE (Turn 196030) ===

POSITION:
- Map ID: 40
- Coordinates: (9, 11)
- Facing: down
- Harness UI Classification: indoor
- External UI Hint: indoor
- Harness Local Vision: disabled

BADGES: 0/8
  [ ] Boulder Badge
  [ ] Cascade Badge
  [ ] Thunder Badge
  [ ] Rainbow Badge
  [ ] Soul Badge
  [ ] Marsh Badge
  [ ] Volcano Badge
  [ ] Earth Badge

MONEY: $3175
ITEMS IN BAG: 0

PARTY: 1 Pokemon
  1. Charmander Lv.6 - HP: 21/21 (100%)
     Moves: [PP:35] [PP:40] 

UI FLAGS:
  Text box active (RAM): False
  Menu active (RAM): False

PERCEPTION SUMMARY:
  Harness note: Harness-side pixel heuristics are disabled. The raw screenshot is still attached separately for model vision.

STATE DELTAS (memory-based):
  Position changed: False
  Money delta: 0
  Battle toggled: False
  Movement stall turns: 1
  Stuck hint: slight stall

MOVEMENT PATTERN:
  Recent same-map positions tracked: 10
  Unique recent tiles: 2
  Recent movement box: 2x1
  Current tile repeats in window: 7
  Loop warning: high - last 10 same-map positions stayed within a 2x1 box covering only 2 tiles

EXPLORATION:
  Current Map Explored: 21.0%
  Tiles Explored: 42/200
  Nearby Unexplored Tiles: 10
    - (9, 12)
    - (10, 11)
    - (8, 10)
    - (8, 12)
    - (9, 9)

NAVIGATION MEMORY:
  Current Tile Visits: 10
  Known exit up: (9, 10)
  Known exit left: (8, 11)
  Known blocked directions from current tile: down, left, right, up
  Immediate movement preference: up=known_exit, left=known_exit
  Immediate movement cautions: down=confirmed_blocked, right=confirmed_blocked
  Adjacent Tile Occupancy: known_exit=previously succeeded, frontier=unexplored adjacent tile, confirmed_blocked=failed 2+ times, blocked_once=failed once, adjacent_explored=neighbor explored but this step unconfirmed, unknown=no reliable memory yet
    - up: status=known_exit target=(9, 10) blocked_attempts=2 visits=3
    - down: status=confirmed_blocked target=(9, 12) blocked_attempts=2
    - left: status=known_exit target=(8, 11) blocked_attempts=2 visits=16
    - right: status=confirmed_blocked target=(10, 11) blocked_attempts=2
  Reachable frontier tiles on this map: 29
  Suggested frontier target: (9, 10)
  Suggested route to frontier: up
  Unknown directions from frontier: up, left
  Frontier novelty: low; local revisit pressure 31; global novelty distance 9; priority score -19.35
  Top Frontier Alternatives:
    - (12, 11) novelty=high pressure=4 distance=3 unknown=up, down, left, right
    - (4, 11) novelty=medium pressure=15 distance=5 unknown=down, left
    - (9, 10) novelty=low pressure=31 distance=1 unknown=up, left
  Local Map Window:
    F????????
    F????????
    F????????
    ????F????
    FFFFP??F?
    ?????????
    ?????????
    ?????????
    ?????????
  Explored Map Snapshot:
    Legend: P=player .=explored F=frontier #=confirmed-wall W=warp ?=unknown
    Bounds: x=-3..14 y=-2..14 size=18x17 explored=42 frontier=29 blocked=11 warps=1
    ??????????????????
    ??????????????????
    ???????##?????????
    ???#??#.F?????????
    ??#.FF.F#?????????
    ???F....F#????????
    ???F....F?????????
    ???FFFF.F?????????
    ???????FF?????????
    ???????FF?????????
    ???????FF?????????
    ???????FF?????????
    ???????F???#F#????
    ???????WFFFFP#?F??
    ????????????#?????
    ??????????????????
    ??????????????????

==================================================
[0m
[32m14:33:42 - ActionExecutor - INFO[0m - ACTION: a[0m
[32m14:33:43 - ActionExecutor - INFO[0m - ACTION: a[0m
[32m14:33:43 - ActionExecutor - INFO[0m - ACTION: a[0m
[32m14:33:43 - ActionExecutor - INFO[0m - ACTION: a[0m
[32m14:33:43 - Main - INFO[0m - Reached testing.max_turns=196033; stopping run loop[0m
[32m14:33:43 - Main - INFO[0m - 正在关闭...[0m
[32m14:33:43 - Main - INFO[0m - Skipping checkpoint write on shutdown for this testing run[0m
[32m14:33:43 - Visualizer - INFO[0m - Visualizer stopped[0m
[32m14:33:43 - Emulator - INFO[0m - Stopping emulator[0m
[32m14:33:43 - Main - INFO[0m - ==================================================[0m
[32m14:33:43 - Main - INFO[0m - MILESTONE: 宝可梦AI智能体已停止[0m
[32m14:33:43 - Main - INFO[0m - ==================================================[0m
[32m14:33:43 - Main - INFO[0m - 总回合数: 196033[0m
{
  "report_version": 2,
  "requested_checkpoint": "checkpoint_195913",
  "restored_checkpoint": "checkpoint_195913",
  "requested_turns": 120,
  "llm_primary_mode": true,
  "ai_full_control_mode": true,
  "pure_llm_mode": false,
  "research_mode": false,
  "reset_context": true,
  "effective_settings": {
    "llm_primary_mode": true,
    "ai_full_control_mode": true,
    "pure_llm_mode": false,
    "research_mode": false,
    "ai_timeout_seconds": 25,
    "same_turn_retry_timeout_seconds": 30,
    "decision_max_tokens": 384,
    "action_plan_max_actions": 3,
    "llm_primary_action_plan_enabled": true
  },
  "latest_checkpoint": "checkpoint_195913",
  "start_turn": 195913,
  "end_turn": 196033,
  "turn_delta": 120,
  "completed_requested_turns": true,
  "fatal_error": null,
  "timeline_length": 120,
  "reached_playable": true,
  "api_cooldown_active": true,
  "api_cooldown_remaining": 0.2,
  "decision_source_counts": {
    "ai": 41,
    "cached_ai_plan": 4,
    "post_warp_reentry_guard": 1,
    "recent_warp_buffer_guard": 5,
    "guided_navigation_escape": 14,
    "wait_rewrite_ai_error": 2,
    "wait_rewrite_ai_cooldown": 6,
    "api_unavailable_field_interaction": 47
  },
  "decision_path_counts": {
    "ai": 41,
    "tool": 32,
    "fallback": 47
  },
  "ai_control_metrics": {
    "total_turns": 120,
    "main_model_turns": 41,
    "ai_plan_turns": 4,
    "ai_authored_turns": 45,
    "deterministic_tool_turns": 28,
    "fallback_turns": 47,
    "main_model_ratio": 0.3417,
    "ai_authored_ratio": 0.375,
    "deterministic_tool_ratio": 0.2333,
    "fallback_ratio": 0.3917,
    "ai_dominant": false
  },
  "ai_latency_summary": {
    "count": 41,
    "avg_seconds": 5.999,
    "max_seconds": 8.093,
    "min_seconds": 4.77,
    "total_seconds": 245.943,
    "avg_request_count": 1.0
  },
  "story_markers": {
    "visited_maps": [
      40,
      0
    ],
    "highest_party_level": 6,
    "got_starter": true,
    "reached_playable": true,
    "reached_route1": false,
    "reached_viridian_city": false,
    "entered_viridian_mart": false,
    "entered_oaks_lab": true,
    "obtained_oaks_parcel": false,
    "delivered_oaks_parcel": false,
    "got_pokedex": false,
    "started_post_pokedex_departure": false,
    "reached_route2": false,
    "reached_viridian_forest_south_gate": false,
    "reached_viridian_forest": false
  },
  "report_validation": {
    "timeline_first_turn": 195914,
    "timeline_last_turn": 196033,
    "timeline_turn_count": 120,
    "timeline_turns_monotonic": true,
    "final_state_turn": 196033,
    "final_state_matches_end_turn": true,
    "timeline_last_turn_matches_end_turn": true
  },
  "final_state": {
    "turn": 196033,
    "timestamp": "2026-04-05T14:33:43.455980",
    "position": {
      "map_id": 40,
      "x": 9,
      "y": 11
    },
    "badges": 0,
    "money": 3175,
    "item_count": 0,
    "party_size": 1,
    "party": [
      {
        "species_id": 176,
        "species": "Charmander",
        "name": "Charmander",
        "display_name": "Charmander",
        "level": 6,
        "hp": 21,
        "current_hp": 21,
        "max_hp": 21,
        "moves": [
          {
            "move_id": 10,
            "pp": 35
          },
          {
            "move_id": 45,
            "pp": 40
          }
        ],
        "stats": {
          "attack": 12,
          "defense": 11,
          "speed": 14,
          "special": 11
        }
      }
    ],
    "in_battle": false,
    "events": {
      "got_pokedex": false,
      "oak_got_parcel": false,
      "got_oaks_parcel": false
    },
    "ui": {
      "text_box_active": false,
      "menu_active": false,
      "stale_text_box_flag": true
    },
    "pre_world": false,
    "pre_starter_script": false,
    "visual": {
      "screen_type": "indoor",
      "description": "Harness-side pixel heuristics are disabled. The raw screenshot is still attached separately for model vision.",
      "screen_size": [
        160,
        144
      ],
      "frame_number": 196034,
      "local_analysis_enabled": false,
      "screen_hash": "9aeacec9434829354543af0f203f87cd"
    },
    "exploration": {
      "current_map": 40,
      "explored_tiles": 42,
      "total_tiles": 200,
      "exploration_percent": 21.0
    },
    "navigation": {
      "current_visit_count": 14,
      "known_exits": {
        "up": {
          "x": 9,
          "y": 10
        },
        "left": {
          "x": 8,
          "y": 11
        }
      },
      "blocked_directions": [
        "down",
        "left",
        "right",
        "up"
      ],
      "frontier_count": 29,
      "nearest_frontier": {
        "target": [
          9,
          10
        ],
        "path": [
          "up"
        ],
        "unknown_directions": [
          "up",
          "left"
        ],
        "visit_count": 3,
        "distance": 1,
        "local_visit_pressure": 35,
        "global_novelty_distance": 9,
        "priority_score": -24.35,
        "novelty_label": "low"
      },
      "frontier_candidates": [
        {
          "target": [
            12,
            11
          ],
          "unknown_directions": [
            "up",
            "down",
            "left",
            "right"
          ],
          "visit_count": 4,
          "distance": 3,
          "local_visit_pressure": 4,
          "global_novelty_distance": 13,
          "priority_score": 32.7,
          "novelty_label": "high"
        },
        {
          "target": [
            4,
            11
          ],
          "unknown_directions": [
            "down",
            "left"
          ],
          "visit_count": 1,
          "distance": 5,
          "local_visit_pressure": 15,
          "global_novelty_distance": 5,
          "priority_score": 0.25,
          "novelty_label": "medium"
        },
        {
          "target": [
            6,
            11
          ],
          "unknown_directions": [
            "up",
            "down"
          ],
          "visit_count": 2,
          "distance": 3,
          "local_visit_pressure": 33,
          "global_novelty_distance": 7,
          "priority_score": -22.05,
          "novelty_label": "low"
        }
      ],
      "adjacent_tiles": {
        "up": {
          "target": {
            "x": 9,
            "y": 10
          },
          "status": "known_exit",
          "blocked_attempts": 2,
          "target_visit_count": 3,
          "target_known_explored": true,
          "target_is_warp": false,
          "step_triggers_warp": false,
          "is_frontier_direction": false,
          "is_preferred_frontier_step": false,
          "summary": "This move previously succeeded and led to explored tile (9, 10)."
        },
        "down": {
          "target": {
            "x": 9,
            "y": 12
          },
          "status": "confirmed_blocked",
          "blocked_attempts": 2,
          "target_visit_count": 0,
          "target_known_explored": false,
          "target_is_warp": false,
          "step_triggers_warp": false,
          "is_frontier_direction": false,
          "is_preferred_frontier_step": false,
          "summary": "This move failed 2 times from the current tile; treat it as a wall or solid blocker until evidence changes."
        },
        "left": {
          "target": {
            "x": 8,
            "y": 11
          },
          "status": "known_exit",
          "blocked_attempts": 2,
          "target_visit_count": 16,
          "target_known_explored": true,
          "target_is_warp": false,
          "step_triggers_warp": false,
          "is_frontier_direction": false,
          "is_preferred_frontier_step": false,
          "summary": "This move previously succeeded and led to explored tile (8, 11)."
        },
        "right": {
          "target": {
            "x": 10,
            "y": 11
          },
          "status": "confirmed_blocked",
          "blocked_attempts": 2,
          "target_visit_count": 0,
          "target_known_explored": false,
          "target_is_warp": false,
          "step_triggers_warp": false,
          "is_frontier_direction": false,
          "is_preferred_frontier_step": false,
          "summary": "This move failed 2 times from the current tile; treat it as a wall or solid blocker until evidence changes."
        }
      },
      "current_tile_warp": null,
      "warp_cautions": [],
      "frontier_guidance": {
        "current_tile_is_frontier": false,
        "prefer_leave_current_frontier": false,
        "recommended_direction": null,
        "escape_direction": null,
        "discouraged_directions": [],
        "stronger_frontier_target": null,
        "current_priority_score": null,
        "stronger_priority_score": null,
        "priority_gap": 0.0,
        "summary": null
      },
      "known_warps": [
        {
          "src_map": 40,
          "src_x": 4,
          "src_y": 11,
          "dest_map": 0,
          "dest_x": 12,
          "dest_y": 11,
          "count": 1,
          "trigger_action": "down"
        }
      ],
      "local_map": [
        "F????????",
        "F????????",
        "F????????",
        "????F????",
        "FFFFP??F?",
        "?????????",
        "?????????",
        "?????????",
        "?????????"
      ],
      "map_snapshot": {
        "available": true,
        "map_id": 40,
        "rows": [
          "                  ",
          "                  ",
          "       ##         ",
          "   #  #.F         ",
          "  #.FF.F#         ",
          "   F....F#        ",
          "   F....F         ",
          "   FFFF.F         ",
          "       FF         ",
          "       FF         ",
          "       FF         ",
          "       FF         ",
          "       F   #F#    ",
          "       WFFFFP# F  ",
          "            #     ",
          "                  ",
          "                  "
        ],
        "prompt_rows": [
          "??????????????????",
          "??????????????????",
          "???????##?????????",
          "???#??#.F?????????",
          "??#.FF.F#?????????",
          "???F....F#????????",
          "???F....F?????????",
          "???FFFF.F?????????",
          "???????FF?????????",
          "???????FF?????????",
          "???????FF?????????",
          "???????FF?????????",
          "???????F???#F#????",
          "???????WFFFFP#?F??",
          "????????????#?????",
          "??????????????????",
          "??????????????????"
        ],
        "bounds": {
          "min_x": -3,
          "max_x": 14,
          "min_y": -2,
          "max_y": 14,
          "width": 18,
          "height": 17
        },
        "player": {
          "x": 9,
          "y": 11
        },
        "explored_count": 42,
        "frontier_count": 29,
        "blocked_count": 11,
        "warp_count": 1,
        "legend": {
          " ": "unknown",
          ".": "explored",
          "F": "frontier",
          "#": "confirmed wall",
          "W": "warp",
          "P": "player"
        }
      }
    },
    "deltas": {
      "position_changed": false,
      "money_delta": 0,
      "battle_toggled": false,
      "movement_stall_turns": 1,
      "stuck_hint": "slight stall"
    },
    "movement_pattern": {
      "window_size": 10,
      "unique_tiles": 2,
      "bounding_box_width": 2,
      "bounding_box_height": 1,
      "current_tile_repeat_count": 7,
      "micro_loop_warning": true,
      "warning": "high - last 10 same-map positions stayed within a 2x1 box covering only 2 tiles"
    },
    "battle_summary": {
      "active": false,
      "phase": "not_in_battle",
      "encounter_type": "none",
      "battle_turns": 0,
      "enemy_hp_changed": false,
      "battle_stall_turns": 0,
      "enemy_species": null,
      "enemy_level": null,
      "enemy_current_hp": null,
      "lead_pokemon": {
        "species": "Charmander",
        "level": 6,
        "current_hp": 21,
        "max_hp": 21,
        "hp_percent": 100.0
      },
      "focus_hint": null
    }
  },
  "timeline": [
    {
      "turn": 195914,
      "action": "down",
      "reasoning": "The screenshot shows Oak's lab with the rival at bottom-right and the player can now move, so the next mandatory step is to walk toward the exit to trigger any remaining intro dialogue.",
      "result": "After down:; moved from (4,8) to (4,9) on map 40; screen changed from overworld to indoor",
      "decision_source": "ai",
      "decision_path": "ai",
      "model_latency_seconds": 5.174,
      "model_request_count": 1,
      "screen_type": "indoor",
      "observed_screen_type": "overworld",
      "phase_hint": null,
      "position": {
        "map_id": 40,
        "x": 4,
        "y": 8
      },
      "party_size": 1
    },
    {
      "turn": 195915,
      "action": "down",
      "reasoning": "The lab is open for movement with no dialogue, and from the current lower-middle position the next concrete progress is to continue downward toward the exit area.",
      "result": "After down:; position did not change",
      "decision_source": "ai",
      "decision_path": "ai",
      "model_latency_seconds": 6.151,
      "model_request_count": 1,
      "screen_type": "indoor",
      "observed_screen_type": "indoor",
      "phase_hint": "indoor",
      "position": {
        "map_id": 40,
        "x": 4,
        "y": 9
      },
      "party_size": 1
    },
    {
      "turn": 195916,
      "action": "down",
      "reasoning": "The screenshot shows the player standing above the central bottom doorway in Oak's lab with no dialogue box, so the next concrete progress is to step onto the visible exit tile.",
      "result": "After down:; moved from (4,9) to (4,10) on map 40",
      "decision_source": "ai",
      "decision_path": "ai",
      "model_latency_seconds": 5.46,
      "model_request_count": 1,
      "screen_type": "indoor",
      "observed_screen_type": "indoor",
      "phase_hint": "indoor",
      "position": {
        "map_id": 40,
        "x": 4,
        "y": 9
      },
      "party_size": 1
    },
    {
      "turn": 195917,
      "action": "down",
      "reasoning": "AI plan: The screenshot shows the player standing above the central bottom doorway in Oak's lab with no dialogue box, so the next concrete progress is to step onto the visible exit tile. | follow down, down",
      "result": "After down:; position did not change",
      "decision_source": "cached_ai_plan",
      "decision_path": "tool",
      "model_latency_seconds": null,
      "model_request_count": null,
      "screen_type": "indoor",
      "observed_screen_type": "indoor",
      "phase_hint": "indoor",
      "position": {
        "map_id": 40,
        "x": 4,
        "y": 10
      },
      "party_size": 1
    },
    {
      "turn": 195918,
      "action": "down",
      "reasoning": "The screenshot shows the player one tile above the black doorway opening in Oak's lab, so the next concrete step is to move down through the exit.",
      "result": "After down:; moved from (4,10) to (4,11) on map 40",
      "decision_source": "ai",
      "decision_path": "ai",
      "model_latency_seconds": 6.353,
      "model_request_count": 1,
      "screen_type": "indoor",
      "observed_screen_type": "indoor",
      "phase_hint": null,
      "position": {
        "map_id": 40,
        "x": 4,
        "y": 10
      },
      "party_size": 1
    },
    {
      "turn": 195919,
      "action": "down",
      "reasoning": "AI plan: The screenshot shows the player one tile above the black doorway opening in Oak's lab, so the next concrete step is to move down through the exit. | follow down, down",
      "result": "After down:; warped from map 40 (4,11) to map 0 (12,11); screen changed from indoor to overworld",
      "decision_source": "cached_ai_plan",
      "decision_path": "tool",
      "model_latency_seconds": null,
      "model_request_count": null,
      "screen_type": "indoor",
      "observed_screen_type": "indoor",
      "phase_hint": "indoor",
      "position": {
        "map_id": 40,
        "x": 4,
        "y": 11
      },
      "party_size": 1
    },
    {
      "turn": 195920,
      "action": "wait",
      "reasoning": "Guard: just warped from map 40 to map 0; doorway exits can auto-step one tile after the map transition. Wait briefly so the exit settles before choosing a safe direction away from the return warp.",
      "result": "After wait:; moved from (12,11) to (12,12) on map 0",
      "decision_source": "post_warp_reentry_guard",
      "decision_path": "tool",
      "model_latency_seconds": null,
      "model_request_count": null,
      "screen_type": "overworld",
      "observed_screen_type": "overworld",
      "phase_hint": null,
      "position": {
        "map_id": 0,
        "x": 12,
        "y": 11
      },
      "party_size": 1
    },
    {
      "turn": 195921,
      "action": "left",
      "reasoning": "Guard: recently warped into this map; avoid the reverse re-entry action up until you move away from the doorway. Move left instead.",
      "result": "After left:; moved from (12,12) to (11,12) on map 0",
      "decision_source": "recent_warp_buffer_guard",
      "decision_path": "tool",
      "model_latency_seconds": null,
      "model_request_count": null,
      "screen_type": "overworld",
      "observed_screen_type": "overworld",
      "phase_hint": null,
      "position": {
        "map_id": 0,
        "x": 12,
        "y": 12
      },
      "party_size": 1
    },
    {
      "turn": 195922,
      "action": "down",
      "reasoning": "Guard: recently warped into this map; avoid the reverse re-entry action up until you move away from the doorway. Move down instead.",
      "result": "After down:; position did not change",
      "decision_source": "recent_warp_buffer_guard",
      "decision_path": "tool",
      "model_latency_seconds": null,
      "model_request_count": null,
      "screen_type": "overworld",
      "observed_screen_type": "overworld",
      "phase_hint": null,
      "position": {
        "map_id": 0,
        "x": 11,
        "y": 12
      },
      "party_size": 1
    },
    {
      "turn": 195923,
      "action": "down",
      "reasoning": "Guard: recently warped into this map; avoid the reverse re-entry action up until you move away from the doorway. Move down instead.",
      "result": "After down:; position did not change",
      "decision_source": "recent_warp_buffer_guard",
      "decision_path": "tool",
      "model_latency_seconds": null,
      "model_request_count": null,
      "screen_type": "overworld",
      "observed_screen_type": "overworld",
      "phase_hint": null,
      "position": {
        "map_id": 0,
        "x": 11,
        "y": 12
      },
      "party_size": 1
    },
    {
      "turn": 195924,
      "action": "left",
      "reasoning": "Guard: recently warped into this map; avoid the reverse re-entry action up until you move away from the doorway. Move left instead.",
      "result": "After left:; moved from (11,12) to (10,12) on map 0",
      "decision_source": "recent_warp_buffer_guard",
      "decision_path": "tool",
      "model_latency_seconds": null,
      "model_request_count": null,
      "screen_type": "overworld",
      "observed_screen_type": "overworld",
      "phase_hint": null,
      "position": {
        "map_id": 0,
        "x": 11,
        "y": 12
      },
      "party_size": 1
    },
    {
      "turn": 195925,
      "action": "up",
      "reasoning": "The screenshot shows the player standing left of the northern house with open walkable path upward and this advances exploration instead of returning right toward the doorway.",
      "result": "After up:; position did not change",
      "decision_source": "ai",
      "decision_path": "ai",
      "model_latency_seconds": 5.368,
      "model_request_count": 1,
      "screen_type": "overworld",
      "observed_screen_type": "overworld",
      "phase_hint": null,
      "position": {
        "map_id": 0,
        "x": 10,
        "y": 12
      },
      "party_size": 1
    },
    {
      "turn": 195926,
      "action": "down",
      "reasoning": "The screenshot shows open path directly downward from the player beside the house, and moving down follows the stronger unexplored frontier instead of retrying the blocked up tile.",
      "result": "After down:; position did not change",
      "decision_source": "ai",
      "decision_path": "ai",
      "model_latency_seconds": 7.264,
      "model_request_count": 1,
      "screen_type": "overworld",
      "observed_screen_type": "overworld",
      "phase_hint": "overworld",
      "position": {
        "map_id": 0,
        "x": 10,
        "y": 12
      },
      "party_size": 1
    },
    {
      "turn": 195927,
      "action": "down",
      "reasoning": "The screenshot shows the player on a clear path with open walkable space directly downward toward the town exit and NPC, while up was already blocked.",
      "result": "After down:; position did not change",
      "decision_source": "ai",
      "decision_path": "ai",
      "model_latency_seconds": 5.685,
      "model_request_count": 1,
      "screen_type": "overworld",
      "observed_screen_type": "overworld",
      "phase_hint": "overworld",
      "position": {
        "map_id": 0,
        "x": 10,
        "y": 12
      },
      "party_size": 1
    },
    {
      "turn": 195928,
      "action": "left",
      "reasoning": "The screenshot shows open walkable space directly left of the player while down was repeatedly blocked and right only returns toward the doorway area.",
      "result": "After left:; position did not change",
      "decision_source": "ai",
      "decision_path": "ai",
      "model_latency_seconds": 7.469,
      "model_request_count": 1,
      "screen_type": "overworld",
      "observed_screen_type": "overworld",
      "phase_hint": "overworld",
      "position": {
        "map_id": 0,
        "x": 10,
        "y": 12
      },
      "party_size": 1
    },
    {
      "turn": 195929,
      "action": "up",
      "reasoning": "The screenshot shows the player standing on the path left of the large house with clear walkable space above, while left was just tried and failed from this spot.",
      "result": "After up:; position did not change",
      "decision_source": "ai",
      "decision_path": "ai",
      "model_latency_seconds": 5.532,
      "model_request_count": 1,
      "screen_type": "overworld",
      "observed_screen_type": "overworld",
      "phase_hint": "overworld",
      "position": {
        "map_id": 0,
        "x": 10,
        "y": 12
      },
      "party_size": 1
    },
    {
      "turn": 195930,
      "action": "left",
      "reasoning": "The screenshot shows the player standing below the sign and fence with a clear path to the left toward the town's western route, while up and down are blocked by the house/fence area.",
      "result": "After left:; position did not change",
      "decision_source": "ai",
      "decision_path": "ai",
      "model_latency_seconds": 5.878,
      "model_request_count": 1,
      "screen_type": "overworld",
      "observed_screen_type": "overworld",
      "phase_hint": "overworld",
      "position": {
        "map_id": 0,
        "x": 10,
        "y": 12
      },
      "party_size": 1
    },
    {
      "turn": 195931,
      "action": "right",
      "reasoning": "Planner guard: current local navigation is stalled, looping, or sitting on a risky warp fringe. Planner: follow learned route toward frontier (12, 12) (novelty=medium, pressure=19) via right, right",
      "result": "After right:; moved from (10,12) to (11,12) on map 0",
      "decision_source": "guided_navigation_escape",
      "decision_path": "tool",
      "model_latency_seconds": null,
      "model_request_count": null,
      "screen_type": "overworld",
      "observed_screen_type": "overworld",
      "phase_hint": "overworld",
      "position": {
        "map_id": 0,
        "x": 10,
        "y": 12
      },
      "party_size": 1
    },
    {
      "turn": 195932,
      "action": "right",
      "reasoning": "Planner guard: current local navigation is stalled, looping, or sitting on a risky warp fringe. Planner: follow learned route toward frontier (12, 12) (novelty=medium, pressure=20) via right",
      "result": "After right:; moved from (11,12) to (12,12) on map 0",
      "decision_source": "guided_navigation_escape",
      "decision_path": "tool",
      "model_latency_seconds": null,
      "model_request_count": null,
      "screen_type": "overworld",
      "observed_screen_type": "overworld",
      "phase_hint": null,
      "position": {
        "map_id": 0,
        "x": 11,
        "y": 12
      },
      "party_size": 1
    },
    {
      "turn": 195933,
      "action": "left",
      "reasoning": "Planner guard: current local navigation is stalled, looping, or sitting on a risky warp fringe. Planner: current tile is a known warp source to map 40 (12, 11); step off it via left before probing local frontier directions.",
      "result": "After left:; moved from (12,12) to (11,12) on map 0",
      "decision_source": "guided_navigation_escape",
      "decision_path": "tool",
      "model_latency_seconds": null,
      "model_request_count": null,
      "screen_type": "overworld",
      "observed_screen_type": "overworld",
      "phase_hint": null,
      "position": {
        "map_id": 0,
        "x": 12,
        "y": 12
      },
      "party_size": 1
    },
    {
      "turn": 195934,
      "action": "up",
      "reasoning": "The screenshot shows the player directly below a building entrance with open ground above, so moving up will explore the unseen tile in front of the door instead of repeating blocked left.",
      "result": "After up:; position did not change",
      "decision_source": "ai",
      "decision_path": "ai",
      "model_latency_seconds": 5.384,
      "model_request_count": 1,
      "screen_type": "overworld",
      "observed_screen_type": "overworld",
      "phase_hint": null,
      "position": {
        "map_id": 0,
        "x": 11,
        "y": 12
      },
      "party_size": 1
    },
    {
      "turn": 195935,
      "action": "down",
      "reasoning": "The screenshot shows the player one tile below a house door in Pallet Town, so stepping down moves away from the blocked doorstep and toward the open route for mandatory progression.",
      "result": "After down:; position did not change",
      "decision_source": "ai",
      "decision_path": "ai",
      "model_latency_seconds": 6.23,
      "model_request_count": 1,
      "screen_type": "overworld",
      "observed_screen_type": "overworld",
      "phase_hint": "overworld",
      "position": {
        "map_id": 0,
        "x": 11,
        "y": 12
      },
      "party_size": 1
    },
    {
      "turn": 195936,
      "action": "left",
      "reasoning": "The screenshot shows the player directly below the lab doorway with open path to the left, so moving left explores away from the blocked doorstep and warp tile.",
      "result": "After left:; position did not change",
      "decision_source": "ai",
      "decision_path": "ai",
      "model_latency_seconds": 5.862,
      "model_request_count": 1,
      "screen_type": "overworld",
      "observed_screen_type": "overworld",
      "phase_hint": "overworld",
      "position": {
        "map_id": 0,
        "x": 11,
        "y": 12
      },
      "party_size": 1
    },
    {
      "turn": 195937,
      "action": "down",
      "reasoning": "The screenshot shows the player standing just left of the lab door with open ground directly below, so moving down is the concrete step to leave this blocked doorstep area and continue town exploration.",
      "result": "After down:; position did not change",
      "decision_source": "ai",
      "decision_path": "ai",
      "model_latency_seconds": 8.083,
      "model_request_count": 1,
      "screen_type": "overworld",
      "observed_screen_type": "overworld",
      "phase_hint": "overworld",
      "position": {
        "map_id": 0,
        "x": 11,
        "y": 12
      },
      "party_size": 1
    },
    {
      "turn": 195938,
      "action": "up",
      "reasoning": "Use local navigation hints to keep exploring via up. Original WAIT reasoning: Same-turn AI retry budget exhausted after 5 attempts over 32.1s: AI request failed: ('Connection aborted.', ConnectionResetError(10054, '远程主机强迫关闭了一个现有的连接。', None, 10054, None))",
      "result": "After up:; position did not change",
      "decision_source": "wait_rewrite_ai_error",
      "decision_path": "tool",
      "model_latency_seconds": null,
      "model_request_count": null,
      "screen_type": "overworld",
      "observed_screen_type": "overworld",
      "phase_hint": "overworld",
      "position": {
        "map_id": 0,
        "x": 11,
        "y": 12
      },
      "party_size": 1
    },
    {
      "turn": 195939,
      "action": "up",
      "reasoning": "Use local navigation hints to keep exploring via up. Original WAIT reasoning: API cooldown active for 1.8s after recent request failures",
      "result": "After up:; position did not change",
      "decision_source": "wait_rewrite_ai_cooldown",
      "decision_path": "tool",
      "model_latency_seconds": null,
      "model_request_count": null,
      "screen_type": "overworld",
      "observed_screen_type": "overworld",
      "phase_hint": "overworld",
      "position": {
        "map_id": 0,
        "x": 11,
        "y": 12
      },
      "party_size": 1
    },
    {
      "turn": 195940,
      "action": "up",
      "reasoning": "Use local navigation hints to keep exploring via up. Original WAIT reasoning: API cooldown active for 1.7s after recent request failures",
      "result": "After up:; position did not change",
      "decision_source": "wait_rewrite_ai_cooldown",
      "decision_path": "tool",
      "model_latency_seconds": null,
      "model_request_count": null,
      "screen_type": "overworld",
      "observed_screen_type": "overworld",
      "phase_hint": "overworld",
      "position": {
        "map_id": 0,
        "x": 11,
        "y": 12
      },
      "party_size": 1
    },
    {
      "turn": 195941,
      "action": "a",
      "reasoning": "Auto fallback while AI is unavailable: All field directions are currently blocked, so probe the stuck scene with A instead of idling",
      "result": "After a:; no visible state change",
      "decision_source": "api_unavailable_field_interaction",
      "decision_path": "fallback",
      "model_latency_seconds": null,
      "model_request_count": null,
      "screen_type": "overworld",
      "observed_screen_type": "overworld",
      "phase_hint": "overworld",
      "position": {
        "map_id": 0,
        "x": 11,
        "y": 12
      },
      "party_size": 1
    },
    {
      "turn": 195942,
      "action": "a",
      "reasoning": "Auto fallback while AI is unavailable: All field directions are currently blocked, so probe the stuck scene with A instead of idling",
      "result": "After a:; no visible state change",
      "decision_source": "api_unavailable_field_interaction",
      "decision_path": "fallback",
      "model_latency_seconds": null,
      "model_request_count": null,
      "screen_type": "overworld",
      "observed_screen_type": "overworld",
      "phase_hint": null,
      "position": {
        "map_id": 0,
        "x": 11,
        "y": 12
      },
      "party_size": 1
    },
    {
      "turn": 195943,
      "action": "a",
      "reasoning": "Auto fallback while AI is unavailable: All field directions are currently blocked, so probe the stuck scene with A instead of idling",
      "result": "After a:; no visible state change",
      "decision_source": "api_unavailable_field_interaction",
      "decision_path": "fallback",
      "model_latency_seconds": null,
      "model_request_count": null,
      "screen_type": "overworld",
      "observed_screen_type": "overworld",
      "phase_hint": null,
      "position": {
        "map_id": 0,
        "x": 11,
        "y": 12
      },
      "party_size": 1
    },
    {
      "turn": 195944,
      "action": "a",
      "reasoning": "Auto fallback while AI is unavailable: All field directions are currently blocked, so probe the stuck scene with A instead of idling",
      "result": "After a:; no visible state change",
      "decision_source": "api_unavailable_field_interaction",
      "decision_path": "fallback",
      "model_latency_seconds": null,
      "model_request_count": null,
      "screen_type": "overworld",
      "observed_screen_type": "overworld",
      "phase_hint": null,
      "position": {
        "map_id": 0,
        "x": 11,
        "y": 12
      },
      "party_size": 1
    },
    {
      "turn": 195945,
      "action": "b",
      "reasoning": "Auto fallback while AI is unavailable: All field directions are currently blocked, so probe the stuck scene with B instead of idling",
      "result": "After b:; no visible state change",
      "decision_source": "api_unavailable_field_interaction",
      "decision_path": "fallback",
      "model_latency_seconds": null,
      "model_request_count": null,
      "screen_type": "overworld",
      "observed_screen_type": "overworld",
      "phase_hint": null,
      "position": {
        "map_id": 0,
        "x": 11,
        "y": 12
      },
      "party_size": 1
    },
    {
      "turn": 195946,
      "action": "a",
      "reasoning": "Auto fallback while AI is unavailable: All field directions are currently blocked, so probe the stuck scene with A instead of idling",
      "result": "After a:; no visible state change",
      "decision_source": "api_unavailable_field_interaction",
      "decision_path": "fallback",
      "model_latency_seconds": null,
      "model_request_count": null,
      "screen_type": "overworld",
      "observed_screen_type": "overworld",
      "phase_hint": null,
      "position": {
        "map_id": 0,
        "x": 11,
        "y": 12
      },
      "party_size": 1
    },
    {
      "turn": 195947,
      "action": "a",
      "reasoning": "Auto fallback while AI is unavailable: All field directions are currently blocked, so probe the stuck scene with A instead of idling",
      "result": "After a:; no visible state change",
      "decision_source": "api_unavailable_field_interaction",
      "decision_path": "fallback",
      "model_latency_seconds": null,
      "model_request_count": null,
      "screen_type": "overworld",
      "observed_screen_type": "overworld",
      "phase_hint": null,
      "position": {
        "map_id": 0,
        "x": 11,
        "y": 12
      },
      "party_size": 1
    },
    {
      "turn": 195948,
      "action": "a",
      "reasoning": "Auto fallback while AI is unavailable: All field directions are currently blocked, so probe the stuck scene with A instead of idling",
      "result": "After a:; no visible state change",
      "decision_source": "api_unavailable_field_interaction",
      "decision_path": "fallback",
      "model_latency_seconds": null,
      "model_request_count": null,
      "screen_type": "overworld",
      "observed_screen_type": "overworld",
      "phase_hint": null,
      "position": {
        "map_id": 0,
        "x": 11,
        "y": 12
      },
      "party_size": 1
    },
    {
      "turn": 195949,
      "action": "a",
      "reasoning": "Auto fallback while AI is unavailable: All field directions are currently blocked, so probe the stuck scene with A instead of idling",
      "result": "After a:; no visible state change",
      "decision_source": "api_unavailable_field_interaction",
      "decision_path": "fallback",
      "model_latency_seconds": null,
      "model_request_count": null,
      "screen_type": "overworld",
      "observed_screen_type": "overworld",
      "phase_hint": null,
      "position": {
        "map_id": 0,
        "x": 11,
        "y": 12
      },
      "party_size": 1
    },
    {
      "turn": 195950,
      "action": "b",
      "reasoning": "Auto fallback while AI is unavailable: All field directions are currently blocked, so probe the stuck scene with B instead of idling",
      "result": "After b:; no visible state change",
      "decision_source": "api_unavailable_field_interaction",
      "decision_path": "fallback",
      "model_latency_seconds": null,
      "model_request_count": null,
      "screen_type": "overworld",
      "observed_screen_type": "overworld",
      "phase_hint": null,
      "position": {
        "map_id": 0,
        "x": 11,
        "y": 12
      },
      "party_size": 1
    },
    {
      "turn": 195951,
      "action": "a",
      "reasoning": "Auto fallback while AI is unavailable: All field directions are currently blocked, so probe the stuck scene with A instead of idling",
      "result": "After a:; no visible state change",
      "decision_source": "api_unavailable_field_interaction",
      "decision_path": "fallback",
      "model_latency_seconds": null,
      "model_request_count": null,
      "screen_type": "overworld",
      "observed_screen_type": "overworld",
      "phase_hint": null,
      "position": {
        "map_id": 0,
        "x": 11,
        "y": 12
      },
      "party_size": 1
    },
    {
      "turn": 195952,
      "action": "a",
      "reasoning": "Auto fallback while AI is unavailable: All field directions are currently blocked, so probe the stuck scene with A instead of idling",
      "result": "After a:; no visible state change",
      "decision_source": "api_unavailable_field_interaction",
      "decision_path": "fallback",
      "model_latency_seconds": null,
      "model_request_count": null,
      "screen_type": "overworld",
      "observed_screen_type": "overworld",
      "phase_hint": null,
      "position": {
        "map_id": 0,
        "x": 11,
        "y": 12
      },
      "party_size": 1
    },
    {
      "turn": 195953,
      "action": "a",
      "reasoning": "Auto fallback while AI is unavailable: All field directions are currently blocked, so probe the stuck scene with A instead of idling",
      "result": "After a:; no visible state change",
      "decision_source": "api_unavailable_field_interaction",
      "decision_path": "fallback",
      "model_latency_seconds": null,
      "model_request_count": null,
      "screen_type": "overworld",
      "observed_screen_type": "overworld",
      "phase_hint": null,
      "position": {
        "map_id": 0,
        "x": 11,
        "y": 12
      },
      "party_size": 1
    },
    {
      "turn": 195954,
      "action": "a",
      "reasoning": "Auto fallback while AI is unavailable: All field directions are currently blocked, so probe the stuck scene with A instead of idling",
      "result": "After a:; no visible state change",
      "decision_source": "api_unavailable_field_interaction",
      "decision_path": "fallback",
      "model_latency_seconds": null,
      "model_request_count": null,
      "screen_type": "overworld",
      "observed_screen_type": "overworld",
      "phase_hint": null,
      "position": {
        "map_id": 0,
        "x": 11,
        "y": 12
      },
      "party_size": 1
    },
    {
      "turn": 195955,
      "action": "b",
      "reasoning": "Auto fallback while AI is unavailable: All field directions are currently blocked, so probe the stuck scene with B instead of idling",
      "result": "After b:; no visible state change",
      "decision_source": "api_unavailable_field_interaction",
      "decision_path": "fallback",
      "model_latency_seconds": null,
      "model_request_count": null,
      "screen_type": "overworld",
      "observed_screen_type": "overworld",
      "phase_hint": null,
      "position": {
        "map_id": 0,
        "x": 11,
        "y": 12
      },
      "party_size": 1
    },
    {
      "turn": 195956,
      "action": "a",
      "reasoning": "Auto fallback while AI is unavailable: All field directions are currently blocked, so probe the stuck scene with A instead of idling",
      "result": "After a:; no visible state change",
      "decision_source": "api_unavailable_field_interaction",
      "decision_path": "fallback",
      "model_latency_seconds": null,
      "model_request_count": null,
      "screen_type": "overworld",
      "observed_screen_type": "overworld",
      "phase_hint": null,
      "position": {
        "map_id": 0,
        "x": 11,
        "y": 12
      },
      "party_size": 1
    },
    {
      "turn": 195957,
      "action": "a",
      "reasoning": "Auto fallback while AI is unavailable: All field directions are currently blocked, so probe the stuck scene with A instead of idling",
      "result": "After a:; no visible state change",
      "decision_source": "api_unavailable_field_interaction",
      "decision_path": "fallback",
      "model_latency_seconds": null,
      "model_request_count": null,
      "screen_type": "overworld",
      "observed_screen_type": "overworld",
      "phase_hint": null,
      "position": {
        "map_id": 0,
        "x": 11,
        "y": 12
      },
      "party_size": 1
    },
    {
      "turn": 195958,
      "action": "a",
      "reasoning": "Auto fallback while AI is unavailable: All field directions are currently blocked, so probe the stuck scene with A instead of idling",
      "result": "After a:; no visible state change",
      "decision_source": "api_unavailable_field_interaction",
      "decision_path": "fallback",
      "model_latency_seconds": null,
      "model_request_count": null,
      "screen_type": "overworld",
      "observed_screen_type": "overworld",
      "phase_hint": null,
      "position": {
        "map_id": 0,
        "x": 11,
        "y": 12
      },
      "party_size": 1
    },
    {
      "turn": 195959,
      "action": "a",
      "reasoning": "Auto fallback while AI is unavailable: All field directions are currently blocked, so probe the stuck scene with A instead of idling",
      "result": "After a:; no visible state change",
      "decision_source": "api_unavailable_field_interaction",
      "decision_path": "fallback",
      "model_latency_seconds": null,
      "model_request_count": null,
      "screen_type": "overworld",
      "observed_screen_type": "overworld",
      "phase_hint": null,
      "position": {
        "map_id": 0,
        "x": 11,
        "y": 12
      },
      "party_size": 1
    },
    {
      "turn": 195960,
      "action": "b",
      "reasoning": "Auto fallback while AI is unavailable: All field directions are currently blocked, so probe the stuck scene with B instead of idling",
      "result": "After b:; no visible state change",
      "decision_source": "api_unavailable_field_interaction",
      "decision_path": "fallback",
      "model_latency_seconds": null,
      "model_request_count": null,
      "screen_type": "overworld",
      "observed_screen_type": "overworld",
      "phase_hint": null,
      "position": {
        "map_id": 0,
        "x": 11,
        "y": 12
      },
      "party_size": 1
    },
    {
      "turn": 195961,
      "action": "a",
      "reasoning": "Auto fallback while AI is unavailable: All field directions are currently blocked, so probe the stuck scene with A instead of idling",
      "result": "After a:; no visible state change",
      "decision_source": "api_unavailable_field_interaction",
      "decision_path": "fallback",
      "model_latency_seconds": null,
      "model_request_count": null,
      "screen_type": "overworld",
      "observed_screen_type": "overworld",
      "phase_hint": null,
      "position": {
        "map_id": 0,
        "x": 11,
        "y": 12
      },
      "party_size": 1
    },
    {
      "turn": 195962,
      "action": "a",
      "reasoning": "Auto fallback while AI is unavailable: All field directions are currently blocked, so probe the stuck scene with A instead of idling",
      "result": "After a:; no visible state change",
      "decision_source": "api_unavailable_field_interaction",
      "decision_path": "fallback",
      "model_latency_seconds": null,
      "model_request_count": null,
      "screen_type": "overworld",
      "observed_screen_type": "overworld",
      "phase_hint": null,
      "position": {
        "map_id": 0,
        "x": 11,
        "y": 12
      },
      "party_size": 1
    },
    {
      "turn": 195963,
      "action": "a",
      "reasoning": "Auto fallback while AI is unavailable: All field directions are currently blocked, so probe the stuck scene with A instead of idling",
      "result": "After a:; no visible state change",
      "decision_source": "api_unavailable_field_interaction",
      "decision_path": "fallback",
      "model_latency_seconds": null,
      "model_request_count": null,
      "screen_type": "overworld",
      "observed_screen_type": "overworld",
      "phase_hint": null,
      "position": {
        "map_id": 0,
        "x": 11,
        "y": 12
      },
      "party_size": 1
    },
    {
      "turn": 195964,
      "action": "a",
      "reasoning": "Auto fallback while AI is unavailable: All field directions are currently blocked, so probe the stuck scene with A instead of idling",
      "result": "After a:; no visible state change",
      "decision_source": "api_unavailable_field_interaction",
      "decision_path": "fallback",
      "model_latency_seconds": null,
      "model_request_count": null,
      "screen_type": "overworld",
      "observed_screen_type": "overworld",
      "phase_hint": null,
      "position": {
        "map_id": 0,
        "x": 11,
        "y": 12
      },
      "party_size": 1
    },
    {
      "turn": 195965,
      "action": "b",
      "reasoning": "Auto fallback while AI is unavailable: All field directions are currently blocked, so probe the stuck scene with B instead of idling",
      "result": "After b:; no visible state change",
      "decision_source": "api_unavailable_field_interaction",
      "decision_path": "fallback",
      "model_latency_seconds": null,
      "model_request_count": null,
      "screen_type": "overworld",
      "observed_screen_type": "overworld",
      "phase_hint": null,
      "position": {
        "map_id": 0,
        "x": 11,
        "y": 12
      },
      "party_size": 1
    },
    {
      "turn": 195966,
      "action": "a",
      "reasoning": "Auto fallback while AI is unavailable: All field directions are currently blocked, so probe the stuck scene with A instead of idling",
      "result": "After a:; no visible state change",
      "decision_source": "api_unavailable_field_interaction",
      "decision_path": "fallback",
      "model_latency_seconds": null,
      "model_request_count": null,
      "screen_type": "overworld",
      "observed_screen_type": "overworld",
      "phase_hint": null,
      "position": {
        "map_id": 0,
        "x": 11,
        "y": 12
      },
      "party_size": 1
    },
    {
      "turn": 195967,
      "action": "a",
      "reasoning": "Auto fallback while AI is unavailable: All field directions are currently blocked, so probe the stuck scene with A instead of idling",
      "result": "After a:; no visible state change",
      "decision_source": "api_unavailable_field_interaction",
      "decision_path": "fallback",
      "model_latency_seconds": null,
      "model_request_count": null,
      "screen_type": "overworld",
      "observed_screen_type": "overworld",
      "phase_hint": null,
      "position": {
        "map_id": 0,
        "x": 11,
        "y": 12
      },
      "party_size": 1
    },
    {
      "turn": 195968,
      "action": "a",
      "reasoning": "Auto fallback while AI is unavailable: All field directions are currently blocked, so probe the stuck scene with A instead of idling",
      "result": "After a:; no visible state change",
      "decision_source": "api_unavailable_field_interaction",
      "decision_path": "fallback",
      "model_latency_seconds": null,
      "model_request_count": null,
      "screen_type": "overworld",
      "observed_screen_type": "overworld",
      "phase_hint": null,
      "position": {
        "map_id": 0,
        "x": 11,
        "y": 12
      },
      "party_size": 1
    },
    {
      "turn": 195969,
      "action": "a",
      "reasoning": "Auto fallback while AI is unavailable: All field directions are currently blocked, so probe the stuck scene with A instead of idling",
      "result": "After a:; no visible state change",
      "decision_source": "api_unavailable_field_interaction",
      "decision_path": "fallback",
      "model_latency_seconds": null,
      "model_request_count": null,
      "screen_type": "overworld",
      "observed_screen_type": "overworld",
      "phase_hint": null,
      "position": {
        "map_id": 0,
        "x": 11,
        "y": 12
      },
      "party_size": 1
    },
    {
      "turn": 195970,
      "action": "b",
      "reasoning": "Auto fallback while AI is unavailable: All field directions are currently blocked, so probe the stuck scene with B instead of idling",
      "result": "After b:; no visible state change",
      "decision_source": "api_unavailable_field_interaction",
      "decision_path": "fallback",
      "model_latency_seconds": null,
      "model_request_count": null,
      "screen_type": "overworld",
      "observed_screen_type": "overworld",
      "phase_hint": null,
      "position": {
        "map_id": 0,
        "x": 11,
        "y": 12
      },
      "party_size": 1
    },
    {
      "turn": 195971,
      "action": "a",
      "reasoning": "Auto fallback while AI is unavailable: All field directions are currently blocked, so probe the stuck scene with A instead of idling",
      "result": "After a:; no visible state change",
      "decision_source": "api_unavailable_field_interaction",
      "decision_path": "fallback",
      "model_latency_seconds": null,
      "model_request_count": null,
      "screen_type": "overworld",
      "observed_screen_type": "overworld",
      "phase_hint": null,
      "position": {
        "map_id": 0,
        "x": 11,
        "y": 12
      },
      "party_size": 1
    },
    {
      "turn": 195972,
      "action": "a",
      "reasoning": "Auto fallback while AI is unavailable: All field directions are currently blocked, so probe the stuck scene with A instead of idling",
      "result": "After a:; no visible state change",
      "decision_source": "api_unavailable_field_interaction",
      "decision_path": "fallback",
      "model_latency_seconds": null,
      "model_request_count": null,
      "screen_type": "overworld",
      "observed_screen_type": "overworld",
      "phase_hint": null,
      "position": {
        "map_id": 0,
        "x": 11,
        "y": 12
      },
      "party_size": 1
    },
    {
      "turn": 195973,
      "action": "a",
      "reasoning": "Auto fallback while AI is unavailable: All field directions are currently blocked, so probe the stuck scene with A instead of idling",
      "result": "After a:; no visible state change",
      "decision_source": "api_unavailable_field_interaction",
      "decision_path": "fallback",
      "model_latency_seconds": null,
      "model_request_count": null,
      "screen_type": "overworld",
      "observed_screen_type": "overworld",
      "phase_hint": null,
      "position": {
        "map_id": 0,
        "x": 11,
        "y": 12
      },
      "party_size": 1
    },
    {
      "turn": 195974,
      "action": "a",
      "reasoning": "Auto fallback while AI is unavailable: All field directions are currently blocked, so probe the stuck scene with A instead of idling",
      "result": "After a:; no visible state change",
      "decision_source": "api_unavailable_field_interaction",
      "decision_path": "fallback",
      "model_latency_seconds": null,
      "model_request_count": null,
      "screen_type": "overworld",
      "observed_screen_type": "overworld",
      "phase_hint": null,
      "position": {
        "map_id": 0,
        "x": 11,
        "y": 12
      },
      "party_size": 1
    },
    {
      "turn": 195975,
      "action": "b",
      "reasoning": "Auto fallback while AI is unavailable: All field directions are currently blocked, so probe the stuck scene with B instead of idling",
      "result": "After b:; no visible state change",
      "decision_source": "api_unavailable_field_interaction",
      "decision_path": "fallback",
      "model_latency_seconds": null,
      "model_request_count": null,
      "screen_type": "overworld",
      "observed_screen_type": "overworld",
      "phase_hint": null,
      "position": {
        "map_id": 0,
        "x": 11,
        "y": 12
      },
      "party_size": 1
    },
    {
      "turn": 195976,
      "action": "a",
      "reasoning": "Auto fallback while AI is unavailable: All field directions are currently blocked, so probe the stuck scene with A instead of idling",
      "result": "After a:; no visible state change",
      "decision_source": "api_unavailable_field_interaction",
      "decision_path": "fallback",
      "model_latency_seconds": null,
      "model_request_count": null,
      "screen_type": "overworld",
      "observed_screen_type": "overworld",
      "phase_hint": null,
      "position": {
        "map_id": 0,
        "x": 11,
        "y": 12
      },
      "party_size": 1
    },
    {
      "turn": 195977,
      "action": "a",
      "reasoning": "Auto fallback while AI is unavailable: All field directions are currently blocked, so probe the stuck scene with A instead of idling",
      "result": "After a:; no visible state change",
      "decision_source": "api_unavailable_field_interaction",
      "decision_path": "fallback",
      "model_latency_seconds": null,
      "model_request_count": null,
      "screen_type": "overworld",
      "observed_screen_type": "overworld",
      "phase_hint": null,
      "position": {
        "map_id": 0,
        "x": 11,
        "y": 12
      },
      "party_size": 1
    },
    {
      "turn": 195978,
      "action": "a",
      "reasoning": "Auto fallback while AI is unavailable: All field directions are currently blocked, so probe the stuck scene with A instead of idling",
      "result": "After a:; no visible state change",
      "decision_source": "api_unavailable_field_interaction",
      "decision_path": "fallback",
      "model_latency_seconds": null,
      "model_request_count": null,
      "screen_type": "overworld",
      "observed_screen_type": "overworld",
      "phase_hint": null,
      "position": {
        "map_id": 0,
        "x": 11,
        "y": 12
      },
      "party_size": 1
    },
    {
      "turn": 195979,
      "action": "a",
      "reasoning": "Auto fallback while AI is unavailable: All field directions are currently blocked, so probe the stuck scene with A instead of idling",
      "result": "After a:; no visible state change",
      "decision_source": "api_unavailable_field_interaction",
      "decision_path": "fallback",
      "model_latency_seconds": null,
      "model_request_count": null,
      "screen_type": "overworld",
      "observed_screen_type": "overworld",
      "phase_hint": null,
      "position": {
        "map_id": 0,
        "x": 11,
        "y": 12
      },
      "party_size": 1
    },
    {
      "turn": 195980,
      "action": "b",
      "reasoning": "Auto fallback while AI is unavailable: All field directions are currently blocked, so probe the stuck scene with B instead of idling",
      "result": "After b:; no visible state change",
      "decision_source": "api_unavailable_field_interaction",
      "decision_path": "fallback",
      "model_latency_seconds": null,
      "model_request_count": null,
      "screen_type": "overworld",
      "observed_screen_type": "overworld",
      "phase_hint": null,
      "position": {
        "map_id": 0,
        "x": 11,
        "y": 12
      },
      "party_size": 1
    },
    {
      "turn": 195981,
      "action": "a",
      "reasoning": "Auto fallback while AI is unavailable: All field directions are currently blocked, so probe the stuck scene with A instead of idling",
      "result": "After a:; no visible state change",
      "decision_source": "api_unavailable_field_interaction",
      "decision_path": "fallback",
      "model_latency_seconds": null,
      "model_request_count": null,
      "screen_type": "overworld",
      "observed_screen_type": "overworld",
      "phase_hint": null,
      "position": {
        "map_id": 0,
        "x": 11,
        "y": 12
      },
      "party_size": 1
    },
    {
      "turn": 195982,
      "action": "a",
      "reasoning": "Auto fallback while AI is unavailable: All field directions are currently blocked, so probe the stuck scene with A instead of idling",
      "result": "After a:; no visible state change",
      "decision_source": "api_unavailable_field_interaction",
      "decision_path": "fallback",
      "model_latency_seconds": null,
      "model_request_count": null,
      "screen_type": "overworld",
      "observed_screen_type": "overworld",
      "phase_hint": null,
      "position": {
        "map_id": 0,
        "x": 11,
        "y": 12
      },
      "party_size": 1
    },
    {
      "turn": 195983,
      "action": "a",
      "reasoning": "Auto fallback while AI is unavailable: All field directions are currently blocked, so probe the stuck scene with A instead of idling",
      "result": "After a:; no visible state change",
      "decision_source": "api_unavailable_field_interaction",
      "decision_path": "fallback",
      "model_latency_seconds": null,
      "model_request_count": null,
      "screen_type": "overworld",
      "observed_screen_type": "overworld",
      "phase_hint": null,
      "position": {
        "map_id": 0,
        "x": 11,
        "y": 12
      },
      "party_size": 1
    },
    {
      "turn": 195984,
      "action": "left",
      "reasoning": "The screenshot shows the player standing outside a house in Pallet Town with open walkable space to the left, so we should resume systematic exploration instead of pressing A again.",
      "result": "After left:; position did not change",
      "decision_source": "ai",
      "decision_path": "ai",
      "model_latency_seconds": 7.536,
      "model_request_count": 1,
      "screen_type": "overworld",
      "observed_screen_type": "overworld",
      "phase_hint": null,
      "position": {
        "map_id": 0,
        "x": 11,
        "y": 12
      },
      "party_size": 1
    },
    {
      "turn": 195985,
      "action": "up",
      "reasoning": "The screenshot shows the player standing directly below the lab door in Pallet Town, and moving up should enter the lab to continue the mandatory Oak intro sequence.",
      "result": "After up:; position did not change",
      "decision_source": "ai",
      "decision_path": "ai",
      "model_latency_seconds": 7.763,
      "model_request_count": 1,
      "screen_type": "overworld",
      "observed_screen_type": "overworld",
      "phase_hint": "overworld",
      "position": {
        "map_id": 0,
        "x": 11,
        "y": 12
      },
      "party_size": 1
    },
    {
      "turn": 195986,
      "action": "up",
      "reasoning": "The screenshot shows the player one tile below Oak's lab door in Pallet Town, so moving up should enter the building and continue the mandatory intro sequence.",
      "result": "After up:; position did not change",
      "decision_source": "ai",
      "decision_path": "ai",
      "model_latency_seconds": 5.249,
      "model_request_count": 1,
      "screen_type": "overworld",
      "observed_screen_type": "overworld",
      "phase_hint": "overworld",
      "position": {
        "map_id": 0,
        "x": 11,
        "y": 12
      },
      "party_size": 1
    },
    {
      "turn": 195987,
      "action": "up",
      "reasoning": "The screenshot shows the player standing one tile below Oak's lab door with the path above clear, so the next concrete step is to enter the lab.",
      "result": "After up:; position did not change",
      "decision_source": "ai",
      "decision_path": "ai",
      "model_latency_seconds": 6.078,
      "model_request_count": 1,
      "screen_type": "overworld",
      "observed_screen_type": "overworld",
      "phase_hint": "overworld",
      "position": {
        "map_id": 0,
        "x": 11,
        "y": 12
      },
      "party_size": 1
    },
    {
      "turn": 195988,
      "action": "right",
      "reasoning": "The screenshot shows the player standing directly below Oak's lab entrance and the prior blocked attempts suggest the exact alignment is off, so stepping right should line up with the door tile.",
      "result": "After right:; position did not change",
      "decision_source": "ai",
      "decision_path": "ai",
      "model_latency_seconds": 5.198,
      "model_request_count": 1,
      "screen_type": "overworld",
      "observed_screen_type": "overworld",
      "phase_hint": "overworld",
      "position": {
        "map_id": 0,
        "x": 11,
        "y": 12
      },
      "party_size": 1
    },
    {
      "turn": 195989,
      "action": "right",
      "reasoning": "The screenshot shows the player one tile left of the lab door rather than centered on it, so moving right should align with the entrance instead of pushing a blocked wall tile.",
      "result": "After right:; position did not change",
      "decision_source": "ai",
      "decision_path": "ai",
      "model_latency_seconds": 5.128,
      "model_request_count": 1,
      "screen_type": "overworld",
      "observed_screen_type": "overworld",
      "phase_hint": "overworld",
      "position": {
        "map_id": 0,
        "x": 11,
        "y": 12
      },
      "party_size": 1
    },
    {
      "turn": 195990,
      "action": "left",
      "reasoning": "The screenshot shows the player one tile below and one tile to the right of the lab door, so moving left should align with the entrance.",
      "result": "After left:; moved from (11,12) to (12,12) on map 0",
      "decision_source": "ai",
      "decision_path": "ai",
      "model_latency_seconds": 5.278,
      "model_request_count": 1,
      "screen_type": "overworld",
      "observed_screen_type": "overworld",
      "phase_hint": "overworld",
      "position": {
        "map_id": 0,
        "x": 11,
        "y": 12
      },
      "party_size": 1
    },
    {
      "turn": 195991,
      "action": "up",
      "reasoning": "The screenshot shows the player standing on the door tile directly in front of Oak's Lab, so pressing up should trigger the entrance warp.",
      "result": "After up:; position did not change",
      "decision_source": "ai",
      "decision_path": "ai",
      "model_latency_seconds": 6.213,
      "model_request_count": 1,
      "screen_type": "overworld",
      "observed_screen_type": "overworld",
      "phase_hint": "overworld",
      "position": {
        "map_id": 0,
        "x": 12,
        "y": 12
      },
      "party_size": 1
    },
    {
      "turn": 195992,
      "action": "up",
      "reasoning": "The screenshot shows the player directly below Oak's Lab doorway and previous up attempts failed, so the likely issue is needing to face the door first before entering.",
      "result": "After up:; position did not change",
      "decision_source": "ai",
      "decision_path": "ai",
      "model_latency_seconds": 5.372,
      "model_request_count": 1,
      "screen_type": "overworld",
      "observed_screen_type": "overworld",
      "phase_hint": "overworld",
      "position": {
        "map_id": 0,
        "x": 12,
        "y": 12
      },
      "party_size": 1
    },
    {
      "turn": 195993,
      "action": "up",
      "reasoning": "The screenshot shows the player one tile below Oak's Lab door rather than on the doorway, so moving up should step onto the entrance tile before trying to warp.",
      "result": "After up:; warped from map 0 (12,12) to map 40 (12,11); screen changed from overworld to indoor",
      "decision_source": "ai",
      "decision_path": "ai",
      "model_latency_seconds": 5.33,
      "model_request_count": 1,
      "screen_type": "overworld",
      "observed_screen_type": "overworld",
      "phase_hint": "overworld",
      "position": {
        "map_id": 0,
        "x": 12,
        "y": 12
      },
      "party_size": 1
    },
    {
      "turn": 195994,
      "action": "up",
      "reasoning": "Guard: recently warped into this map; avoid the reverse re-entry action down until you move away from the doorway. Move up instead.",
      "result": "After up:; moved from (12,11) to (5,11) on map 40",
      "decision_source": "recent_warp_buffer_guard",
      "decision_path": "tool",
      "model_latency_seconds": null,
      "model_request_count": null,
      "screen_type": "indoor",
      "observed_screen_type": "indoor",
      "phase_hint": "overworld",
      "position": {
        "map_id": 40,
        "x": 12,
        "y": 11
      },
      "party_size": 1
    },
    {
      "turn": 195995,
      "action": "up",
      "reasoning": "The screenshot shows the player just inside Oak's Lab with Professor Oak to the upper left, so moving up advances deeper into the room toward the mandatory NPCs instead of stepping back onto the exit.",
      "result": "After up:; position did not change",
      "decision_source": "ai",
      "decision_path": "ai",
      "model_latency_seconds": 6.532,
      "model_request_count": 1,
      "screen_type": "indoor",
      "observed_screen_type": "indoor",
      "phase_hint": null,
      "position": {
        "map_id": 40,
        "x": 5,
        "y": 11
      },
      "party_size": 1
    },
    {
      "turn": 195996,
      "action": "right",
      "reasoning": "The player is inside Oak's Lab near the entrance aisle with open floor to the right, while moving up just failed and left risks the exit warp.",
      "result": "After right:; position did not change",
      "decision_source": "ai",
      "decision_path": "ai",
      "model_latency_seconds": 5.311,
      "model_request_count": 1,
      "screen_type": "indoor",
      "observed_screen_type": "indoor",
      "phase_hint": "indoor",
      "position": {
        "map_id": 40,
        "x": 5,
        "y": 11
      },
      "party_size": 1
    },
    {
      "turn": 195997,
      "action": "right",
      "reasoning": "Planner guard: current local navigation is stalled, looping, or sitting on a risky warp fringe. Planner: leave the weaker local frontier via right. Current tile is a weaker local frontier (score -6.25, pressure 13, visits 7). A stronger frontier at (12, 11) scores 34.8; prefer right instead of probing every adjacent unknown here.",
      "result": "After right:; moved from (5,11) to (6,11) on map 40",
      "decision_source": "guided_navigation_escape",
      "decision_path": "tool",
      "model_latency_seconds": null,
      "model_request_count": null,
      "screen_type": "indoor",
      "observed_screen_type": "indoor",
      "phase_hint": "indoor",
      "position": {
        "map_id": 40,
        "x": 5,
        "y": 11
      },
      "party_size": 1
    },
    {
      "turn": 195998,
      "action": "right",
      "reasoning": "The screenshot shows the player in Oak's Lab aisle with open floor directly to the right and the stronger frontier is farther right toward the room's center and mandatory NPCs.",
      "result": "After right:; position did not change",
      "decision_source": "ai",
      "decision_path": "ai",
      "model_latency_seconds": 6.598,
      "model_request_count": 1,
      "screen_type": "indoor",
      "observed_screen_type": "indoor",
      "phase_hint": null,
      "position": {
        "map_id": 40,
        "x": 6,
        "y": 11
      },
      "party_size": 1
    },
    {
      "turn": 195999,
      "action": "up",
      "reasoning": "The screenshot shows the player in Oak's Lab with open floor directly above toward the middle of the room and a scientist to the upper right, so probing up advances exploration instead of repeating the blocked right.",
      "result": "After up:; moved from (6,11) to (7,11) on map 40",
      "decision_source": "ai",
      "decision_path": "ai",
      "model_latency_seconds": 5.963,
      "model_request_count": 1,
      "screen_type": "indoor",
      "observed_screen_type": "indoor",
      "phase_hint": "indoor",
      "position": {
        "map_id": 40,
        "x": 6,
        "y": 11
      },
      "party_size": 1
    },
    {
      "turn": 196000,
      "action": "right",
      "reasoning": "AI plan: The screenshot shows the player in Oak's Lab with open floor directly above toward the middle of the room and a scientist to the upper right, so probing up advances exploration instead of repeating the blocked right. | follow up, right, up",
      "result": "After right:; position did not change",
      "decision_source": "cached_ai_plan",
      "decision_path": "tool",
      "model_latency_seconds": null,
      "model_request_count": null,
      "screen_type": "indoor",
      "observed_screen_type": "indoor",
      "phase_hint": "indoor",
      "position": {
        "map_id": 40,
        "x": 7,
        "y": 11
      },
      "party_size": 1
    },
    {
      "turn": 196001,
      "action": "up",
      "reasoning": "The screenshot shows open floor directly above the player in Oak's Lab toward the central aisle and nearby NPCs, while right was just blocked.",
      "result": "After up:; moved from (7,11) to (8,11) on map 40",
      "decision_source": "ai",
      "decision_path": "ai",
      "model_latency_seconds": 6.405,
      "model_request_count": 1,
      "screen_type": "indoor",
      "observed_screen_type": "indoor",
      "phase_hint": null,
      "position": {
        "map_id": 40,
        "x": 7,
        "y": 11
      },
      "party_size": 1
    },
    {
      "turn": 196002,
      "action": "up",
      "reasoning": "The screenshot shows the player standing directly below Professor Oak in the lab with no dialogue box, so moving up should initiate the mandatory conversation.",
      "result": "After up:; position did not change",
      "decision_source": "ai",
      "decision_path": "ai",
      "model_latency_seconds": 5.107,
      "model_request_count": 1,
      "screen_type": "indoor",
      "observed_screen_type": "indoor",
      "phase_hint": "indoor",
      "position": {
        "map_id": 40,
        "x": 8,
        "y": 11
      },
      "party_size": 1
    },
    {
      "turn": 196003,
      "action": "down",
      "reasoning": "AI plan: The screenshot shows the player standing directly below Professor Oak in the lab with no dialogue box, so moving up should initiate the mandatory conversation. | follow up, down",
      "result": "After down:; position did not change",
      "decision_source": "cached_ai_plan",
      "decision_path": "tool",
      "model_latency_seconds": null,
      "model_request_count": null,
      "screen_type": "indoor",
      "observed_screen_type": "indoor",
      "phase_hint": "indoor",
      "position": {
        "map_id": 40,
        "x": 8,
        "y": 11
      },
      "party_size": 1
    },
    {
      "turn": 196004,
      "action": "a",
      "reasoning": "The screenshot shows the player standing directly below an NPC in Oak's Lab and movement into him was blocked, so pressing A should start the required conversation.",
      "result": "After a:; no visible state change",
      "decision_source": "ai",
      "decision_path": "ai",
      "model_latency_seconds": 8.093,
      "model_request_count": 1,
      "screen_type": "indoor",
      "observed_screen_type": "indoor",
      "phase_hint": null,
      "position": {
        "map_id": 40,
        "x": 8,
        "y": 11
      },
      "party_size": 1
    },
    {
      "turn": 196005,
      "action": "a",
      "reasoning": "The screenshot shows the player directly facing an NPC in Oak's Lab with no text box, so the next concrete step is to try talking again from the correct facing.",
      "result": "After a:; no visible state change",
      "decision_source": "ai",
      "decision_path": "ai",
      "model_latency_seconds": 7.263,
      "model_request_count": 1,
      "screen_type": "indoor",
      "observed_screen_type": "indoor",
      "phase_hint": "indoor",
      "position": {
        "map_id": 40,
        "x": 8,
        "y": 11
      },
      "party_size": 1
    },
    {
      "turn": 196006,
      "action": "up",
      "reasoning": "The player is standing directly below the NPC but facing downward, so turning to face him is the next concrete step before talking.",
      "result": "After up:; position did not change",
      "decision_source": "ai",
      "decision_path": "ai",
      "model_latency_seconds": 6.326,
      "model_request_count": 1,
      "screen_type": "indoor",
      "observed_screen_type": "indoor",
      "phase_hint": "indoor",
      "position": {
        "map_id": 40,
        "x": 8,
        "y": 11
      },
      "party_size": 1
    },
    {
      "turn": 196007,
      "action": "a",
      "reasoning": "The screenshot shows the player directly below Oak and facing him with no dialogue box, so pressing A should start the mandatory lab conversation.",
      "result": "After a:; no visible state change",
      "decision_source": "ai",
      "decision_path": "ai",
      "model_latency_seconds": 5.628,
      "model_request_count": 1,
      "screen_type": "indoor",
      "observed_screen_type": "indoor",
      "phase_hint": "indoor",
      "position": {
        "map_id": 40,
        "x": 8,
        "y": 11
      },
      "party_size": 1
    },
    {
      "turn": 196008,
      "action": "right",
      "reasoning": "The screenshot shows the player still directly below Oak with A having failed repeatedly, so the next concrete step is to move away and explore the stronger frontier to the right.",
      "result": "After right:; position did not change; screen changed from indoor to dialogue; text box opened",
      "decision_source": "ai",
      "decision_path": "ai",
      "model_latency_seconds": 5.986,
      "model_request_count": 1,
      "screen_type": "indoor",
      "observed_screen_type": "indoor",
      "phase_hint": "indoor",
      "position": {
        "map_id": 40,
        "x": 8,
        "y": 11
      },
      "party_size": 1
    },
    {
      "turn": 196009,
      "action": "a",
      "reasoning": "A text box is open with dialogue beginning, so the next mandatory step is to advance it.",
      "result": "After a:; text box remains active",
      "decision_source": "ai",
      "decision_path": "ai",
      "model_latency_seconds": 4.891,
      "model_request_count": 1,
      "screen_type": "dialogue",
      "observed_screen_type": "dialogue",
      "phase_hint": "indoor",
      "position": {
        "map_id": 40,
        "x": 8,
        "y": 11
      },
      "party_size": 1
    },
    {
      "turn": 196010,
      "action": "a",
      "reasoning": "The text box is open with Oak speaking (\"I study PO\"), so the next mandatory step is to advance the dialogue.",
      "result": "After a:; text box remains active",
      "decision_source": "ai",
      "decision_path": "ai",
      "model_latency_seconds": 4.77,
      "model_request_count": 1,
      "screen_type": "dialogue",
      "observed_screen_type": "dialogue",
      "phase_hint": "dialogue",
      "position": {
        "map_id": 40,
        "x": 8,
        "y": 11
      },
      "party_size": 1
    },
    {
      "turn": 196011,
      "action": "a",
      "reasoning": "Oak's dialogue text is visible in the open text box, so the next required step is to advance it.",
      "result": "After a:; text box remains active",
      "decision_source": "ai",
      "decision_path": "ai",
      "model_latency_seconds": 5.286,
      "model_request_count": 1,
      "screen_type": "dialogue",
      "observed_screen_type": "dialogue",
      "phase_hint": "dialogue",
      "position": {
        "map_id": 40,
        "x": 8,
        "y": 11
      },
      "party_size": 1
    },
    {
      "turn": 196012,
      "action": "a",
      "reasoning": "The dialogue box is still open with Oak's introductory text visible, so the next mandatory step is to continue the conversation.",
      "result": "After a:; text box remains active",
      "decision_source": "ai",
      "decision_path": "ai",
      "model_latency_seconds": 5.045,
      "model_request_count": 1,
      "screen_type": "dialogue",
      "observed_screen_type": "dialogue",
      "phase_hint": "dialogue",
      "position": {
        "map_id": 40,
        "x": 8,
        "y": 11
      },
      "party_size": 1
    },
    {
      "turn": 196013,
      "action": "a",
      "reasoning": "The text box is still open with Oak's aide dialogue visible, so the required next step is to advance it.",
      "result": "After a:; screen changed from dialogue to indoor; text box closed",
      "decision_source": "ai",
      "decision_path": "ai",
      "model_latency_seconds": 6.355,
      "model_request_count": 1,
      "screen_type": "dialogue",
      "observed_screen_type": "dialogue",
      "phase_hint": "dialogue",
      "position": {
        "map_id": 40,
        "x": 8,
        "y": 11
      },
      "party_size": 1
    },
    {
      "turn": 196014,
      "action": "right",
      "reasoning": "Planner guard: current local navigation is stalled, looping, or sitting on a risky warp fringe. Planner: leave the weaker local frontier via right. Current tile is a weaker local frontier (score -31.75, pressure 17, visits 13). A stronger frontier at (12, 11) scores 34.1; prefer right instead of probing every adjacent unknown here.",
      "result": "After right:; moved from (8,11) to (9,11) on map 40",
      "decision_source": "guided_navigation_escape",
      "decision_path": "tool",
      "model_latency_seconds": null,
      "model_request_count": null,
      "screen_type": "indoor",
      "observed_screen_type": "indoor",
      "phase_hint": "dialogue",
      "position": {
        "map_id": 40,
        "x": 8,
        "y": 11
      },
      "party_size": 1
    },
    {
      "turn": 196015,
      "action": "right",
      "reasoning": "Planner guard: current local navigation is stalled, looping, or sitting on a risky warp fringe. Planner: leave the weaker local frontier via right. Current tile is a weaker local frontier (score 19.25, pressure 16, visits 1). A stronger frontier at (12, 11) scores 34.45; prefer right instead of probing every adjacent unknown here.",
      "result": "After right:; position did not change",
      "decision_source": "guided_navigation_escape",
      "decision_path": "tool",
      "model_latency_seconds": null,
      "model_request_count": null,
      "screen_type": "indoor",
      "observed_screen_type": "indoor",
      "phase_hint": null,
      "position": {
        "map_id": 40,
        "x": 9,
        "y": 11
      },
      "party_size": 1
    },
    {
      "turn": 196016,
      "action": "right",
      "reasoning": "Planner guard: current local navigation is stalled, looping, or sitting on a risky warp fringe. Planner: leave the weaker local frontier via right. Current tile is a weaker local frontier (score 14.0, pressure 17, visits 2). A stronger frontier at (12, 11) scores 34.45; prefer right instead of probing every adjacent unknown here.",
      "result": "After right:; position did not change",
      "decision_source": "guided_navigation_escape",
      "decision_path": "tool",
      "model_latency_seconds": null,
      "model_request_count": null,
      "screen_type": "indoor",
      "observed_screen_type": "indoor",
      "phase_hint": null,
      "position": {
        "map_id": 40,
        "x": 9,
        "y": 11
      },
      "party_size": 1
    },
    {
      "turn": 196017,
      "action": "up",
      "reasoning": "Planner guard: current local navigation is stalled, looping, or sitting on a risky warp fringe. Planner: leave the weaker local frontier via up. Current tile is a weaker local frontier (score 8.75, pressure 18, visits 3). A stronger frontier at (12, 11) scores 34.45; prefer right instead of probing every adjacent unknown here.",
      "result": "After up:; moved from (9,11) to (9,10) on map 40",
      "decision_source": "guided_navigation_escape",
      "decision_path": "tool",
      "model_latency_seconds": null,
      "model_request_count": null,
      "screen_type": "indoor",
      "observed_screen_type": "indoor",
      "phase_hint": null,
      "position": {
        "map_id": 40,
        "x": 9,
        "y": 11
      },
      "party_size": 1
    },
    {
      "turn": 196018,
      "action": "right",
      "reasoning": "Planner guard: current local navigation is stalled, looping, or sitting on a risky warp fringe. Planner: leave the weaker local frontier via right. Current tile is a weaker local frontier (score 12.0, pressure 19, visits 1). A stronger frontier at (12, 11) scores 32.35; prefer right instead of probing every adjacent unknown here.",
      "result": "After right:; position did not change",
      "decision_source": "guided_navigation_escape",
      "decision_path": "tool",
      "model_latency_seconds": null,
      "model_request_count": null,
      "screen_type": "indoor",
      "observed_screen_type": "indoor",
      "phase_hint": null,
      "position": {
        "map_id": 40,
        "x": 9,
        "y": 10
      },
      "party_size": 1
    },
    {
      "turn": 196019,
      "action": "right",
      "reasoning": "Planner guard: current local navigation is stalled, looping, or sitting on a risky warp fringe. Planner: leave the weaker local frontier via right. Current tile is a weaker local frontier (score 6.75, pressure 20, visits 2). A stronger frontier at (12, 11) scores 32.35; prefer right instead of probing every adjacent unknown here.",
      "result": "After right:; position did not change",
      "decision_source": "guided_navigation_escape",
      "decision_path": "tool",
      "model_latency_seconds": null,
      "model_request_count": null,
      "screen_type": "indoor",
      "observed_screen_type": "indoor",
      "phase_hint": null,
      "position": {
        "map_id": 40,
        "x": 9,
        "y": 10
      },
      "party_size": 1
    },
    {
      "turn": 196020,
      "action": "down",
      "reasoning": "Planner guard: current local navigation is stalled, looping, or sitting on a risky warp fringe. Planner: leave the weaker local frontier via down. Current tile is a weaker local frontier (score 1.5, pressure 21, visits 3). A stronger frontier at (12, 11) scores 32.35; prefer down instead of probing every adjacent unknown here.",
      "result": "After down:; moved from (9,10) to (9,11) on map 40",
      "decision_source": "guided_navigation_escape",
      "decision_path": "tool",
      "model_latency_seconds": null,
      "model_request_count": null,
      "screen_type": "indoor",
      "observed_screen_type": "indoor",
      "phase_hint": null,
      "position": {
        "map_id": 40,
        "x": 9,
        "y": 10
      },
      "party_size": 1
    },
    {
      "turn": 196021,
      "action": "left",
      "reasoning": "The screenshot shows the player just below and to the right of an NPC inside the lab with no dialogue open, so stepping left explores a new tile and lines up for possible interaction progress.",
      "result": "After left:; position did not change",
      "decision_source": "ai",
      "decision_path": "ai",
      "model_latency_seconds": 5.346,
      "model_request_count": 1,
      "screen_type": "indoor",
      "observed_screen_type": "indoor",
      "phase_hint": null,
      "position": {
        "map_id": 40,
        "x": 9,
        "y": 11
      },
      "party_size": 1
    },
    {
      "turn": 196022,
      "action": "down",
      "reasoning": "Use local navigation hints to keep exploring via down. Original WAIT reasoning: Same-turn AI retry budget exhausted after 3 attempts over 41.3s: AI request failed: HTTPSConnectionPool(host='api.ququ233.com', port=443): Read timed out. (read timeout=25)",
      "result": "After down:; position did not change",
      "decision_source": "wait_rewrite_ai_error",
      "decision_path": "tool",
      "model_latency_seconds": null,
      "model_request_count": null,
      "screen_type": "indoor",
      "observed_screen_type": "indoor",
      "phase_hint": "indoor",
      "position": {
        "map_id": 40,
        "x": 9,
        "y": 11
      },
      "party_size": 1
    },
    {
      "turn": 196023,
      "action": "down",
      "reasoning": "Use local navigation hints to keep exploring via down. Original WAIT reasoning: API cooldown active for 1.8s after recent request failures",
      "result": "After down:; position did not change",
      "decision_source": "wait_rewrite_ai_cooldown",
      "decision_path": "tool",
      "model_latency_seconds": null,
      "model_request_count": null,
      "screen_type": "indoor",
      "observed_screen_type": "indoor",
      "phase_hint": "indoor",
      "position": {
        "map_id": 40,
        "x": 9,
        "y": 11
      },
      "party_size": 1
    },
    {
      "turn": 196024,
      "action": "down",
      "reasoning": "Use local navigation hints to keep exploring via down. Original WAIT reasoning: API cooldown active for 1.7s after recent request failures",
      "result": "After down:; position did not change",
      "decision_source": "wait_rewrite_ai_cooldown",
      "decision_path": "tool",
      "model_latency_seconds": null,
      "model_request_count": null,
      "screen_type": "indoor",
      "observed_screen_type": "indoor",
      "phase_hint": "indoor",
      "position": {
        "map_id": 40,
        "x": 9,
        "y": 11
      },
      "party_size": 1
    },
    {
      "turn": 196025,
      "action": "left",
      "reasoning": "Use local navigation hints to keep exploring via left. Original WAIT reasoning: API cooldown active for 1.5s after recent request failures",
      "result": "After left:; moved from (9,11) to (8,11) on map 40",
      "decision_source": "wait_rewrite_ai_cooldown",
      "decision_path": "tool",
      "model_latency_seconds": null,
      "model_request_count": null,
      "screen_type": "indoor",
      "observed_screen_type": "indoor",
      "phase_hint": "indoor",
      "position": {
        "map_id": 40,
        "x": 9,
        "y": 11
      },
      "party_size": 1
    },
    {
      "turn": 196026,
      "action": "up",
      "reasoning": "Planner guard: current local navigation is stalled, looping, or sitting on a risky warp fringe. Planner: leave the weaker local frontier via up. Current tile is a weaker local frontier (score -60.5, pressure 29, visits 14). A stronger frontier at (12, 11) scores 32.35; leave this fringe instead of probing every adjacent unknown here.",
      "result": "After up:; position did not change",
      "decision_source": "guided_navigation_escape",
      "decision_path": "tool",
      "model_latency_seconds": null,
      "model_request_count": null,
      "screen_type": "indoor",
      "observed_screen_type": "indoor",
      "phase_hint": "indoor",
      "position": {
        "map_id": 40,
        "x": 8,
        "y": 11
      },
      "party_size": 1
    },
    {
      "turn": 196027,
      "action": "up",
      "reasoning": "Planner guard: current local navigation is stalled, looping, or sitting on a risky warp fringe. Planner: leave the weaker local frontier via up. Current tile is a weaker local frontier (score -65.75, pressure 30, visits 15). A stronger frontier at (12, 11) scores 32.35; leave this fringe instead of probing every adjacent unknown here.",
      "result": "After up:; position did not change",
      "decision_source": "guided_navigation_escape",
      "decision_path": "tool",
      "model_latency_seconds": null,
      "model_request_count": null,
      "screen_type": "indoor",
      "observed_screen_type": "indoor",
      "phase_hint": null,
      "position": {
        "map_id": 40,
        "x": 8,
        "y": 11
      },
      "party_size": 1
    },
    {
      "turn": 196028,
      "action": "right",
      "reasoning": "Planner guard: current local navigation is stalled, looping, or sitting on a risky warp fringe. Planner: leave the weaker local frontier via right. Current tile is a weaker local frontier (score -71.0, pressure 31, visits 16). A stronger frontier at (12, 11) scores 32.35; prefer right instead of probing every adjacent unknown here.",
      "result": "After right:; moved from (8,11) to (9,11) on map 40",
      "decision_source": "guided_navigation_escape",
      "decision_path": "tool",
      "model_latency_seconds": null,
      "model_request_count": null,
      "screen_type": "indoor",
      "observed_screen_type": "indoor",
      "phase_hint": null,
      "position": {
        "map_id": 40,
        "x": 8,
        "y": 11
      },
      "party_size": 1
    },
    {
      "turn": 196029,
      "action": "down",
      "reasoning": "Auto: replace WAIT with a recovery move to keep field exploration moving. Original WAIT reasoning: API cooldown active for 0.9s after recent request failures",
      "result": "After down:; position did not change",
      "decision_source": "wait_rewrite_ai_cooldown",
      "decision_path": "tool",
      "model_latency_seconds": null,
      "model_request_count": null,
      "screen_type": "indoor",
      "observed_screen_type": "indoor",
      "phase_hint": null,
      "position": {
        "map_id": 40,
        "x": 9,
        "y": 11
      },
      "party_size": 1
    },
    {
      "turn": 196030,
      "action": "a",
      "reasoning": "Auto fallback while AI is unavailable: All field directions are currently blocked, so probe the stuck scene with A instead of idling",
      "result": "After a:; no visible state change",
      "decision_source": "api_unavailable_field_interaction",
      "decision_path": "fallback",
      "model_latency_seconds": null,
      "model_request_count": null,
      "screen_type": "indoor",
      "observed_screen_type": "indoor",
      "phase_hint": "indoor",
      "position": {
        "map_id": 40,
        "x": 9,
        "y": 11
      },
      "party_size": 1
    },
    {
      "turn": 196031,
      "action": "a",
      "reasoning": "Auto fallback while AI is unavailable: All field directions are currently blocked, so probe the stuck scene with A instead of idling",
      "result": "After a:; no visible state change",
      "decision_source": "api_unavailable_field_interaction",
      "decision_path": "fallback",
      "model_latency_seconds": null,
      "model_request_count": null,
      "screen_type": "indoor",
      "observed_screen_type": "indoor",
      "phase_hint": null,
      "position": {
        "map_id": 40,
        "x": 9,
        "y": 11
      },
      "party_size": 1
    },
    {
      "turn": 196032,
      "action": "a",
      "reasoning": "Auto fallback while AI is unavailable: All field directions are currently blocked, so probe the stuck scene with A instead of idling",
      "result": "After a:; no visible state change",
      "decision_source": "api_unavailable_field_interaction",
      "decision_path": "fallback",
      "model_latency_seconds": null,
      "model_request_count": null,
      "screen_type": "indoor",
      "observed_screen_type": "indoor",
      "phase_hint": null,
      "position": {
        "map_id": 40,
        "x": 9,
        "y": 11
      },
      "party_size": 1
    },
    {
      "turn": 196033,
      "action": "a",
      "reasoning": "Auto fallback while AI is unavailable: All field directions are currently blocked, so probe the stuck scene with A instead of idling",
      "result": "After a:; no visible state change",
      "decision_source": "api_unavailable_field_interaction",
      "decision_path": "fallback",
      "model_latency_seconds": null,
      "model_request_count": null,
      "screen_type": "indoor",
      "observed_screen_type": "indoor",
      "phase_hint": null,
      "position": {
        "map_id": 40,
        "x": 9,
        "y": 11
      },
      "party_size": 1
    }
  ]
}
